req_id,requirement_group,requirement_title,owner_layer,owner_component,requirement_text,claim_type,required_proof_depth,runtime_sensitive,side_effect_sensitive,required_artifacts,required_positive_evidence,required_negative_controls,acceptance_rule,fail_closed_if_missing,required_ci_gate,required_matrix_columns,runtime_claim_allowed_rule,final_acceptance_status_rule,notes,best_practice_basis,best_practice_gap_closed,implementation_target_files,verifier_target_files,required_output_artifacts,positive_assertions_to_implement,negative_assertions_to_implement,downgrade_rule,priority,implementation_wave,windsurf_acceptance_command,current_known_status
RTC-REQ-001,Matrix Governance,Canonical requirement universe declared,00X / Certification,Requirement compiler,The certification run MUST declare one canonical requirement universe and count before evaluating any row.,STATIC_ENFORCEMENT,E2_STATIC_CHECK,false,false,canonical_universe_manifest; requirement_count_receipt,"Universe source, expected count, actual count, duplicate list, missing list, extra list are emitted.",Missing universe; duplicate IDs; extra IDs; missing IDs.,ACCEPTED only when expected count equals actual distinct count and no duplicate/missing/extra IDs exist.,Block with REQUIREMENT_UNIVERSE_MISMATCH.,verify_runtime_certification_matrix.py,req_id; requirement_text; owner_layer; claim_type; required_proof_depth; actual_proof_depth; final_acceptance_status,false for inventory-only rows,ACCEPTED illegal if canonical universe is unset,Prevents 150 vs 198 vs 200 drift.,Proof-depth certification best practice: evidence type must match claim type.,"Adds explicit proof-depth, artifact, negative, source-of-truth, and fail-closed gates so ACCEPTED cannot hide weaker evidence.",agentic_core/runtime/prove_requirements/*; tests/runtime/test_rtc_req_001.py,scripts/verify_rtc_req_001.py,canonical_universe_manifest; requirement_count_receipt,"Universe source, expected count, actual count, duplicate list, missing list, extra list are emitted.",Missing universe; duplicate IDs; extra IDs; missing IDs.,"Downgrade to PARTIAL/BLOCKED if any required artifact, proof depth, subclaim, negative, replay, OTEL, or integrated-runtime condition is missing.",P0,W0-certification-source-of-truth,python scripts/verify_runtime_certification_matrix.py && python scripts/verify_all_requirements_gates.py && python scripts/verify_all_requirements_merkle_root.py,
RTC-REQ-002,Matrix Governance,Proof depth fields mandatory,00X / Certification,Requirement matrix schema,"Every requirement row MUST include required_proof_depth, actual_proof_depth, proof_depth_status, proof_classification, runtime_claim_allowed, final_acceptance_status, acceptance_caveat, and blocking_gap.",STATIC_ENFORCEMENT,E2_STATIC_CHECK,false,false,schema_validation_report,Schema validator confirms all proof-depth columns exist and are populated according to status rules.,Missing any proof-depth field; invalid enum; empty caveat on PARTIAL/BLOCKED.,ACCEPTED only when all required proof-depth fields are present and valid.,Block with MATRIX_SCHEMA_GAP.,verify_runtime_certification_matrix_schema.py,required_proof_depth; actual_proof_depth; proof_depth_status; proof_classification; runtime_claim_allowed; final_acceptance_status; acceptance_caveat; blocking_gap,runtime_claim_allowed must be explicit,ACCEPTED illegal when status fields are incomplete,Core anti-greenwashing row.,Proof-depth certification best practice: evidence type must match claim type.,"Adds explicit proof-depth, artifact, negative, source-of-truth, and fail-closed gates so ACCEPTED cannot hide weaker evidence.",agentic_core/runtime/prove_requirements/*; tests/runtime/test_rtc_req_002.py,scripts/verify_rtc_req_002.py,schema_validation_report,Schema validator confirms all proof-depth columns exist and are populated according to status rules.,Missing any proof-depth field; invalid enum; empty caveat on PARTIAL/BLOCKED.,"Downgrade to PARTIAL/BLOCKED if any required artifact, proof depth, subclaim, negative, replay, OTEL, or integrated-runtime condition is missing.",P0,W0-certification-source-of-truth,python scripts/verify_runtime_certification_matrix.py && python scripts/verify_all_requirements_gates.py && python scripts/verify_all_requirements_merkle_root.py,
RTC-REQ-003,Matrix Governance,Claim type enum enforced,00X / Certification,Requirement matrix schema,"Every row MUST use an allowed claim_type: DOC_REFERENCE_ONLY, STATIC_CONTRACT, STATIC_ENFORCEMENT, COMPONENT_RUNTIME, COMPOSITION_RUNTIME, INTEGRATED_RUNTIME, OBSERVABILITY_RUNTIME, REPLAY_RUNTIME, NO_BYPASS_RUNTIME, PRODUCTION_DEPENDENCY_RUNTIME.",STATIC_ENFORCEMENT,E2_STATIC_CHECK,false,false,claim_type_validation_report,Validator confirms all claim_type values are from the allowed enum.,Unknown claim_type; blank claim_type; mixed claim types without subclaim rows.,ACCEPTED only when claim_type is valid and compatible with required_proof_depth.,Block with INVALID_CLAIM_TYPE.,verify_runtime_certification_matrix_schema.py,claim_type; subclaim_id; required_proof_depth,runtime_claim_allowed based on claim_type/depth,ACCEPTED illegal with invalid claim_type,Allows separate proof classes instead of one vague PASS.,Proof-depth certification best practice: evidence type must match claim type.,"Adds explicit proof-depth, artifact, negative, source-of-truth, and fail-closed gates so ACCEPTED cannot hide weaker evidence.",agentic_core/runtime/prove_requirements/*; tests/runtime/test_rtc_req_003.py,scripts/verify_rtc_req_003.py,claim_type_validation_report,Validator confirms all claim_type values are from the allowed enum.,Unknown claim_type; blank claim_type; mixed claim types without subclaim rows.,"Downgrade to PARTIAL/BLOCKED if any required artifact, proof depth, subclaim, negative, replay, OTEL, or integrated-runtime condition is missing.",P0,W0-certification-source-of-truth,python scripts/verify_runtime_certification_matrix.py && python scripts/verify_all_requirements_gates.py && python scripts/verify_all_requirements_merkle_root.py,
RTC-REQ-004,Matrix Governance,Acceptance legality rule,00X / Certification,Acceptance validator,The gate MUST fail if final_acceptance_status=ACCEPTED while actual_proof_depth is lower than required_proof_depth.,STATIC_ENFORCEMENT,E2_STATIC_CHECK,false,false,acceptance_legality_report,Validator compares required_proof_depth rank against actual_proof_depth rank for every accepted row.,ACCEPTED row with weaker actual proof; runtime row accepted on static evidence; observability row accepted on in-memory spans.,ACCEPTED only when actual_proof_depth >= required_proof_depth and all required subclaims pass.,Block with ACCEPTANCE_DEPTH_MISMATCH.,verify_runtime_certification_acceptance.py,required_proof_depth; actual_proof_depth; proof_depth_status; final_acceptance_status,false if proof depth is insufficient,ACCEPTED illegal on weaker evidence,Most important rule.,Proof-depth certification best practice: evidence type must match claim type.,"Adds explicit proof-depth, artifact, negative, source-of-truth, and fail-closed gates so ACCEPTED cannot hide weaker evidence.",agentic_core/runtime/prove_requirements/*; tests/runtime/test_rtc_req_004.py,scripts/verify_rtc_req_004.py,acceptance_legality_report,Validator compares required_proof_depth rank against actual_proof_depth rank for every accepted row.,ACCEPTED row with weaker actual proof; runtime row accepted on static evidence; observability row accepted on in-memory spans.,"Downgrade to PARTIAL/BLOCKED if any required artifact, proof depth, subclaim, negative, replay, OTEL, or integrated-runtime condition is missing.",P0,W0-certification-source-of-truth,python scripts/verify_runtime_certification_matrix.py && python scripts/verify_all_requirements_gates.py && python scripts/verify_all_requirements_merkle_root.py,
RTC-REQ-005,Matrix Governance,Reference-only rows cannot claim runtime,00X / Certification,Acceptance validator,DOC_REFERENCE_ONLY rows MUST have runtime_claim_allowed=false and MUST NOT count toward runtime certification.,STATIC_ENFORCEMENT,E2_STATIC_CHECK,false,false,reference_only_policy_report,"Reference-only policy lists all rows and confirms no runtime artifacts, replay claims, or OTEL claims are attached.",Reference-only row with runtime proof claim; fake replay refs; fake OTEL refs.,"ACCEPTED allowed only as reference integrity, not runtime proof.",Block with REFERENCE_RUNTIME_CLAIM.,verify_runtime_certification_acceptance.py,claim_type; runtime_claim_allowed; acceptance_caveat,must be false,ACCEPTED only with caveat explaining no runtime claim,Prevents explanatory rows from inflating runtime proof.,Proof-depth certification best practice: evidence type must match claim type.,"Adds explicit proof-depth, artifact, negative, source-of-truth, and fail-closed gates so ACCEPTED cannot hide weaker evidence.",agentic_core/runtime/prove_requirements/*; tests/runtime/test_rtc_req_005.py,scripts/verify_rtc_req_005.py,reference_only_policy_report,"Reference-only policy lists all rows and confirms no runtime artifacts, replay claims, or OTEL claims are attached.",Reference-only row with runtime proof claim; fake replay refs; fake OTEL refs.,"Downgrade to PARTIAL/BLOCKED if any required artifact, proof depth, subclaim, negative, replay, OTEL, or integrated-runtime condition is missing.",P0,W0-certification-source-of-truth,python scripts/verify_runtime_certification_matrix.py && python scripts/verify_all_requirements_gates.py && python scripts/verify_all_requirements_merkle_root.py,
RTC-REQ-006,Matrix Governance,Subclaim decomposition mandatory,00X / Certification,Requirement compiler,Any requirement with multiple proof obligations MUST be decomposed into subclaim rows or subclaim status columns.,STATIC_ENFORCEMENT,E2_STATIC_CHECK,false,false,subclaim_decomposition_report,Compiler identifies multi-obligation requirements and confirms subclaim representation exists.,"Single row hides model, threshold, tenant, freshness, OTEL, replay, or integrated runtime gaps.",ACCEPTED only when all required subclaims are SATISFIED.,Block with SUBCLAIM_UNDECOMPOSED.,verify_runtime_certification_subclaims.py,req_id; subclaim_id; subclaim_status; blocking_gap,false unless all runtime subclaims pass,ACCEPTED illegal if any required subclaim is PARTIAL/BLOCKED/NOT_PROVEN,Semantic cache depends on this.,Proof-depth certification best practice: evidence type must match claim type.,"Adds explicit proof-depth, artifact, negative, source-of-truth, and fail-closed gates so ACCEPTED cannot hide weaker evidence.",agentic_core/runtime/prove_requirements/*; tests/runtime/test_rtc_req_006.py,scripts/verify_rtc_req_006.py,subclaim_decomposition_report,Compiler identifies multi-obligation requirements and confirms subclaim representation exists.,"Single row hides model, threshold, tenant, freshness, OTEL, replay, or integrated runtime gaps.","Downgrade to PARTIAL/BLOCKED if any required artifact, proof depth, subclaim, negative, replay, OTEL, or integrated-runtime condition is missing.",P0,W0-certification-source-of-truth,python scripts/verify_runtime_certification_matrix.py && python scripts/verify_all_requirements_gates.py && python scripts/verify_all_requirements_merkle_root.py,
RTC-REQ-010,Runtime Chain,Integrated runtime entry point required,U0-L6 / Runtime,Production runtime entrypoint,"Integrated runtime proof MUST be driven by a single production runtime entry point, not by a harness calling layer components one by one.",INTEGRATED_RUNTIME,E6_INTEGRATED_RUNTIME_PROOF,true,false,ValidatedRequest; L1PlanContract; RouteContract_or_TerminalRoutePacket; RuntimeGateVerdictBundle; FinalEvidenceContract_when_grounded; CompiledPromptArtifact_when_model_called; SealedL2Artifact_when_L2_executes; TerminalRetPacket_when_short_circuit; ExitReviewPacket; X1VerdictBundle; X3DispositionReceipt; RuntimeExhaustBundle; OTELSpanTree; ReplayReceipt_when_claimed; NoBypassReceipt,One production API/CLI/function receives request and naturally emits full artifact chain.,Harness sequences layer components and labels it integrated; missing entrypoint; manually stamped artifacts.,INTEGRATED_RUNTIME_PROOF accepted only when integrated_runtime_entrypoint_used=true and artifacts are producer-owned.,Block with INTEGRATED_ENTRYPOINT_MISSING.,verify_integrated_runtime_entrypoint.py,integrated_runtime_entrypoint_used; producer_component; upstream_artifact_ref,true only when entrypoint is production-owned,ACCEPTED illegal for composition harness,Composition proof is not integrated proof.,99 E2E proof bundle minimum standard and composition-vs-integrated proof distinction.,"Adds explicit proof-depth, artifact, negative, source-of-truth, and fail-closed gates so ACCEPTED cannot hide weaker evidence.",agentic_core/runtime/*; agentic_core/L0_routing/*; agentic_core/L3_orchestration/exit_eval/v6/*; scripts/proof/*,scripts/verify_rtc_req_010.py,runtime_certification_report.md; integrated_runtime_bundle.json; artifact_manifest.json; no_bypass_receipt.json,Assert full 99 proof bundle minimum artifact set and producer-owned provenance chain.,"Must include missing artifact, wrong producer, missing upstream ref, no Exit, multiple X3, composition labelled integrated.","Downgrade to PARTIAL/BLOCKED if any required artifact, proof depth, subclaim, negative, replay, OTEL, or integrated-runtime condition is missing.",P0,W2-integrated-runtime-entrypoint,python scripts/verify_runtime_certification_matrix.py && python scripts/verify_all_requirements_gates.py && python scripts/verify_all_requirements_merkle_root.py,Known current state: composition proof exists; integrated runtime entrypoint BLOCKED.
RTC-REQ-011,Runtime Chain,Harness observes only,99 / Proof Harness,Proof harness,"Proof harnesses MAY observe artifacts but MUST NOT stamp, synthesize, or invent production runtime artifacts.",NO_BYPASS_RUNTIME,E4_NEGATIVE_CONTROL,true,false,provenance_chain; no_harness_stamp_receipt,Every artifact has producer_module under production source and upstream_artifact_ref chaining to prior artifact.,producer_module points to script/proof; missing upstream ref; synthetic artifact hash; harness-only class.,ACCEPTED only when all production artifacts are emitted by owning production modules.,Block with HARNESS_STAMPED_ARTIFACT.,verify_artifact_provenance.py,producer_component; producer_module; producer_function_or_class; emitted_at; artifact_hash; upstream_artifact_ref,false if any harness-stamped artifact is used,ACCEPTED illegal when harness stamps production artifacts,Critical for proof integrity.,99 E2E proof bundle minimum standard and composition-vs-integrated proof distinction.,"Adds explicit proof-depth, artifact, negative, source-of-truth, and fail-closed gates so ACCEPTED cannot hide weaker evidence.",agentic_core/runtime/*; agentic_core/L0_routing/*; agentic_core/L3_orchestration/exit_eval/v6/*; scripts/proof/*,scripts/verify_rtc_req_011.py,runtime_certification_report.md; integrated_runtime_bundle.json; artifact_manifest.json; no_bypass_receipt.json,Assert full 99 proof bundle minimum artifact set and producer-owned provenance chain.,"Must include missing artifact, wrong producer, missing upstream ref, no Exit, multiple X3, composition labelled integrated.","Downgrade to PARTIAL/BLOCKED if any required artifact, proof depth, subclaim, negative, replay, OTEL, or integrated-runtime condition is missing.",P0,W2-integrated-runtime-entrypoint,python scripts/verify_runtime_certification_matrix.py && python scripts/verify_all_requirements_gates.py && python scripts/verify_all_requirements_merkle_root.py,Known current state: composition proof exists; integrated runtime entrypoint BLOCKED.
RTC-REQ-012,Runtime Chain,Exit required for completed runtime path,05 Exit,Exit evaluation,Every completed runtime proof MUST include ExitReviewPacket and exactly one X3 disposition.,INTEGRATED_RUNTIME,E6_INTEGRATED_RUNTIME_PROOF,true,false,ExitReviewPacket; X3DispositionReceipt,Exit receives terminal RET or sealed L2 artifact and emits exactly one disposition.,Cache hit stops before Exit; no X3; multiple X3 dispositions; missing ExitReviewPacket.,ACCEPTED only when ExitReviewPacket and exactly one X3DispositionReceipt are present.,Block with EXIT_MISSING_OR_AMBIGUOUS.,verify_exit_completion.py,exit_review_packet_ref; x3_disposition_ref; terminal_ret_packet_ref; l2_sealed_artifact_ref,false if Exit proof missing,ACCEPTED illegal if cache hit is treated as final without Exit,Applies to R1A/R1B.,99 E2E proof bundle minimum standard and composition-vs-integrated proof distinction.,"Adds explicit proof-depth, artifact, negative, source-of-truth, and fail-closed gates so ACCEPTED cannot hide weaker evidence.",agentic_core/runtime/*; agentic_core/L0_routing/*; agentic_core/L3_orchestration/exit_eval/v6/*; scripts/proof/*,scripts/verify_rtc_req_012.py,runtime_certification_report.md; integrated_runtime_bundle.json; artifact_manifest.json; no_bypass_receipt.json,Assert full 99 proof bundle minimum artifact set and producer-owned provenance chain.,"Must include missing artifact, wrong producer, missing upstream ref, no Exit, multiple X3, composition labelled integrated.","Downgrade to PARTIAL/BLOCKED if any required artifact, proof depth, subclaim, negative, replay, OTEL, or integrated-runtime condition is missing.",P0,W2-integrated-runtime-entrypoint,python scripts/verify_runtime_certification_matrix.py && python scripts/verify_all_requirements_gates.py && python scripts/verify_all_requirements_merkle_root.py,Known current state: composition proof exists; integrated runtime entrypoint BLOCKED.
RTC-REQ-013,Runtime Chain,Terminal cache route does not execute L2,03 L0 / 05 Exit,Route/Exit,"R1A/R1B terminal short-circuit routes MUST emit TerminalRetPacket and go to Exit, not L2 execution.",NO_BYPASS_RUNTIME,E4_NEGATIVE_CONTROL,true,false,RouteContract; TerminalRetPacket; ExitReviewPacket,R1A/R1B execution_form=TERMINAL_SHORTCIRCUIT; no L2 execution span/artifact exists.,Terminal cache route emits L2 sealed artifact; missing TerminalRetPacket; L2 execution after terminal cache hit.,ACCEPTED only when terminal path bypasses L2 and enters Exit.,Block with TERMINAL_ROUTE_EXECUTED_L2.,verify_terminal_route_no_l2.py,route_id; execution_form; terminal_ret_packet_ref; l2_sealed_artifact_ref,true only for valid terminal path,ACCEPTED illegal if terminal cache reaches L2,Specific cache anti-cheat.,99 E2E proof bundle minimum standard and composition-vs-integrated proof distinction.,"Adds explicit proof-depth, artifact, negative, source-of-truth, and fail-closed gates so ACCEPTED cannot hide weaker evidence.",agentic_core/runtime/*; agentic_core/L0_routing/*; agentic_core/L3_orchestration/exit_eval/v6/*; scripts/proof/*,scripts/verify_rtc_req_013.py,runtime_certification_report.md; integrated_runtime_bundle.json; artifact_manifest.json; no_bypass_receipt.json,Assert full 99 proof bundle minimum artifact set and producer-owned provenance chain.,"Must include missing artifact, wrong producer, missing upstream ref, no Exit, multiple X3, composition labelled integrated.","Downgrade to PARTIAL/BLOCKED if any required artifact, proof depth, subclaim, negative, replay, OTEL, or integrated-runtime condition is missing.",P0,W2-integrated-runtime-entrypoint,python scripts/verify_runtime_certification_matrix.py && python scripts/verify_all_requirements_gates.py && python scripts/verify_all_requirements_merkle_root.py,Known current state: composition proof exists; integrated runtime entrypoint BLOCKED.
RTC-REQ-014,Runtime Chain,Runtime artifact provenance fields required,U0-L6 / Runtime,All producer components,"Every certification artifact MUST include producer_component, producer_module, producer_function_or_class, emitted_at, artifact_hash, and upstream_artifact_ref.",STATIC_ENFORCEMENT,E2_STATIC_CHECK,true,false,artifact_manifest,Manifest validator confirms required provenance fields on every artifact.,Missing producer; missing hash; missing upstream ref; producer is harness for production artifact.,ACCEPTED only when artifact provenance is complete and chain resolves.,Block with ARTIFACT_PROVENANCE_GAP.,verify_artifact_manifest.py,producer_component; producer_module; producer_function_or_class; emitted_at; artifact_hash; upstream_artifact_ref,false if provenance incomplete,ACCEPTED illegal with incomplete provenance,Enables end-to-end traceability.,99 E2E proof bundle minimum standard and composition-vs-integrated proof distinction.,"Adds explicit proof-depth, artifact, negative, source-of-truth, and fail-closed gates so ACCEPTED cannot hide weaker evidence.",agentic_core/runtime/*; agentic_core/L0_routing/*; agentic_core/L3_orchestration/exit_eval/v6/*; scripts/proof/*,scripts/verify_rtc_req_014.py,runtime_certification_report.md; integrated_runtime_bundle.json; artifact_manifest.json; no_bypass_receipt.json,Assert full 99 proof bundle minimum artifact set and producer-owned provenance chain.,"Must include missing artifact, wrong producer, missing upstream ref, no Exit, multiple X3, composition labelled integrated.","Downgrade to PARTIAL/BLOCKED if any required artifact, proof depth, subclaim, negative, replay, OTEL, or integrated-runtime condition is missing.",P0,W2-integrated-runtime-entrypoint,python scripts/verify_runtime_certification_matrix.py && python scripts/verify_all_requirements_gates.py && python scripts/verify_all_requirements_merkle_root.py,Known current state: composition proof exists; integrated runtime entrypoint BLOCKED.
RTC-REQ-015,Runtime Chain,Policy blueprint registry bound on runtime artifacts,00A L5 / 00B L4,Authority binding,"Runtime-sensitive artifacts MUST bind policy_hash, blueprint_hash, registry_digest_set, replay_key, and trace_id where applicable.",INTEGRATED_RUNTIME,E6_INTEGRATED_RUNTIME_PROOF,true,false,authority_context_receipt; runtime_artifact_manifest,Runtime artifacts carry consistent policy/blueprint/registry/replay identity across path.,Missing policy_hash; mismatched blueprint_hash; stale registry digest; replay_key missing.,ACCEPTED only when all authority binding fields exist and remain consistent.,Block with AUTHORITY_BINDING_GAP.,verify_runtime_authority_binding.py,policy_hash; blueprint_hash; registry_digest_set; replay_key; trace_id,false if authority binding missing,ACCEPTED illegal with mismatched authority identity,Prevents stale-policy proof.,99 E2E proof bundle minimum standard and composition-vs-integrated proof distinction.,"Adds explicit proof-depth, artifact, negative, source-of-truth, and fail-closed gates so ACCEPTED cannot hide weaker evidence.",agentic_core/runtime/*; agentic_core/L0_routing/*; agentic_core/L3_orchestration/exit_eval/v6/*; scripts/proof/*,scripts/verify_rtc_req_015.py,runtime_certification_report.md; integrated_runtime_bundle.json; artifact_manifest.json; no_bypass_receipt.json,Assert full 99 proof bundle minimum artifact set and producer-owned provenance chain.,"Must include missing artifact, wrong producer, missing upstream ref, no Exit, multiple X3, composition labelled integrated.","Downgrade to PARTIAL/BLOCKED if any required artifact, proof depth, subclaim, negative, replay, OTEL, or integrated-runtime condition is missing.",P0,W2-integrated-runtime-entrypoint,python scripts/verify_runtime_certification_matrix.py && python scripts/verify_all_requirements_gates.py && python scripts/verify_all_requirements_merkle_root.py,Known current state: composition proof exists; integrated runtime entrypoint BLOCKED.
RTC-REQ-020,Observability,Collector-backed OTEL required for observability claims,00C / L6 Observability,OTEL pipeline,OBSERVABILITY_RUNTIME rows MUST prove spans and counters exported to an external collector or equivalent sink.,OBSERVABILITY_RUNTIME,E7_REAL_OTEL_EXPORT,true,false,collector_receipt; span_export; metric_export,"Collector-backed run shows parent scenario span, child spans, same trace linkage, counter deltas, and metric attributes.",In-memory-only exporter; missing collector receipt; missing span tree; missing counter delta.,ACCEPTED only with external export evidence and correlated trace/counter proof.,Block with OTEL_EXPORT_MISSING.,verify_otel_export.py,otel_artifact_path; trace_id; metric_delta_ref; exporter_status,true only when exporter_status is external/collector,ACCEPTED illegal for in_memory_only observability claim,In-memory spans are component proof only.,99 OTEL span-tree proof; real exporter/collector required for observability claims.,"Adds explicit proof-depth, artifact, negative, source-of-truth, and fail-closed gates so ACCEPTED cannot hide weaker evidence.",agentic_core/L6_observability/*; scripts/proof/*otel*; docker-compose.otel.yml,scripts/verify_otel_export.py; tests/runtime/test_otel_runtime_certification.py,otel_certification_report.md; spans.json; metrics.json; collector_receipt.json,"Assert collector export, parent span, child spans, counter deltas, and trace linkage.","Must include in-memory-only exporter accepted attempt, missing parent span, missing counter delta, split trace.","Downgrade to PARTIAL/BLOCKED if any required artifact, proof depth, subclaim, negative, replay, OTEL, or integrated-runtime condition is missing.",P1,W3-otel-replay-observability,python scripts/verify_runtime_certification_matrix.py && python scripts/verify_all_requirements_gates.py && python scripts/verify_all_requirements_merkle_root.py,Known current state: in-memory spans exist in prior proof; collector-backed export remains required.
RTC-REQ-021,Observability,Parent scenario span required,00C / L6 Observability,OTEL instrumentation,"Runtime observability proof MUST include a parent scenario span that links route, cache/retrieval, execution, Exit, and exhaust spans under one trace tree or documented trace linkage.",OBSERVABILITY_RUNTIME,E7_REAL_OTEL_EXPORT,true,false,span_tree_export,Trace tree contains parent span and required child spans with consistent trace_id or trace linkage.,Route and Exit spans are sibling roots; trace IDs differ with no linkage; missing parent span.,ACCEPTED only when trace tree proves path correlation.,Block with OTEL_TRACE_CORRELATION_GAP.,verify_otel_trace_tree.py,trace_id; parent_span_id; child_span_refs; otel_artifact_path,true only with correlated trace tree,ACCEPTED illegal if route/cache/exit not trace-linked,Closes local span decoration gap.,99 OTEL span-tree proof; real exporter/collector required for observability claims.,"Adds explicit proof-depth, artifact, negative, source-of-truth, and fail-closed gates so ACCEPTED cannot hide weaker evidence.",agentic_core/L6_observability/*; scripts/proof/*otel*; docker-compose.otel.yml,scripts/verify_otel_export.py; tests/runtime/test_otel_runtime_certification.py,otel_certification_report.md; spans.json; metrics.json; collector_receipt.json,"Assert collector export, parent span, child spans, counter deltas, and trace linkage.","Must include in-memory-only exporter accepted attempt, missing parent span, missing counter delta, split trace.","Downgrade to PARTIAL/BLOCKED if any required artifact, proof depth, subclaim, negative, replay, OTEL, or integrated-runtime condition is missing.",P1,W3-otel-replay-observability,python scripts/verify_runtime_certification_matrix.py && python scripts/verify_all_requirements_gates.py && python scripts/verify_all_requirements_merkle_root.py,Known current state: in-memory spans exist in prior proof; collector-backed export remains required.
RTC-REQ-022,Observability,Counter deltas prove metric emission,00C / L6 Observability,Metric exporter,"Counter proof MUST include before/after deltas and attributes for route_id, cache_tier, namespace, policy_hash when applicable, and result/reason code.",OBSERVABILITY_RUNTIME,E7_REAL_OTEL_EXPORT,true,false,metric_delta_report,"Metric export contains counter names, attributes, before value, after value, and delta.",Only function call observed; no export; no attributes; no delta.,ACCEPTED only when metric delta is externally visible or collector-exported.,Block with METRIC_DELTA_MISSING.,verify_metric_export.py,metric_name; metric_attributes; counter_delta_ref,true only with delta proof,ACCEPTED illegal if metrics are only local function invocations,Applies to cache hit counters.,99 OTEL span-tree proof; real exporter/collector required for observability claims.,"Adds explicit proof-depth, artifact, negative, source-of-truth, and fail-closed gates so ACCEPTED cannot hide weaker evidence.",agentic_core/L6_observability/*; scripts/proof/*otel*; docker-compose.otel.yml,scripts/verify_otel_export.py; tests/runtime/test_otel_runtime_certification.py,otel_certification_report.md; spans.json; metrics.json; collector_receipt.json,"Assert collector export, parent span, child spans, counter deltas, and trace linkage.","Must include in-memory-only exporter accepted attempt, missing parent span, missing counter delta, split trace.","Downgrade to PARTIAL/BLOCKED if any required artifact, proof depth, subclaim, negative, replay, OTEL, or integrated-runtime condition is missing.",P1,W3-otel-replay-observability,python scripts/verify_runtime_certification_matrix.py && python scripts/verify_all_requirements_gates.py && python scripts/verify_all_requirements_merkle_root.py,Known current state: in-memory spans exist in prior proof; collector-backed export remains required.
RTC-REQ-023,Replay,Replay pair required for replay claims,00C / 05 Exit / L6,Replay verifier,"REPLAY_RUNTIME rows MUST include original and replay bundles, stable replay key, same route, same X3 disposition, and stable deterministic digest.",REPLAY_RUNTIME,E8_REPLAY_DETERMINISM,true,false,original_bundle; replay_bundle; replay_comparison_receipt,"Replay comparison proves stable input digest, route, disposition, and deterministic digest.",Missing replay pair; changed route; changed X3; digest mismatch; replay uses live provider instead of transcript where disallowed.,ACCEPTED only when replay comparison passes and negative replay mutation fails closed.,Block with REPLAY_PROOF_GAP.,verify_replay_determinism.py,replay_artifact_path; replay_digest; replay_key; x3_disposition_ref,true only with passing replay pair,ACCEPTED illegal on single-run proof,Runtime certification needs replay where claimed.,99 deterministic replay proof and replay comparison receipt requirement.,"Adds explicit proof-depth, artifact, negative, source-of-truth, and fail-closed gates so ACCEPTED cannot hide weaker evidence.",agentic_core/runtime/replay/*; scripts/proof/*replay*; tests/runtime/*replay*,scripts/verify_replay_determinism.py; tests/runtime/test_replay_determinism.py,replay_certification_report.md; original_bundle.json; replay_bundle.json; replay_comparison_receipt.json,"Assert original/replay pair with same route, X3, replay key, and deterministic digest.",Must include mutated input/artifact/policy causing replay block with expected_fail_reason.,"Downgrade to PARTIAL/BLOCKED if any required artifact, proof depth, subclaim, negative, replay, OTEL, or integrated-runtime condition is missing.",P1,W3-otel-replay-observability,python scripts/verify_runtime_certification_matrix.py && python scripts/verify_all_requirements_gates.py && python scripts/verify_all_requirements_merkle_root.py,
RTC-REQ-024,Replay,Replay mutation negative required,L6 / Replay,Replay hardening,Replay proof MUST include a mutation/fault case proving digest or route/disposition mismatch blocks certification.,NO_BYPASS_RUNTIME,E4_NEGATIVE_CONTROL,true,false,replay_negative_report,A mutated artifact/input/policy causes replay verifier to block with expected reason.,Mutation accepted; verifier ignores changed artifact; unknown treated as pass.,ACCEPTED only when replay mutation negative fails closed.,Block with REPLAY_NEGATIVE_MISSING.,verify_replay_negative.py,negative_control_path; expected_fail_reason; actual_fail_reason,false if mutation not tested,ACCEPTED illegal without fail-closed replay negative,Prevents replay theater.,99 deterministic replay proof and replay comparison receipt requirement.,"Adds explicit proof-depth, artifact, negative, source-of-truth, and fail-closed gates so ACCEPTED cannot hide weaker evidence.",agentic_core/runtime/replay/*; scripts/proof/*replay*; tests/runtime/*replay*,scripts/verify_replay_determinism.py; tests/runtime/test_replay_determinism.py,replay_certification_report.md; original_bundle.json; replay_bundle.json; replay_comparison_receipt.json,"Assert original/replay pair with same route, X3, replay key, and deterministic digest.",Must include mutated input/artifact/policy causing replay block with expected_fail_reason.,"Downgrade to PARTIAL/BLOCKED if any required artifact, proof depth, subclaim, negative, replay, OTEL, or integrated-runtime condition is missing.",P1,W3-otel-replay-observability,python scripts/verify_runtime_certification_matrix.py && python scripts/verify_all_requirements_gates.py && python scripts/verify_all_requirements_merkle_root.py,
RTC-REQ-030,Gate and Merkle,All-requirements gate readiness,99 / Certification,All requirements gate,"The all-requirements gate may report READY only when all required tier gates, runtime gates, hardening gates, and proof-depth legality checks pass.",STATIC_ENFORCEMENT,E2_STATIC_CHECK,false,false,all_requirements_gate_result; all_requirements_gate_report,"Gate result is READY, failed_commands empty, hardening PASSED, no acceptance legality violations.",Failed command; hardening count below minimum; row accepted with insufficient proof; UNKNOWN treated as pass.,ACCEPTED only when master gate is READY and failed_commands=[],Block with ALL_REQUIREMENTS_GATE_BLOCKED.,verify_all_requirements_gates.py,ci_gate_result; failed_commands; hardening_result,false for gate-only row,ACCEPTED illegal if gate BLOCKED,No green badge over failed gate.,"All-requirements gate/Merkle outputs must fail closed; prior artifacts showed BLOCKED, empty root, leaf_count=0.","Adds explicit proof-depth, artifact, negative, source-of-truth, and fail-closed gates so ACCEPTED cannot hide weaker evidence.",scripts/verify_all_requirements_gates.py; scripts/verify_all_requirements_merkle_root.py; agentic_core/runtime/prove_requirements/*,scripts/verify_all_requirements_gates.py; scripts/verify_all_requirements_merkle_root.py; scripts/verify_source_divergence.py,all_requirements_gate_report.md; all_requirements_gate_result.json; all_requirements_merkle_root.json; all_requirements_merkle_leaves.json; source_divergence_report.md,"Gate result is READY, failed_commands empty, hardening PASSED, no acceptance legality violations.",Failed command; hardening count below minimum; row accepted with insufficient proof; UNKNOWN treated as pass.,"Downgrade to PARTIAL/BLOCKED if any required artifact, proof depth, subclaim, negative, replay, OTEL, or integrated-runtime condition is missing.",P0,W0-certification-source-of-truth,python scripts/verify_runtime_certification_matrix.py && python scripts/verify_all_requirements_gates.py && python scripts/verify_all_requirements_merkle_root.py,"Known current state from uploaded artifacts: all_requirements gate BLOCKED, Merkle root empty/unset, leaf_count=0, hardening FAILED."
RTC-REQ-031,Gate and Merkle,Merkle root non-empty and complete,99 / Certification,Merkle verifier,Merkle root may be emitted only when leaf_count equals canonical requirement count and root is non-empty.,STATIC_ENFORCEMENT,E2_STATIC_CHECK,false,false,all_requirements_merkle_root.json; all_requirements_merkle_leaves.json; all_requirements_merkle_tree.json,Leaf count equals canonical universe; root non-empty; every accepted row has leaf.,leaf_count=0; root empty; tree empty; missing accepted row leaf.,ACCEPTED only when Merkle root is non-empty and covers canonical universe.,Block with MERKLE_INCOMPLETE.,verify_all_requirements_merkle_root.py,merkle_leaf_hash; merkle_root_ref; canonical_requirement_count,false for Merkle row,ACCEPTED illegal with empty root,Prevents empty-root attestation.,"All-requirements gate/Merkle outputs must fail closed; prior artifacts showed BLOCKED, empty root, leaf_count=0.","Adds explicit proof-depth, artifact, negative, source-of-truth, and fail-closed gates so ACCEPTED cannot hide weaker evidence.",scripts/verify_all_requirements_gates.py; scripts/verify_all_requirements_merkle_root.py; agentic_core/runtime/prove_requirements/*,scripts/verify_all_requirements_gates.py; scripts/verify_all_requirements_merkle_root.py; scripts/verify_source_divergence.py,all_requirements_gate_report.md; all_requirements_gate_result.json; all_requirements_merkle_root.json; all_requirements_merkle_leaves.json; source_divergence_report.md,Leaf count equals canonical universe; root non-empty; every accepted row has leaf.,leaf_count=0; root empty; tree empty; missing accepted row leaf.,"Downgrade to PARTIAL/BLOCKED if any required artifact, proof depth, subclaim, negative, replay, OTEL, or integrated-runtime condition is missing.",P0,W0-certification-source-of-truth,python scripts/verify_runtime_certification_matrix.py && python scripts/verify_all_requirements_gates.py && python scripts/verify_all_requirements_merkle_root.py,"Known current state from uploaded artifacts: all_requirements gate BLOCKED, Merkle root empty/unset, leaf_count=0, hardening FAILED."
RTC-REQ-032,Gate and Merkle,Source divergence block,99 / Certification,Verifier reconciler,"If two verifiers read different requirement universes or counts, certification MUST fail with SOURCE_DIVERGENCE.",NO_BYPASS_RUNTIME,E4_NEGATIVE_CONTROL,false,false,source_divergence_report,"Reconciler compares input files, working directories, output dirs, timestamps, and counts across verifiers.",Merkle sees 0 while gate sees N; different repo root; different artifacts dir; missing generated input.,ACCEPTED only when all verifiers agree on canonical source and count.,Block with SOURCE_DIVERGENCE.,verify_source_divergence.py,source_input_paths; working_directory; repo_root; output_directory,false until reconciled,ACCEPTED illegal with conflicting verifier universes,Addresses 0 vs 150 vs 198/200 confusion.,"All-requirements gate/Merkle outputs must fail closed; prior artifacts showed BLOCKED, empty root, leaf_count=0.","Adds explicit proof-depth, artifact, negative, source-of-truth, and fail-closed gates so ACCEPTED cannot hide weaker evidence.",scripts/verify_all_requirements_gates.py; scripts/verify_all_requirements_merkle_root.py; agentic_core/runtime/prove_requirements/*,scripts/verify_all_requirements_gates.py; scripts/verify_all_requirements_merkle_root.py; scripts/verify_source_divergence.py,all_requirements_gate_report.md; all_requirements_gate_result.json; all_requirements_merkle_root.json; all_requirements_merkle_leaves.json; source_divergence_report.md,"Reconciler compares input files, working directories, output dirs, timestamps, and counts across verifiers.",Merkle sees 0 while gate sees N; different repo root; different artifacts dir; missing generated input.,"Downgrade to PARTIAL/BLOCKED if any required artifact, proof depth, subclaim, negative, replay, OTEL, or integrated-runtime condition is missing.",P0,W0-certification-source-of-truth,python scripts/verify_runtime_certification_matrix.py && python scripts/verify_all_requirements_gates.py && python scripts/verify_all_requirements_merkle_root.py,"Known current state from uploaded artifacts: all_requirements gate BLOCKED, Merkle root empty/unset, leaf_count=0, hardening FAILED."
RTC-REQ-033,Gate and Merkle,Hardening minimum enforced,99 / Certification,Hardening gate,"The certification gate MUST require a non-zero, configured minimum number of fail-closed hardening cases and all must pass.",NO_BYPASS_RUNTIME,E4_NEGATIVE_CONTROL,false,false,hardening_report; hardening_result,Hardening case count meets minimum and every case passes.,case_count=0; hardening failed; hardening skipped; hardening errors ignored.,ACCEPTED only when hardening_result=PASSED and case_count>=minimum.,Block with HARDENING_INSUFFICIENT.,verify_tier_gate_hardening.py,hardening_case_count; hardening_result; failed_commands,false for hardening row,ACCEPTED illegal if hardening failed,Prevents green gate with zero hardening cases.,"All-requirements gate/Merkle outputs must fail closed; prior artifacts showed BLOCKED, empty root, leaf_count=0.","Adds explicit proof-depth, artifact, negative, source-of-truth, and fail-closed gates so ACCEPTED cannot hide weaker evidence.",scripts/verify_all_requirements_gates.py; scripts/verify_all_requirements_merkle_root.py; agentic_core/runtime/prove_requirements/*,scripts/verify_all_requirements_gates.py; scripts/verify_all_requirements_merkle_root.py; scripts/verify_source_divergence.py,all_requirements_gate_report.md; all_requirements_gate_result.json; all_requirements_merkle_root.json; all_requirements_merkle_leaves.json; source_divergence_report.md,Hardening case count meets minimum and every case passes.,case_count=0; hardening failed; hardening skipped; hardening errors ignored.,"Downgrade to PARTIAL/BLOCKED if any required artifact, proof depth, subclaim, negative, replay, OTEL, or integrated-runtime condition is missing.",P0,W0-certification-source-of-truth,python scripts/verify_runtime_certification_matrix.py && python scripts/verify_all_requirements_gates.py && python scripts/verify_all_requirements_merkle_root.py,"Known current state from uploaded artifacts: all_requirements gate BLOCKED, Merkle root empty/unset, leaf_count=0, hardening FAILED."
RTC-REQ-034,Gate and Merkle,Downgraded rows report required,99 / Certification,Report generator,Certification pipeline MUST emit a report listing rows downgraded from ACCEPTED to PARTIAL/BLOCKED/DEFERRED under proof-depth rules.,STATIC_ENFORCEMENT,E2_STATIC_CHECK,false,false,downgraded_rows_report.md,"Report contains req_id, prior status, recomputed status, reason, and required remediation.",No report; downgraded rows hidden; prior ACCEPTED retained despite gaps.,ACCEPTED only when downgraded row report is generated and complete.,Block with DOWNGRADED_ROWS_REPORT_MISSING.,generate_runtime_certification_reports.py,prior_status; recomputed_status; blocking_gap,false,ACCEPTED illegal if report hidden,Makes semantic cache downgrade visible.,"All-requirements gate/Merkle outputs must fail closed; prior artifacts showed BLOCKED, empty root, leaf_count=0.","Adds explicit proof-depth, artifact, negative, source-of-truth, and fail-closed gates so ACCEPTED cannot hide weaker evidence.",scripts/verify_all_requirements_gates.py; scripts/verify_all_requirements_merkle_root.py; agentic_core/runtime/prove_requirements/*,scripts/verify_all_requirements_gates.py; scripts/verify_all_requirements_merkle_root.py; scripts/verify_source_divergence.py,all_requirements_gate_report.md; all_requirements_gate_result.json; all_requirements_merkle_root.json; all_requirements_merkle_leaves.json; source_divergence_report.md,"Report contains req_id, prior status, recomputed status, reason, and required remediation.",No report; downgraded rows hidden; prior ACCEPTED retained despite gaps.,"Downgrade to PARTIAL/BLOCKED if any required artifact, proof depth, subclaim, negative, replay, OTEL, or integrated-runtime condition is missing.",P0,W0-certification-source-of-truth,python scripts/verify_runtime_certification_matrix.py && python scripts/verify_all_requirements_gates.py && python scripts/verify_all_requirements_merkle_root.py,"Known current state from uploaded artifacts: all_requirements gate BLOCKED, Merkle root empty/unset, leaf_count=0, hardening FAILED."
RTC-REQ-040,Semantic Cache,Semantic cache requirement decomposed,L0 / L4 Cache,SemanticCacheManager + route_gates,"Any R1B semantic cache requirement MUST be decomposed into subclaims: dense similarity composition, approved model, production threshold, policy/freshness/tenant/reuse, negatives, terminal Exit, integrated runtime, OTEL if claimed, replay if claimed.",STATIC_ENFORCEMENT,E2_STATIC_CHECK,true,false,semantic_cache_subclaim_matrix,Subclaim rows or columns exist and each has independent status.,Single ACCEPTED row hides BLOCKED/CALIBRATION_GAP/NOT_PROVEN subclaims.,ACCEPTED only when all required semantic-cache subclaims pass.,Block with SEMANTIC_CACHE_SUBCLAIMS_MISSING.,verify_semantic_cache_certification.py,subclaim_id; subclaim_status; blocking_gap,false unless all required subclaims pass,ACCEPTED illegal when any required subclaim is not PASS,Applies to 10C-REQ-077.,"99 proof bundle minimum standard; 00B.4 L4 cache state policy/freshness/tenant/reuse law; recent R1B run: dense composition PASS but approved model BLOCKED, production threshold CALIBRATION_GAP, NEG-5/6/7 INFRASTRUCTURE_GAP, integrated runtime BLOCKED.","Adds explicit proof-depth, artifact, negative, source-of-truth, and fail-closed gates so ACCEPTED cannot hide weaker evidence.",agentic_core/L4_state/utils/memory/semantic_cache_manager.py; agentic_core/L0_routing/reasoning/route_gates.py; agentic_core/L4_state/contracts/records.py; scripts/proof/run_l0_route_proof_v2.py; scripts/proof/assert_l0_route_proof.py,scripts/verify_semantic_cache_certification.py; tests/runtime/test_semantic_cache_certification.py; tests/runtime/test_semantic_cache_negatives.py,semantic_cache_certification_report.md; semantic_cache_subclaims.json; negatives.json; production_threshold_calibration.json; l4_cache_state_schema_proof.json; r1b_integrated_runtime_bundle.json when runtime claimed,"Assert seed_query != live_query; L1 exact miss; L2 dense hit; reason_code=d2_semantic_hit; actual/expected model recorded; threshold actual/default recorded; production threshold run executed; TerminalRetPacket, ExitReviewPacket, X3Disposition present.","Must include below-threshold miss, lexical-overlap false-hit miss, wrong tenant, wrong namespace, stale policy, expired freshness, missing embedding ref, missing answer ref, unsafe reuse class, model unavailable, dimension mismatch, threshold override in production mode, exact-hash laundering, multiple RouteContracts, L2 execution on terminal route, and Exit bypass.","Downgrade to PARTIAL/BLOCKED if any required artifact, proof depth, subclaim, negative, replay, OTEL, or integrated-runtime condition is missing.",P0,W1-semantic-cache-closeout,python scripts/verify_runtime_certification_matrix.py && python scripts/verify_all_requirements_gates.py && python scripts/verify_all_requirements_merkle_root.py,Known current state: dense composition proof PASS; approved BGE-M3 model BLOCKED; production threshold at 0.95 CALIBRATION_GAP with fallback MiniLM; policy/freshness/tenant/reuse PARTIAL; integrated runtime BLOCKED.
RTC-REQ-041,Semantic Cache,Seed and live query surface forms differ,L0 / L4 Cache,SemanticCacheManager,R1B semantic proof MUST seed cache with a different surface form than the live query so exact-hash laundering cannot occur.,COMPONENT_RUNTIME,E4_NEGATIVE_CONTROL,true,false,semantic_cache_bundle,"Bundle records seed_query, live_query, seed_live_surface_diff_status=DIFFERENT.",seed_query==live_query; exact-hash tier hit counted as semantic; no seed/live recorded.,PASS only when live query differs from seed and L1 exact miss is proven.,Block with SEMANTIC_EXACT_HASH_LAUNDERING.,verify_semantic_cache_certification.py,seed_query; live_query; seed_live_surface_diff_status; l1_exact_miss_proven,false if exact hit masquerades as semantic,ACCEPTED illegal if seed/live same,Closes prior degenerate R1B proof.,"99 proof bundle minimum standard; 00B.4 L4 cache state policy/freshness/tenant/reuse law; recent R1B run: dense composition PASS but approved model BLOCKED, production threshold CALIBRATION_GAP, NEG-5/6/7 INFRASTRUCTURE_GAP, integrated runtime BLOCKED.","Adds explicit proof-depth, artifact, negative, source-of-truth, and fail-closed gates so ACCEPTED cannot hide weaker evidence.",agentic_core/L4_state/utils/memory/semantic_cache_manager.py; agentic_core/L0_routing/reasoning/route_gates.py; agentic_core/L4_state/contracts/records.py; scripts/proof/run_l0_route_proof_v2.py; scripts/proof/assert_l0_route_proof.py,scripts/verify_semantic_cache_certification.py; tests/runtime/test_semantic_cache_certification.py; tests/runtime/test_semantic_cache_negatives.py,semantic_cache_certification_report.md; semantic_cache_subclaims.json; negatives.json; production_threshold_calibration.json; l4_cache_state_schema_proof.json; r1b_integrated_runtime_bundle.json when runtime claimed,"Assert seed_query != live_query; L1 exact miss; L2 dense hit; reason_code=d2_semantic_hit; actual/expected model recorded; threshold actual/default recorded; production threshold run executed; TerminalRetPacket, ExitReviewPacket, X3Disposition present.","Must include below-threshold miss, lexical-overlap false-hit miss, wrong tenant, wrong namespace, stale policy, expired freshness, missing embedding ref, missing answer ref, unsafe reuse class, model unavailable, dimension mismatch, threshold override in production mode, exact-hash laundering, multiple RouteContracts, L2 execution on terminal route, and Exit bypass.","Downgrade to PARTIAL/BLOCKED if any required artifact, proof depth, subclaim, negative, replay, OTEL, or integrated-runtime condition is missing.",P0,W1-semantic-cache-closeout,python scripts/verify_runtime_certification_matrix.py && python scripts/verify_all_requirements_gates.py && python scripts/verify_all_requirements_merkle_root.py,Known current state: dense composition proof PASS; approved BGE-M3 model BLOCKED; production threshold at 0.95 CALIBRATION_GAP with fallback MiniLM; policy/freshness/tenant/reuse PARTIAL; integrated runtime BLOCKED.
RTC-REQ-042,Semantic Cache,L1 exact miss before L2 dense hit,L0 / L4 Cache,route_gates + SemanticCacheManager,R1B semantic proof MUST show D1/L1 exact tier missed before L2 dense similarity hit.,COMPONENT_RUNTIME,E4_NEGATIVE_CONTROL,true,false,route_contract; cache_lookup_receipt,"Reason code is d2_semantic_hit, tier_hit=L2_semantic_dense_similarity, not d1_exact_hit.",d1_exact_hit; no L1 miss evidence; direct L2 call bypasses route gate ordering.,PASS only when route-gate emitted semantic reason code after exact miss.,Block with L1_MISS_NOT_PROVEN.,verify_semantic_cache_certification.py,l1_exact_miss_proven; tier_hit; reason_code,true only for real L2 dense hit,ACCEPTED illegal if D1 exact path hit,Specific semantic proof requirement.,"99 proof bundle minimum standard; 00B.4 L4 cache state policy/freshness/tenant/reuse law; recent R1B run: dense composition PASS but approved model BLOCKED, production threshold CALIBRATION_GAP, NEG-5/6/7 INFRASTRUCTURE_GAP, integrated runtime BLOCKED.","Adds explicit proof-depth, artifact, negative, source-of-truth, and fail-closed gates so ACCEPTED cannot hide weaker evidence.",agentic_core/L4_state/utils/memory/semantic_cache_manager.py; agentic_core/L0_routing/reasoning/route_gates.py; agentic_core/L4_state/contracts/records.py; scripts/proof/run_l0_route_proof_v2.py; scripts/proof/assert_l0_route_proof.py,scripts/verify_semantic_cache_certification.py; tests/runtime/test_semantic_cache_certification.py; tests/runtime/test_semantic_cache_negatives.py,semantic_cache_certification_report.md; semantic_cache_subclaims.json; negatives.json; production_threshold_calibration.json; l4_cache_state_schema_proof.json; r1b_integrated_runtime_bundle.json when runtime claimed,"Assert seed_query != live_query; L1 exact miss; L2 dense hit; reason_code=d2_semantic_hit; actual/expected model recorded; threshold actual/default recorded; production threshold run executed; TerminalRetPacket, ExitReviewPacket, X3Disposition present.","Must include below-threshold miss, lexical-overlap false-hit miss, wrong tenant, wrong namespace, stale policy, expired freshness, missing embedding ref, missing answer ref, unsafe reuse class, model unavailable, dimension mismatch, threshold override in production mode, exact-hash laundering, multiple RouteContracts, L2 execution on terminal route, and Exit bypass.","Downgrade to PARTIAL/BLOCKED if any required artifact, proof depth, subclaim, negative, replay, OTEL, or integrated-runtime condition is missing.",P0,W1-semantic-cache-closeout,python scripts/verify_runtime_certification_matrix.py && python scripts/verify_all_requirements_gates.py && python scripts/verify_all_requirements_merkle_root.py,Known current state: dense composition proof PASS; approved BGE-M3 model BLOCKED; production threshold at 0.95 CALIBRATION_GAP with fallback MiniLM; policy/freshness/tenant/reuse PARTIAL; integrated runtime BLOCKED.
RTC-REQ-043,Semantic Cache,Live query vector compared to cached vector,L4 Cache,SemanticCacheManager,Semantic cache proof MUST compute or load live query embedding and compare it to cached vector using cosine or approved similarity metric.,COMPONENT_RUNTIME,E3_COMPONENT_TEST,true,false,cache_lookup_receipt; vector_compare_receipt,"Receipt records live_query_vec_ref, cached_vector_ref, similarity_metric, similarity_score.",No live embedding; no cached vector ref; hash shortcut only; missing similarity score.,PASS only when vector comparison evidence exists.,Block with VECTOR_COMPARISON_MISSING.,verify_semantic_cache_vector_compare.py,live_query_vec_ref; cached_vector_ref; similarity_score; similarity_metric,false if vector compare absent,ACCEPTED illegal on RouteContract-only proof,Core of semantic cache.,"99 proof bundle minimum standard; 00B.4 L4 cache state policy/freshness/tenant/reuse law; recent R1B run: dense composition PASS but approved model BLOCKED, production threshold CALIBRATION_GAP, NEG-5/6/7 INFRASTRUCTURE_GAP, integrated runtime BLOCKED.","Adds explicit proof-depth, artifact, negative, source-of-truth, and fail-closed gates so ACCEPTED cannot hide weaker evidence.",agentic_core/L4_state/utils/memory/semantic_cache_manager.py; agentic_core/L0_routing/reasoning/route_gates.py; agentic_core/L4_state/contracts/records.py; scripts/proof/run_l0_route_proof_v2.py; scripts/proof/assert_l0_route_proof.py,scripts/verify_semantic_cache_certification.py; tests/runtime/test_semantic_cache_certification.py; tests/runtime/test_semantic_cache_negatives.py,semantic_cache_certification_report.md; semantic_cache_subclaims.json; negatives.json; production_threshold_calibration.json; l4_cache_state_schema_proof.json; r1b_integrated_runtime_bundle.json when runtime claimed,"Assert seed_query != live_query; L1 exact miss; L2 dense hit; reason_code=d2_semantic_hit; actual/expected model recorded; threshold actual/default recorded; production threshold run executed; TerminalRetPacket, ExitReviewPacket, X3Disposition present.","Must include below-threshold miss, lexical-overlap false-hit miss, wrong tenant, wrong namespace, stale policy, expired freshness, missing embedding ref, missing answer ref, unsafe reuse class, model unavailable, dimension mismatch, threshold override in production mode, exact-hash laundering, multiple RouteContracts, L2 execution on terminal route, and Exit bypass.","Downgrade to PARTIAL/BLOCKED if any required artifact, proof depth, subclaim, negative, replay, OTEL, or integrated-runtime condition is missing.",P0,W1-semantic-cache-closeout,python scripts/verify_runtime_certification_matrix.py && python scripts/verify_all_requirements_gates.py && python scripts/verify_all_requirements_merkle_root.py,Known current state: dense composition proof PASS; approved BGE-M3 model BLOCKED; production threshold at 0.95 CALIBRATION_GAP with fallback MiniLM; policy/freshness/tenant/reuse PARTIAL; integrated runtime BLOCKED.
RTC-REQ-044,Semantic Cache,Approved embedding model proof,L4 Cache / Model Registry,EmbeddingFactory + registry,Semantic cache production acceptance requires actual embedding model to equal approved expected model and dimension/version to match.,PRODUCTION_DEPENDENCY_RUNTIME,E9_PRODUCTION_DEPENDENCY_PROOF,true,false,embedding_model_receipt; model_registry_receipt,actual_model=expected_model; dimension matches; no fallback EF silently used.,fallback MiniLM used; model mismatch; dimension mismatch; expected model unavailable.,PASS only when approved model operational and used.,Block with APPROVED_MODEL_NOT_OPERATIONAL.,verify_semantic_cache_model.py,embedding_model_expected; embedding_model_actual; model_match_status; embedding_dim,false on MISMATCH_EXPLAINED,ACCEPTED illegal if model mismatch remains,BGE-M3 vs MiniLM issue.,"99 proof bundle minimum standard; 00B.4 L4 cache state policy/freshness/tenant/reuse law; recent R1B run: dense composition PASS but approved model BLOCKED, production threshold CALIBRATION_GAP, NEG-5/6/7 INFRASTRUCTURE_GAP, integrated runtime BLOCKED.","Adds explicit proof-depth, artifact, negative, source-of-truth, and fail-closed gates so ACCEPTED cannot hide weaker evidence.",agentic_core/L4_state/utils/memory/semantic_cache_manager.py; agentic_core/L0_routing/reasoning/route_gates.py; agentic_core/L4_state/contracts/records.py; scripts/proof/run_l0_route_proof_v2.py; scripts/proof/assert_l0_route_proof.py,scripts/verify_semantic_cache_certification.py; tests/runtime/test_semantic_cache_certification.py; tests/runtime/test_semantic_cache_negatives.py,semantic_cache_certification_report.md; semantic_cache_subclaims.json; negatives.json; production_threshold_calibration.json; l4_cache_state_schema_proof.json; r1b_integrated_runtime_bundle.json when runtime claimed,"Assert seed_query != live_query; L1 exact miss; L2 dense hit; reason_code=d2_semantic_hit; actual/expected model recorded; threshold actual/default recorded; production threshold run executed; TerminalRetPacket, ExitReviewPacket, X3Disposition present.","Must include below-threshold miss, lexical-overlap false-hit miss, wrong tenant, wrong namespace, stale policy, expired freshness, missing embedding ref, missing answer ref, unsafe reuse class, model unavailable, dimension mismatch, threshold override in production mode, exact-hash laundering, multiple RouteContracts, L2 execution on terminal route, and Exit bypass.","Downgrade to PARTIAL/BLOCKED if any required artifact, proof depth, subclaim, negative, replay, OTEL, or integrated-runtime condition is missing.",P0,W1-semantic-cache-closeout,python scripts/verify_runtime_certification_matrix.py && python scripts/verify_all_requirements_gates.py && python scripts/verify_all_requirements_merkle_root.py,Known current state: dense composition proof PASS; approved BGE-M3 model BLOCKED; production threshold at 0.95 CALIBRATION_GAP with fallback MiniLM; policy/freshness/tenant/reuse PARTIAL; integrated runtime BLOCKED.
RTC-REQ-045,Semantic Cache,Production threshold proof,L4 Cache,SemanticCacheManager,"Semantic cache production acceptance requires paraphrase hits to pass at production threshold without test-only override, or a governed ADR recalibrates the threshold.",PRODUCTION_DEPENDENCY_RUNTIME,E9_PRODUCTION_DEPENDENCY_PROOF,true,false,production_threshold_calibration.json; threshold_adr_ref_when_changed,No override; threshold_actual=production default; paraphrase_hits_at_production_threshold meets acceptance; or ADR exists.,threshold override used; 0/2 hits at production threshold; silent threshold lowering.,PASS only when production threshold passes or approved ADR recalibrates it.,Block with SEMANTIC_THRESHOLD_CALIBRATION_GAP.,verify_semantic_cache_threshold.py,threshold_actual; production_threshold_default; threshold_override_used; production_threshold_result,false if CALIBRATION_GAP,ACCEPTED illegal if threshold override was required,Prevents threshold laundering.,"99 proof bundle minimum standard; 00B.4 L4 cache state policy/freshness/tenant/reuse law; recent R1B run: dense composition PASS but approved model BLOCKED, production threshold CALIBRATION_GAP, NEG-5/6/7 INFRASTRUCTURE_GAP, integrated runtime BLOCKED.","Adds explicit proof-depth, artifact, negative, source-of-truth, and fail-closed gates so ACCEPTED cannot hide weaker evidence.",agentic_core/L4_state/utils/memory/semantic_cache_manager.py; agentic_core/L0_routing/reasoning/route_gates.py; agentic_core/L4_state/contracts/records.py; scripts/proof/run_l0_route_proof_v2.py; scripts/proof/assert_l0_route_proof.py,scripts/verify_semantic_cache_certification.py; tests/runtime/test_semantic_cache_certification.py; tests/runtime/test_semantic_cache_negatives.py,semantic_cache_certification_report.md; semantic_cache_subclaims.json; negatives.json; production_threshold_calibration.json; l4_cache_state_schema_proof.json; r1b_integrated_runtime_bundle.json when runtime claimed,"Assert seed_query != live_query; L1 exact miss; L2 dense hit; reason_code=d2_semantic_hit; actual/expected model recorded; threshold actual/default recorded; production threshold run executed; TerminalRetPacket, ExitReviewPacket, X3Disposition present.","Must include below-threshold miss, lexical-overlap false-hit miss, wrong tenant, wrong namespace, stale policy, expired freshness, missing embedding ref, missing answer ref, unsafe reuse class, model unavailable, dimension mismatch, threshold override in production mode, exact-hash laundering, multiple RouteContracts, L2 execution on terminal route, and Exit bypass.","Downgrade to PARTIAL/BLOCKED if any required artifact, proof depth, subclaim, negative, replay, OTEL, or integrated-runtime condition is missing.",P0,W1-semantic-cache-closeout,python scripts/verify_runtime_certification_matrix.py && python scripts/verify_all_requirements_gates.py && python scripts/verify_all_requirements_merkle_root.py,Known current state: dense composition proof PASS; approved BGE-M3 model BLOCKED; production threshold at 0.95 CALIBRATION_GAP with fallback MiniLM; policy/freshness/tenant/reuse PARTIAL; integrated runtime BLOCKED.
RTC-REQ-046,Semantic Cache,Threshold override recorded,L4 Cache,SemanticCacheManager / harness,Any test or harness threshold override MUST be recorded and must prevent production-threshold acceptance.,STATIC_ENFORCEMENT,E2_STATIC_CHECK,true,false,semantic_cache_bundle,"Bundle records threshold_override_used, threshold_actual, production_threshold_default.",Override hidden; threshold_actual omitted; production default omitted.,PASS only as composition proof when override is explicit; production proof remains NOT_PROVEN.,Block with THRESHOLD_OVERRIDE_HIDDEN.,verify_semantic_cache_threshold.py,threshold_override_used; threshold_actual; production_threshold_default,false if override used for production claim,ACCEPTED illegal for production threshold proof with override,Allows honest harness calibration.,"99 proof bundle minimum standard; 00B.4 L4 cache state policy/freshness/tenant/reuse law; recent R1B run: dense composition PASS but approved model BLOCKED, production threshold CALIBRATION_GAP, NEG-5/6/7 INFRASTRUCTURE_GAP, integrated runtime BLOCKED.","Adds explicit proof-depth, artifact, negative, source-of-truth, and fail-closed gates so ACCEPTED cannot hide weaker evidence.",agentic_core/L4_state/utils/memory/semantic_cache_manager.py; agentic_core/L0_routing/reasoning/route_gates.py; agentic_core/L4_state/contracts/records.py; scripts/proof/run_l0_route_proof_v2.py; scripts/proof/assert_l0_route_proof.py,scripts/verify_semantic_cache_certification.py; tests/runtime/test_semantic_cache_certification.py; tests/runtime/test_semantic_cache_negatives.py,semantic_cache_certification_report.md; semantic_cache_subclaims.json; negatives.json; production_threshold_calibration.json; l4_cache_state_schema_proof.json; r1b_integrated_runtime_bundle.json when runtime claimed,"Assert seed_query != live_query; L1 exact miss; L2 dense hit; reason_code=d2_semantic_hit; actual/expected model recorded; threshold actual/default recorded; production threshold run executed; TerminalRetPacket, ExitReviewPacket, X3Disposition present.","Must include below-threshold miss, lexical-overlap false-hit miss, wrong tenant, wrong namespace, stale policy, expired freshness, missing embedding ref, missing answer ref, unsafe reuse class, model unavailable, dimension mismatch, threshold override in production mode, exact-hash laundering, multiple RouteContracts, L2 execution on terminal route, and Exit bypass.","Downgrade to PARTIAL/BLOCKED if any required artifact, proof depth, subclaim, negative, replay, OTEL, or integrated-runtime condition is missing.",P0,W1-semantic-cache-closeout,python scripts/verify_runtime_certification_matrix.py && python scripts/verify_all_requirements_gates.py && python scripts/verify_all_requirements_merkle_root.py,Known current state: dense composition proof PASS; approved BGE-M3 model BLOCKED; production threshold at 0.95 CALIBRATION_GAP with fallback MiniLM; policy/freshness/tenant/reuse PARTIAL; integrated runtime BLOCKED.
RTC-REQ-047,Semantic Cache,Tenant isolation negative,L4 Cache,SemanticCacheManager.recall,Semantic cache MUST suppress hits across different tenant_scope values.,NO_BYPASS_RUNTIME,E4_NEGATIVE_CONTROL,true,false,negative_controls_report,"Seed tenant A, recall tenant B returns MISS/BLOCKED with expected reason.",Wrong-tenant hit; no tenant field; tenant mismatch ignored.,PASS only when wrong-tenant negative fails closed.,Block with SEMANTIC_TENANT_BLEED.,verify_semantic_cache_negatives.py,tenant_scope; negative_control_path; expected_fail_reason,false if tenant negative missing,ACCEPTED illegal without tenant negative,Required for unsafe reuse.,"99 proof bundle minimum standard; 00B.4 L4 cache state policy/freshness/tenant/reuse law; recent R1B run: dense composition PASS but approved model BLOCKED, production threshold CALIBRATION_GAP, NEG-5/6/7 INFRASTRUCTURE_GAP, integrated runtime BLOCKED.","Adds explicit proof-depth, artifact, negative, source-of-truth, and fail-closed gates so ACCEPTED cannot hide weaker evidence.",agentic_core/L4_state/utils/memory/semantic_cache_manager.py; agentic_core/L0_routing/reasoning/route_gates.py; agentic_core/L4_state/contracts/records.py; scripts/proof/run_l0_route_proof_v2.py; scripts/proof/assert_l0_route_proof.py,scripts/verify_semantic_cache_certification.py; tests/runtime/test_semantic_cache_certification.py; tests/runtime/test_semantic_cache_negatives.py,semantic_cache_certification_report.md; semantic_cache_subclaims.json; negatives.json; production_threshold_calibration.json; l4_cache_state_schema_proof.json; r1b_integrated_runtime_bundle.json when runtime claimed,"Assert seed_query != live_query; L1 exact miss; L2 dense hit; reason_code=d2_semantic_hit; actual/expected model recorded; threshold actual/default recorded; production threshold run executed; TerminalRetPacket, ExitReviewPacket, X3Disposition present.","Must include below-threshold miss, lexical-overlap false-hit miss, wrong tenant, wrong namespace, stale policy, expired freshness, missing embedding ref, missing answer ref, unsafe reuse class, model unavailable, dimension mismatch, threshold override in production mode, exact-hash laundering, multiple RouteContracts, L2 execution on terminal route, and Exit bypass.","Downgrade to PARTIAL/BLOCKED if any required artifact, proof depth, subclaim, negative, replay, OTEL, or integrated-runtime condition is missing.",P0,W1-semantic-cache-closeout,python scripts/verify_runtime_certification_matrix.py && python scripts/verify_all_requirements_gates.py && python scripts/verify_all_requirements_merkle_root.py,Known current state: dense composition proof PASS; approved BGE-M3 model BLOCKED; production threshold at 0.95 CALIBRATION_GAP with fallback MiniLM; policy/freshness/tenant/reuse PARTIAL; integrated runtime BLOCKED.
RTC-REQ-048,Semantic Cache,Namespace isolation negative,L4 Cache,SemanticCacheManager.recall,Semantic cache MUST suppress hits across wrong namespace/corpus/context scope.,NO_BYPASS_RUNTIME,E4_NEGATIVE_CONTROL,true,false,negative_controls_report,"Seed namespace A, recall namespace B returns MISS/BLOCKED.",Wrong-namespace hit; namespace omitted; corpus mismatch ignored.,PASS only when namespace negative fails closed.,Block with SEMANTIC_NAMESPACE_BLEED.,verify_semantic_cache_negatives.py,cache_namespace; corpus_id; negative_control_path,false if namespace negative missing,ACCEPTED illegal without namespace isolation negative,Tenant alone is not enough.,"99 proof bundle minimum standard; 00B.4 L4 cache state policy/freshness/tenant/reuse law; recent R1B run: dense composition PASS but approved model BLOCKED, production threshold CALIBRATION_GAP, NEG-5/6/7 INFRASTRUCTURE_GAP, integrated runtime BLOCKED.","Adds explicit proof-depth, artifact, negative, source-of-truth, and fail-closed gates so ACCEPTED cannot hide weaker evidence.",agentic_core/L4_state/utils/memory/semantic_cache_manager.py; agentic_core/L0_routing/reasoning/route_gates.py; agentic_core/L4_state/contracts/records.py; scripts/proof/run_l0_route_proof_v2.py; scripts/proof/assert_l0_route_proof.py,scripts/verify_semantic_cache_certification.py; tests/runtime/test_semantic_cache_certification.py; tests/runtime/test_semantic_cache_negatives.py,semantic_cache_certification_report.md; semantic_cache_subclaims.json; negatives.json; production_threshold_calibration.json; l4_cache_state_schema_proof.json; r1b_integrated_runtime_bundle.json when runtime claimed,"Assert seed_query != live_query; L1 exact miss; L2 dense hit; reason_code=d2_semantic_hit; actual/expected model recorded; threshold actual/default recorded; production threshold run executed; TerminalRetPacket, ExitReviewPacket, X3Disposition present.","Must include below-threshold miss, lexical-overlap false-hit miss, wrong tenant, wrong namespace, stale policy, expired freshness, missing embedding ref, missing answer ref, unsafe reuse class, model unavailable, dimension mismatch, threshold override in production mode, exact-hash laundering, multiple RouteContracts, L2 execution on terminal route, and Exit bypass.","Downgrade to PARTIAL/BLOCKED if any required artifact, proof depth, subclaim, negative, replay, OTEL, or integrated-runtime condition is missing.",P0,W1-semantic-cache-closeout,python scripts/verify_runtime_certification_matrix.py && python scripts/verify_all_requirements_gates.py && python scripts/verify_all_requirements_merkle_root.py,Known current state: dense composition proof PASS; approved BGE-M3 model BLOCKED; production threshold at 0.95 CALIBRATION_GAP with fallback MiniLM; policy/freshness/tenant/reuse PARTIAL; integrated runtime BLOCKED.
RTC-REQ-049,Semantic Cache,Policy compatibility negative,L4 Cache,SemanticCacheManager.recall,Semantic cache MUST suppress hits when policy_hash or policy version is stale/mismatched.,NO_BYPASS_RUNTIME,E4_NEGATIVE_CONTROL,true,false,negative_controls_report,"Seed old policy, recall new policy returns MISS/BLOCKED.",Stale-policy hit; policy_hash absent; version filter ignored.,PASS only when stale-policy negative fails closed.,Block with SEMANTIC_STALE_POLICY_HIT.,verify_semantic_cache_negatives.py,policy_hash; policy_version; negative_control_path,false if policy negative missing,ACCEPTED illegal without stale-policy negative,Required for cache reuse safety.,"99 proof bundle minimum standard; 00B.4 L4 cache state policy/freshness/tenant/reuse law; recent R1B run: dense composition PASS but approved model BLOCKED, production threshold CALIBRATION_GAP, NEG-5/6/7 INFRASTRUCTURE_GAP, integrated runtime BLOCKED.","Adds explicit proof-depth, artifact, negative, source-of-truth, and fail-closed gates so ACCEPTED cannot hide weaker evidence.",agentic_core/L4_state/utils/memory/semantic_cache_manager.py; agentic_core/L0_routing/reasoning/route_gates.py; agentic_core/L4_state/contracts/records.py; scripts/proof/run_l0_route_proof_v2.py; scripts/proof/assert_l0_route_proof.py,scripts/verify_semantic_cache_certification.py; tests/runtime/test_semantic_cache_certification.py; tests/runtime/test_semantic_cache_negatives.py,semantic_cache_certification_report.md; semantic_cache_subclaims.json; negatives.json; production_threshold_calibration.json; l4_cache_state_schema_proof.json; r1b_integrated_runtime_bundle.json when runtime claimed,"Assert seed_query != live_query; L1 exact miss; L2 dense hit; reason_code=d2_semantic_hit; actual/expected model recorded; threshold actual/default recorded; production threshold run executed; TerminalRetPacket, ExitReviewPacket, X3Disposition present.","Must include below-threshold miss, lexical-overlap false-hit miss, wrong tenant, wrong namespace, stale policy, expired freshness, missing embedding ref, missing answer ref, unsafe reuse class, model unavailable, dimension mismatch, threshold override in production mode, exact-hash laundering, multiple RouteContracts, L2 execution on terminal route, and Exit bypass.","Downgrade to PARTIAL/BLOCKED if any required artifact, proof depth, subclaim, negative, replay, OTEL, or integrated-runtime condition is missing.",P0,W1-semantic-cache-closeout,python scripts/verify_runtime_certification_matrix.py && python scripts/verify_all_requirements_gates.py && python scripts/verify_all_requirements_merkle_root.py,Known current state: dense composition proof PASS; approved BGE-M3 model BLOCKED; production threshold at 0.95 CALIBRATION_GAP with fallback MiniLM; policy/freshness/tenant/reuse PARTIAL; integrated runtime BLOCKED.
RTC-REQ-050,Semantic Cache,Freshness expiration negative,L4 Cache,SemanticCacheManager + clock,Semantic cache MUST suppress expired or freshness-incompatible entries.,NO_BYPASS_RUNTIME,E4_NEGATIVE_CONTROL,true,false,negative_controls_report; clock_fixture_receipt,Expired entry returns MISS/BLOCKED with expected reason using deterministic clock/time-mocking.,Expired hit; time mock absent; freshness field ignored; marked infrastructure gap.,PASS only when expired-freshness negative is executable and passes.,Block with SEMANTIC_EXPIRED_FRESHNESS_HIT.,verify_semantic_cache_negatives.py,freshness_class; valid_until; negative_control_path,false if freshness negative is INFRASTRUCTURE_GAP,ACCEPTED illegal without freshness negative,One of the remaining open gaps.,"99 proof bundle minimum standard; 00B.4 L4 cache state policy/freshness/tenant/reuse law; recent R1B run: dense composition PASS but approved model BLOCKED, production threshold CALIBRATION_GAP, NEG-5/6/7 INFRASTRUCTURE_GAP, integrated runtime BLOCKED.","Adds explicit proof-depth, artifact, negative, source-of-truth, and fail-closed gates so ACCEPTED cannot hide weaker evidence.",agentic_core/L4_state/utils/memory/semantic_cache_manager.py; agentic_core/L0_routing/reasoning/route_gates.py; agentic_core/L4_state/contracts/records.py; scripts/proof/run_l0_route_proof_v2.py; scripts/proof/assert_l0_route_proof.py,scripts/verify_semantic_cache_certification.py; tests/runtime/test_semantic_cache_certification.py; tests/runtime/test_semantic_cache_negatives.py,semantic_cache_certification_report.md; semantic_cache_subclaims.json; negatives.json; production_threshold_calibration.json; l4_cache_state_schema_proof.json; r1b_integrated_runtime_bundle.json when runtime claimed,"Assert seed_query != live_query; L1 exact miss; L2 dense hit; reason_code=d2_semantic_hit; actual/expected model recorded; threshold actual/default recorded; production threshold run executed; TerminalRetPacket, ExitReviewPacket, X3Disposition present.","Must include below-threshold miss, lexical-overlap false-hit miss, wrong tenant, wrong namespace, stale policy, expired freshness, missing embedding ref, missing answer ref, unsafe reuse class, model unavailable, dimension mismatch, threshold override in production mode, exact-hash laundering, multiple RouteContracts, L2 execution on terminal route, and Exit bypass.","Downgrade to PARTIAL/BLOCKED if any required artifact, proof depth, subclaim, negative, replay, OTEL, or integrated-runtime condition is missing.",P0,W1-semantic-cache-closeout,python scripts/verify_runtime_certification_matrix.py && python scripts/verify_all_requirements_gates.py && python scripts/verify_all_requirements_merkle_root.py,Known current state: dense composition proof PASS; approved BGE-M3 model BLOCKED; production threshold at 0.95 CALIBRATION_GAP with fallback MiniLM; policy/freshness/tenant/reuse PARTIAL; integrated runtime BLOCKED.
RTC-REQ-051,Semantic Cache,Missing embedding ref negative,L4 Cache,SemanticCacheEntry admission,Semantic cache admission/recall MUST block or reject entries missing semantic_embedding_ref.,NO_BYPASS_RUNTIME,E4_NEGATIVE_CONTROL,true,false,negative_controls_report; cache_admission_gate_receipt,Entry without semantic_embedding_ref is blocked before reuse.,Missing embedding ref still reused; admission gate missing; marked infrastructure gap.,PASS only when missing-embedding negative fails closed.,Block with SEMANTIC_EMBEDDING_REF_MISSING_ALLOWED.,verify_semantic_cache_negatives.py,semantic_embedding_ref; negative_control_path,false if missing-ref negative is INFRASTRUCTURE_GAP,ACCEPTED illegal without missing embedding ref negative,One of the remaining open gaps.,"99 proof bundle minimum standard; 00B.4 L4 cache state policy/freshness/tenant/reuse law; recent R1B run: dense composition PASS but approved model BLOCKED, production threshold CALIBRATION_GAP, NEG-5/6/7 INFRASTRUCTURE_GAP, integrated runtime BLOCKED.","Adds explicit proof-depth, artifact, negative, source-of-truth, and fail-closed gates so ACCEPTED cannot hide weaker evidence.",agentic_core/L4_state/utils/memory/semantic_cache_manager.py; agentic_core/L0_routing/reasoning/route_gates.py; agentic_core/L4_state/contracts/records.py; scripts/proof/run_l0_route_proof_v2.py; scripts/proof/assert_l0_route_proof.py,scripts/verify_semantic_cache_certification.py; tests/runtime/test_semantic_cache_certification.py; tests/runtime/test_semantic_cache_negatives.py,semantic_cache_certification_report.md; semantic_cache_subclaims.json; negatives.json; production_threshold_calibration.json; l4_cache_state_schema_proof.json; r1b_integrated_runtime_bundle.json when runtime claimed,"Assert seed_query != live_query; L1 exact miss; L2 dense hit; reason_code=d2_semantic_hit; actual/expected model recorded; threshold actual/default recorded; production threshold run executed; TerminalRetPacket, ExitReviewPacket, X3Disposition present.","Must include below-threshold miss, lexical-overlap false-hit miss, wrong tenant, wrong namespace, stale policy, expired freshness, missing embedding ref, missing answer ref, unsafe reuse class, model unavailable, dimension mismatch, threshold override in production mode, exact-hash laundering, multiple RouteContracts, L2 execution on terminal route, and Exit bypass.","Downgrade to PARTIAL/BLOCKED if any required artifact, proof depth, subclaim, negative, replay, OTEL, or integrated-runtime condition is missing.",P0,W1-semantic-cache-closeout,python scripts/verify_runtime_certification_matrix.py && python scripts/verify_all_requirements_gates.py && python scripts/verify_all_requirements_merkle_root.py,Known current state: dense composition proof PASS; approved BGE-M3 model BLOCKED; production threshold at 0.95 CALIBRATION_GAP with fallback MiniLM; policy/freshness/tenant/reuse PARTIAL; integrated runtime BLOCKED.
RTC-REQ-052,Semantic Cache,Unsafe reuse class negative,L4 Cache,CacheAdmissionGate / SemanticCacheManager,Semantic cache MUST block reuse when reuse_safe_classes do not permit the current request class.,NO_BYPASS_RUNTIME,E4_NEGATIVE_CONTROL,true,false,negative_controls_report; reuse_policy_receipt,Unsafe reuse class returns BLOCKED/MISS with expected reason.,Unsafe class reused; reuse_safe_classes absent; admission flow missing.,PASS only when unsafe-reuse negative fails closed.,Block with UNSAFE_SEMANTIC_REUSE_ALLOWED.,verify_semantic_cache_negatives.py,reuse_safe_classes; task_class; negative_control_path,false if unsafe reuse negative is INFRASTRUCTURE_GAP,ACCEPTED illegal without unsafe reuse negative,One of the remaining open gaps.,"99 proof bundle minimum standard; 00B.4 L4 cache state policy/freshness/tenant/reuse law; recent R1B run: dense composition PASS but approved model BLOCKED, production threshold CALIBRATION_GAP, NEG-5/6/7 INFRASTRUCTURE_GAP, integrated runtime BLOCKED.","Adds explicit proof-depth, artifact, negative, source-of-truth, and fail-closed gates so ACCEPTED cannot hide weaker evidence.",agentic_core/L4_state/utils/memory/semantic_cache_manager.py; agentic_core/L0_routing/reasoning/route_gates.py; agentic_core/L4_state/contracts/records.py; scripts/proof/run_l0_route_proof_v2.py; scripts/proof/assert_l0_route_proof.py,scripts/verify_semantic_cache_certification.py; tests/runtime/test_semantic_cache_certification.py; tests/runtime/test_semantic_cache_negatives.py,semantic_cache_certification_report.md; semantic_cache_subclaims.json; negatives.json; production_threshold_calibration.json; l4_cache_state_schema_proof.json; r1b_integrated_runtime_bundle.json when runtime claimed,"Assert seed_query != live_query; L1 exact miss; L2 dense hit; reason_code=d2_semantic_hit; actual/expected model recorded; threshold actual/default recorded; production threshold run executed; TerminalRetPacket, ExitReviewPacket, X3Disposition present.","Must include below-threshold miss, lexical-overlap false-hit miss, wrong tenant, wrong namespace, stale policy, expired freshness, missing embedding ref, missing answer ref, unsafe reuse class, model unavailable, dimension mismatch, threshold override in production mode, exact-hash laundering, multiple RouteContracts, L2 execution on terminal route, and Exit bypass.","Downgrade to PARTIAL/BLOCKED if any required artifact, proof depth, subclaim, negative, replay, OTEL, or integrated-runtime condition is missing.",P0,W1-semantic-cache-closeout,python scripts/verify_runtime_certification_matrix.py && python scripts/verify_all_requirements_gates.py && python scripts/verify_all_requirements_merkle_root.py,Known current state: dense composition proof PASS; approved BGE-M3 model BLOCKED; production threshold at 0.95 CALIBRATION_GAP with fallback MiniLM; policy/freshness/tenant/reuse PARTIAL; integrated runtime BLOCKED.
RTC-REQ-053,Semantic Cache,Semantic distance miss negative,L4 Cache,SemanticCacheManager.recall,Distant semantic query MUST miss below threshold.,NO_BYPASS_RUNTIME,E4_NEGATIVE_CONTROL,true,false,negative_controls_report,Unrelated live query produces similarity below threshold and MISS.,Unrelated query hits; threshold ignored; no similarity score.,PASS only when distant query misses.,Block with SEMANTIC_DISTANCE_FALSE_HIT.,verify_semantic_cache_negatives.py,similarity_score; threshold_actual; negative_control_path,false if distance negative missing,ACCEPTED illegal without semantic distance negative,Basic semantic precision.,"99 proof bundle minimum standard; 00B.4 L4 cache state policy/freshness/tenant/reuse law; recent R1B run: dense composition PASS but approved model BLOCKED, production threshold CALIBRATION_GAP, NEG-5/6/7 INFRASTRUCTURE_GAP, integrated runtime BLOCKED.","Adds explicit proof-depth, artifact, negative, source-of-truth, and fail-closed gates so ACCEPTED cannot hide weaker evidence.",agentic_core/L4_state/utils/memory/semantic_cache_manager.py; agentic_core/L0_routing/reasoning/route_gates.py; agentic_core/L4_state/contracts/records.py; scripts/proof/run_l0_route_proof_v2.py; scripts/proof/assert_l0_route_proof.py,scripts/verify_semantic_cache_certification.py; tests/runtime/test_semantic_cache_certification.py; tests/runtime/test_semantic_cache_negatives.py,semantic_cache_certification_report.md; semantic_cache_subclaims.json; negatives.json; production_threshold_calibration.json; l4_cache_state_schema_proof.json; r1b_integrated_runtime_bundle.json when runtime claimed,"Assert seed_query != live_query; L1 exact miss; L2 dense hit; reason_code=d2_semantic_hit; actual/expected model recorded; threshold actual/default recorded; production threshold run executed; TerminalRetPacket, ExitReviewPacket, X3Disposition present.","Must include below-threshold miss, lexical-overlap false-hit miss, wrong tenant, wrong namespace, stale policy, expired freshness, missing embedding ref, missing answer ref, unsafe reuse class, model unavailable, dimension mismatch, threshold override in production mode, exact-hash laundering, multiple RouteContracts, L2 execution on terminal route, and Exit bypass.","Downgrade to PARTIAL/BLOCKED if any required artifact, proof depth, subclaim, negative, replay, OTEL, or integrated-runtime condition is missing.",P0,W1-semantic-cache-closeout,python scripts/verify_runtime_certification_matrix.py && python scripts/verify_all_requirements_gates.py && python scripts/verify_all_requirements_merkle_root.py,Known current state: dense composition proof PASS; approved BGE-M3 model BLOCKED; production threshold at 0.95 CALIBRATION_GAP with fallback MiniLM; policy/freshness/tenant/reuse PARTIAL; integrated runtime BLOCKED.
RTC-REQ-054,Semantic Cache,Lexical-overlap different meaning negative,L4 Cache,SemanticCacheManager.recall,Query with lexical overlap but different meaning MUST miss.,NO_BYPASS_RUNTIME,E4_NEGATIVE_CONTROL,true,false,negative_controls_report,Lexical-overlap distant query returns MISS/BLOCKED.,Lexical overlap alone hits; BM25-like overlap treated as semantic support.,PASS only when lexical-overlap false positive misses.,Block with SEMANTIC_LEXICAL_OVERLAP_FALSE_HIT.,verify_semantic_cache_negatives.py,live_query; seed_query; similarity_score; negative_control_path,false if lexical-overlap negative missing,ACCEPTED illegal without lexical-overlap negative,Prevents keyword cheat.,"99 proof bundle minimum standard; 00B.4 L4 cache state policy/freshness/tenant/reuse law; recent R1B run: dense composition PASS but approved model BLOCKED, production threshold CALIBRATION_GAP, NEG-5/6/7 INFRASTRUCTURE_GAP, integrated runtime BLOCKED.","Adds explicit proof-depth, artifact, negative, source-of-truth, and fail-closed gates so ACCEPTED cannot hide weaker evidence.",agentic_core/L4_state/utils/memory/semantic_cache_manager.py; agentic_core/L0_routing/reasoning/route_gates.py; agentic_core/L4_state/contracts/records.py; scripts/proof/run_l0_route_proof_v2.py; scripts/proof/assert_l0_route_proof.py,scripts/verify_semantic_cache_certification.py; tests/runtime/test_semantic_cache_certification.py; tests/runtime/test_semantic_cache_negatives.py,semantic_cache_certification_report.md; semantic_cache_subclaims.json; negatives.json; production_threshold_calibration.json; l4_cache_state_schema_proof.json; r1b_integrated_runtime_bundle.json when runtime claimed,"Assert seed_query != live_query; L1 exact miss; L2 dense hit; reason_code=d2_semantic_hit; actual/expected model recorded; threshold actual/default recorded; production threshold run executed; TerminalRetPacket, ExitReviewPacket, X3Disposition present.","Must include below-threshold miss, lexical-overlap false-hit miss, wrong tenant, wrong namespace, stale policy, expired freshness, missing embedding ref, missing answer ref, unsafe reuse class, model unavailable, dimension mismatch, threshold override in production mode, exact-hash laundering, multiple RouteContracts, L2 execution on terminal route, and Exit bypass.","Downgrade to PARTIAL/BLOCKED if any required artifact, proof depth, subclaim, negative, replay, OTEL, or integrated-runtime condition is missing.",P0,W1-semantic-cache-closeout,python scripts/verify_runtime_certification_matrix.py && python scripts/verify_all_requirements_gates.py && python scripts/verify_all_requirements_merkle_root.py,Known current state: dense composition proof PASS; approved BGE-M3 model BLOCKED; production threshold at 0.95 CALIBRATION_GAP with fallback MiniLM; policy/freshness/tenant/reuse PARTIAL; integrated runtime BLOCKED.
RTC-REQ-055,Semantic Cache,TerminalRetPacket and Exit proof for R1B,03 L0 / 05 Exit,route_gates + Exit,"R1B semantic cache hit MUST emit TerminalRetPacket, ExitReviewPacket, and X3 disposition.",COMPOSITION_RUNTIME,E5_COMPOSITION_PROOF,true,false,TerminalRetPacket; ExitReviewPacket; X3DispositionReceipt,R1B hit enters terminal route path and completes at Exit.,R1B hit stops at cache; missing ExitReviewPacket; missing X3.,PASS only when terminal and Exit artifacts exist.,Block with R1B_EXIT_CHAIN_MISSING.,verify_semantic_cache_exit_chain.py,terminal_ret_packet_ref; exit_review_packet_ref; x3_disposition_ref,false if Exit proof missing,ACCEPTED illegal if semantic hit bypasses Exit,Completes runtime chain.,"99 proof bundle minimum standard; 00B.4 L4 cache state policy/freshness/tenant/reuse law; recent R1B run: dense composition PASS but approved model BLOCKED, production threshold CALIBRATION_GAP, NEG-5/6/7 INFRASTRUCTURE_GAP, integrated runtime BLOCKED.","Adds explicit proof-depth, artifact, negative, source-of-truth, and fail-closed gates so ACCEPTED cannot hide weaker evidence.",agentic_core/L4_state/utils/memory/semantic_cache_manager.py; agentic_core/L0_routing/reasoning/route_gates.py; agentic_core/L4_state/contracts/records.py; scripts/proof/run_l0_route_proof_v2.py; scripts/proof/assert_l0_route_proof.py,scripts/verify_semantic_cache_certification.py; tests/runtime/test_semantic_cache_certification.py; tests/runtime/test_semantic_cache_negatives.py,semantic_cache_certification_report.md; semantic_cache_subclaims.json; negatives.json; production_threshold_calibration.json; l4_cache_state_schema_proof.json; r1b_integrated_runtime_bundle.json when runtime claimed,"Assert seed_query != live_query; L1 exact miss; L2 dense hit; reason_code=d2_semantic_hit; actual/expected model recorded; threshold actual/default recorded; production threshold run executed; TerminalRetPacket, ExitReviewPacket, X3Disposition present.","Must include below-threshold miss, lexical-overlap false-hit miss, wrong tenant, wrong namespace, stale policy, expired freshness, missing embedding ref, missing answer ref, unsafe reuse class, model unavailable, dimension mismatch, threshold override in production mode, exact-hash laundering, multiple RouteContracts, L2 execution on terminal route, and Exit bypass.","Downgrade to PARTIAL/BLOCKED if any required artifact, proof depth, subclaim, negative, replay, OTEL, or integrated-runtime condition is missing.",P0,W1-semantic-cache-closeout,python scripts/verify_runtime_certification_matrix.py && python scripts/verify_all_requirements_gates.py && python scripts/verify_all_requirements_merkle_root.py,Known current state: dense composition proof PASS; approved BGE-M3 model BLOCKED; production threshold at 0.95 CALIBRATION_GAP with fallback MiniLM; policy/freshness/tenant/reuse PARTIAL; integrated runtime BLOCKED.
RTC-REQ-056,Semantic Cache,R1B integrated runtime proof,U0-L6,Production runtime entrypoint,"If R1B is claimed runtime certified, the semantic cache hit MUST be produced through the single integrated runtime entry point.",INTEGRATED_RUNTIME,E6_INTEGRATED_RUNTIME_PROOF,true,false,ValidatedRequest; L1PlanContract; RouteContract_or_TerminalRoutePacket; RuntimeGateVerdictBundle; FinalEvidenceContract_when_grounded; CompiledPromptArtifact_when_model_called; SealedL2Artifact_when_L2_executes; TerminalRetPacket_when_short_circuit; ExitReviewPacket; X1VerdictBundle; X3DispositionReceipt; RuntimeExhaustBundle; OTELSpanTree; ReplayReceipt_when_claimed; NoBypassReceipt,Production entrypoint receives live paraphrase request and naturally emits R1B full artifact chain.,Composition harness only; integrated_runtime_entrypoint_used=false; manually sequenced components.,PASS only when integrated runtime entry point is used.,Block with R1B_INTEGRATED_RUNTIME_MISSING.,verify_r1b_integrated_runtime.py,integrated_runtime_entrypoint_used; route_contract_ref; exit_review_packet_ref,true only through production entrypoint,ACCEPTED illegal if only composition proof exists,Dominant outstanding gap.,"99 proof bundle minimum standard; 00B.4 L4 cache state policy/freshness/tenant/reuse law; recent R1B run: dense composition PASS but approved model BLOCKED, production threshold CALIBRATION_GAP, NEG-5/6/7 INFRASTRUCTURE_GAP, integrated runtime BLOCKED.","Adds explicit proof-depth, artifact, negative, source-of-truth, and fail-closed gates so ACCEPTED cannot hide weaker evidence.",agentic_core/L4_state/utils/memory/semantic_cache_manager.py; agentic_core/L0_routing/reasoning/route_gates.py; agentic_core/L4_state/contracts/records.py; scripts/proof/run_l0_route_proof_v2.py; scripts/proof/assert_l0_route_proof.py,scripts/verify_semantic_cache_certification.py; tests/runtime/test_semantic_cache_certification.py; tests/runtime/test_semantic_cache_negatives.py,semantic_cache_certification_report.md; semantic_cache_subclaims.json; negatives.json; production_threshold_calibration.json; l4_cache_state_schema_proof.json; r1b_integrated_runtime_bundle.json when runtime claimed,"Assert seed_query != live_query; L1 exact miss; L2 dense hit; reason_code=d2_semantic_hit; actual/expected model recorded; threshold actual/default recorded; production threshold run executed; TerminalRetPacket, ExitReviewPacket, X3Disposition present.","Must include below-threshold miss, lexical-overlap false-hit miss, wrong tenant, wrong namespace, stale policy, expired freshness, missing embedding ref, missing answer ref, unsafe reuse class, model unavailable, dimension mismatch, threshold override in production mode, exact-hash laundering, multiple RouteContracts, L2 execution on terminal route, and Exit bypass.","Downgrade to PARTIAL/BLOCKED if any required artifact, proof depth, subclaim, negative, replay, OTEL, or integrated-runtime condition is missing.",P0,W1-semantic-cache-closeout,python scripts/verify_runtime_certification_matrix.py && python scripts/verify_all_requirements_gates.py && python scripts/verify_all_requirements_merkle_root.py,Known current state: dense composition proof PASS; approved BGE-M3 model BLOCKED; production threshold at 0.95 CALIBRATION_GAP with fallback MiniLM; policy/freshness/tenant/reuse PARTIAL; integrated runtime BLOCKED.
RTC-REQ-057,Semantic Cache,R1B real OTEL proof,00C / L6 Observability,OTEL pipeline,"If observability is claimed for R1B, semantic cache proof MUST include collector-backed route/cache/exit trace and counter export.",OBSERVABILITY_RUNTIME,E7_REAL_OTEL_EXPORT,true,false,collector_receipt; span_tree_export; metric_delta_report,Route/cache/Exit spans and d2_semantic_hit counter visible in collector with same trace linkage.,In-memory-only spans; missing counter attributes; route/exit trace split.,PASS only with real collector-backed OTEL evidence.,Block with R1B_OTEL_PROOF_MISSING.,verify_r1b_otel.py,otel_artifact_path; trace_id; metric_delta_ref,true only with collector export,ACCEPTED illegal for observability on in-memory spans,Needed if row claims OTEL.,"99 proof bundle minimum standard; 00B.4 L4 cache state policy/freshness/tenant/reuse law; recent R1B run: dense composition PASS but approved model BLOCKED, production threshold CALIBRATION_GAP, NEG-5/6/7 INFRASTRUCTURE_GAP, integrated runtime BLOCKED.","Adds explicit proof-depth, artifact, negative, source-of-truth, and fail-closed gates so ACCEPTED cannot hide weaker evidence.",agentic_core/L4_state/utils/memory/semantic_cache_manager.py; agentic_core/L0_routing/reasoning/route_gates.py; agentic_core/L4_state/contracts/records.py; scripts/proof/run_l0_route_proof_v2.py; scripts/proof/assert_l0_route_proof.py,scripts/verify_semantic_cache_certification.py; tests/runtime/test_semantic_cache_certification.py; tests/runtime/test_semantic_cache_negatives.py,semantic_cache_certification_report.md; semantic_cache_subclaims.json; negatives.json; production_threshold_calibration.json; l4_cache_state_schema_proof.json; r1b_integrated_runtime_bundle.json when runtime claimed,"Assert seed_query != live_query; L1 exact miss; L2 dense hit; reason_code=d2_semantic_hit; actual/expected model recorded; threshold actual/default recorded; production threshold run executed; TerminalRetPacket, ExitReviewPacket, X3Disposition present.","Must include below-threshold miss, lexical-overlap false-hit miss, wrong tenant, wrong namespace, stale policy, expired freshness, missing embedding ref, missing answer ref, unsafe reuse class, model unavailable, dimension mismatch, threshold override in production mode, exact-hash laundering, multiple RouteContracts, L2 execution on terminal route, and Exit bypass.","Downgrade to PARTIAL/BLOCKED if any required artifact, proof depth, subclaim, negative, replay, OTEL, or integrated-runtime condition is missing.",P0,W1-semantic-cache-closeout,python scripts/verify_runtime_certification_matrix.py && python scripts/verify_all_requirements_gates.py && python scripts/verify_all_requirements_merkle_root.py,Known current state: dense composition proof PASS; approved BGE-M3 model BLOCKED; production threshold at 0.95 CALIBRATION_GAP with fallback MiniLM; policy/freshness/tenant/reuse PARTIAL; integrated runtime BLOCKED.
RTC-REQ-058,Semantic Cache,R1B replay proof,05 Exit / L6 Replay,Replay verifier,"If replay is claimed for R1B, same paraphrase request MUST replay to same R1B route and same X3 disposition with stable digest.",REPLAY_RUNTIME,E8_REPLAY_DETERMINISM,true,false,original_bundle; replay_bundle; replay_comparison_receipt,"Replay keeps route_id=R1B, reason_code=d2_semantic_hit, X3 disposition stable, digest stable.",Route changes; reason code changes; X3 changes; digest mismatch.,PASS only with replay pair comparison.,Block with R1B_REPLAY_GAP.,verify_r1b_replay.py,replay_artifact_path; replay_digest; reason_code; route_id,true only with replay proof,ACCEPTED illegal for replay claim without replay pair,Needed if row claims replay.,"99 proof bundle minimum standard; 00B.4 L4 cache state policy/freshness/tenant/reuse law; recent R1B run: dense composition PASS but approved model BLOCKED, production threshold CALIBRATION_GAP, NEG-5/6/7 INFRASTRUCTURE_GAP, integrated runtime BLOCKED.","Adds explicit proof-depth, artifact, negative, source-of-truth, and fail-closed gates so ACCEPTED cannot hide weaker evidence.",agentic_core/L4_state/utils/memory/semantic_cache_manager.py; agentic_core/L0_routing/reasoning/route_gates.py; agentic_core/L4_state/contracts/records.py; scripts/proof/run_l0_route_proof_v2.py; scripts/proof/assert_l0_route_proof.py,scripts/verify_semantic_cache_certification.py; tests/runtime/test_semantic_cache_certification.py; tests/runtime/test_semantic_cache_negatives.py,semantic_cache_certification_report.md; semantic_cache_subclaims.json; negatives.json; production_threshold_calibration.json; l4_cache_state_schema_proof.json; r1b_integrated_runtime_bundle.json when runtime claimed,"Assert seed_query != live_query; L1 exact miss; L2 dense hit; reason_code=d2_semantic_hit; actual/expected model recorded; threshold actual/default recorded; production threshold run executed; TerminalRetPacket, ExitReviewPacket, X3Disposition present.","Must include below-threshold miss, lexical-overlap false-hit miss, wrong tenant, wrong namespace, stale policy, expired freshness, missing embedding ref, missing answer ref, unsafe reuse class, model unavailable, dimension mismatch, threshold override in production mode, exact-hash laundering, multiple RouteContracts, L2 execution on terminal route, and Exit bypass.","Downgrade to PARTIAL/BLOCKED if any required artifact, proof depth, subclaim, negative, replay, OTEL, or integrated-runtime condition is missing.",P0,W1-semantic-cache-closeout,python scripts/verify_runtime_certification_matrix.py && python scripts/verify_all_requirements_gates.py && python scripts/verify_all_requirements_merkle_root.py,Known current state: dense composition proof PASS; approved BGE-M3 model BLOCKED; production threshold at 0.95 CALIBRATION_GAP with fallback MiniLM; policy/freshness/tenant/reuse PARTIAL; integrated runtime BLOCKED.
RTC-REQ-059,Semantic Cache,Safe cache reuse via dense + LLM-judge veto composite proof,L4 Cache / L0 Routing,SemanticCacheManager + VetoOrchestrator (lexical pre-veto + LLM-judge veto),"The safe-reuse composite proof certifies that approved dense candidate generation + C-primary LLM-judge safety veto together admit only safe cache reuses. PASS only when (a) R1B_APPROVED_MODEL_PROOF=PASS, (b) R1B_SEMANTIC_CACHE_SAFETY_VETO_PROOF=PASS, (c) R1B_NEGATIVE_CONTROL_PROOF=PASS, (d) R1B_POLICY_FRESHNESS_TENANT_REUSE_PROOF=PASS, (e) R1B_TERMINAL_EXIT_PROOF=PASS, (f) threshold_sweep_results_with_veto.unsafe_fp_count=0 at configured threshold, and (g) any LLM judge UNKNOWN/ERROR/timeout/parse-failure/malformed-output blocks reuse. Dense threshold is reclassified as candidate-generation, not final semantic-equivalence.",COMPOSITION_RUNTIME,E5_COMPOSITION_PROOF,true,false,veto_evaluation_report.json; threshold_sweep_results_with_veto.json; semantic_cache_veto_policy.json; author_gate_w1p5_decision.json; llm_judge_rubric.md,"primary_veto_mode=C_PRIMARY_LLM_JUDGE; llm_judge_invocation_count>0; rubric_hash recorded; author_gate.explicit_approval.status=APPROVED; sweep metrics_table row at configured threshold with TP>=TP_min, FN=0, unsafe_fp_count=0, hard_negative_allowed_count=0; veto report status=PASS with safety_score>=0.99.",Must block: lexical-overlap different meaning; opposite semantic direction; negation scope change; policy/tenant/freshness drift; LLM judge UNKNOWN verdict; LLM judge malformed JSON output; LLM judge timeout; LLM judge provider error; lexical-only reuse when LLM judge did not run; approval artifact missing.,PASS only when composer emits R1B_SAFE_REUSE_COMPOSITE_PROOF=PASS AND its 5 input subclaims are all PASS AND the sweep confusion matrix at configured threshold shows unsafe_fp_count=0 AND hard_negative_allowed_count=0. Otherwise PARTIAL; BLOCKED if any input is BLOCKED or INFRASTRUCTURE_GAP.,Block with R1B_SAFE_REUSE_COMPOSITE_MISSING. Any UNKNOWN/ERROR/timeout/parse-failure in veto invocation counts MUST NOT be reclassified as PASS; fail-closed is mandatory.,python scripts/compose_semantic_cache_subclaims.py && python scripts/verify_semantic_cache_certification.py --strict && pytest tests/runtime/test_veto_fail_closed.py tests/runtime/test_safe_reuse_composite.py,primary_veto_mode; llm_judge_invocation_count; rubric_hash; unsafe_fp_count; hard_negative_allowed_count; author_gate_explicit_approval_status,false if any required subclaim not PASS; false if sweep unsafe_fp_count>0; false if Author-Gate Wave A.3 not APPROVED,"ACCEPTED illegal if any fail-closed counter was a non-fail-closed escape, or if threshold sweep shows any safety escape at the configured threshold.","W1p6 requirement. Splits safe-reuse from dense-only semantic-equivalence. Legacy RTC-REQ-055 continues to carry the dense-only finding (PARTIAL, threshold CALIBRATION_GAP). RTC-REQ-059 may be certified independently because its invariants (approved model + veto blocks unsafe FPs + evidence fully instrumented) are orthogonal to the threshold-equivalence question.",W1p5 layered veto architecture; Author-Gate 2026-04-30 C-primary approval; confusion-matrix-per-threshold safety reporting; fail-closed invocation-count instrumentation.,Closes the mismatch between the old dense-only threshold requirement and the now-approved dense+veto architecture. Prevents silent conversion of the old CALIBRATION_GAP into PASS.,tools/certification/safety/veto_orchestrator.py; tools/certification/safety/llm_judge_veto.py; tools/certification/safety/lexical_intent_veto.py; tools/certification/evidence/probe_semantic_cache_veto.py; tools/certification/evidence/probe_threshold_sweep_with_veto.py; scripts/compose_semantic_cache_subclaims.py; agentic_core/runtime/prove_requirements/r1b_subclaim_schema.py,scripts/verify_semantic_cache_certification.py; tests/runtime/test_veto_fail_closed.py; tests/runtime/test_safe_reuse_composite.py,veto_evaluation_report.json; threshold_sweep_results_with_veto.json; semantic_cache_subclaims.json (with R1B_SAFE_REUSE_COMPOSITE_PROOF); semantic_cache_certification_report.json/md; runtime_evidence_overrides.json; requirement_architecture_alignment_report.md,Sidecar contains R1B_SAFE_REUSE_COMPOSITE_PROOF; composer rule 9 documented; sweep at configured threshold returns unsafe_fp_count=0 and hard_negative_allowed_count=0; veto probe reports primary_veto_mode=C_PRIMARY_LLM_JUDGE and llm_judge_invocation_count>0.,Composer must not emit PASS when any required input subclaim is not PASS; must not emit PASS when sweep has no row at configured threshold; must not emit PASS when unsafe_fp_count>0; must not emit PASS when hard_negative_allowed_count>0; must not emit PASS when veto FN>0; must not emit PASS when Author-Gate PENDING.,"PARTIAL when any of the 5 input subclaims is not PASS, or when the sweep at configured threshold is missing or has unsafe_fp_count>0. BLOCKED when any input is BLOCKED or INFRASTRUCTURE_GAP, or when the sweep artifact is missing entirely.",P0,W1p6-requirement-architecture-alignment,python scripts/compose_semantic_cache_subclaims.py && python scripts/verify_semantic_cache_certification.py --strict && python scripts/verify_runtime_certification_matrix.py,W1p6 initial state: composite subclaim introduced; RTC-REQ-059 row added to hardened CSV; acceptance depends on composer output for the current sidecar.
RTC-REQ-060,Cache,R1A exact cache normalized request hash,L4 Cache,Exact cache,R1A exact cache MUST use normalized_request_hash or equivalent deterministic key for exact request reuse.,COMPONENT_RUNTIME,E3_COMPONENT_TEST,true,false,ExactCacheEntry; CacheLookupReceipt,Exact key derived from normalized request and same query hits exact answer.,Unnormalized key; case/space drift causes unsafe hit/miss; hash missing.,PASS only when deterministic exact key proof exists.,Block with EXACT_CACHE_KEY_GAP.,verify_exact_cache.py,normalized_request_hash; cache_entry_id; answer_ref,false if exact key proof missing,ACCEPTED illegal without exact key evidence,R1A cache base.,"00B.4 L4 cache state: durable, policy-compatible, freshness-aware reuse records, read by L0/C0, mutated only through UWG.","Adds explicit proof-depth, artifact, negative, source-of-truth, and fail-closed gates so ACCEPTED cannot hide weaker evidence.",agentic_core/L4_state/contracts/records.py; agentic_core/L4_state/utils/memory/l1_exact_cache.py; agentic_core/L4_state/utils/memory/semantic_cache_manager.py; agentic_core/L4_state/uwg/*,scripts/verify_cache_certification.py; tests/runtime/test_cache_certification.py; tests/runtime/test_cache_negatives.py,cache_certification_report.md; cache_lookup_receipts.json; cache_invalidation_receipts.json; uwg_cache_commit_receipts.json when durable mutation claimed,Assert tenant/policy/freshness/reuse compatibility and cache lookup/admission receipts.,"Must include exact miss, wrong tenant, stale policy, expired freshness, missing lineage, direct write bypass, Exit bypass.","Downgrade to PARTIAL/BLOCKED if any required artifact, proof depth, subclaim, negative, replay, OTEL, or integrated-runtime condition is missing.",P0,W1-cache-state-safety,python scripts/verify_runtime_certification_matrix.py && python scripts/verify_all_requirements_gates.py && python scripts/verify_all_requirements_merkle_root.py,
RTC-REQ-061,Cache,R1A wrong tenant negative,L4 Cache,Exact cache,Exact cache MUST not return entries across tenant_scope mismatch.,NO_BYPASS_RUNTIME,E4_NEGATIVE_CONTROL,true,false,negative_controls_report,"Seed tenant A, recall tenant B misses/blocks.",Wrong-tenant exact hit.,PASS only when tenant isolation negative passes.,Block with EXACT_CACHE_TENANT_BLEED.,verify_exact_cache_negatives.py,tenant_scope; negative_control_path,false if tenant negative missing,ACCEPTED illegal without tenant isolation,Cache safety.,"00B.4 L4 cache state: durable, policy-compatible, freshness-aware reuse records, read by L0/C0, mutated only through UWG.","Adds explicit proof-depth, artifact, negative, source-of-truth, and fail-closed gates so ACCEPTED cannot hide weaker evidence.",agentic_core/L4_state/contracts/records.py; agentic_core/L4_state/utils/memory/l1_exact_cache.py; agentic_core/L4_state/utils/memory/semantic_cache_manager.py; agentic_core/L4_state/uwg/*,scripts/verify_cache_certification.py; tests/runtime/test_cache_certification.py; tests/runtime/test_cache_negatives.py,cache_certification_report.md; cache_lookup_receipts.json; cache_invalidation_receipts.json; uwg_cache_commit_receipts.json when durable mutation claimed,Assert tenant/policy/freshness/reuse compatibility and cache lookup/admission receipts.,"Must include exact miss, wrong tenant, stale policy, expired freshness, missing lineage, direct write bypass, Exit bypass.","Downgrade to PARTIAL/BLOCKED if any required artifact, proof depth, subclaim, negative, replay, OTEL, or integrated-runtime condition is missing.",P0,W1-cache-state-safety,python scripts/verify_runtime_certification_matrix.py && python scripts/verify_all_requirements_gates.py && python scripts/verify_all_requirements_merkle_root.py,
RTC-REQ-062,Cache,R1A stale policy negative,L4 Cache,Exact cache,Exact cache MUST not return stale policy-incompatible entries.,NO_BYPASS_RUNTIME,E4_NEGATIVE_CONTROL,true,false,negative_controls_report,"Old policy seed, new policy recall misses/blocks.",Stale exact hit.,PASS only when policy negative passes.,Block with EXACT_CACHE_STALE_POLICY_HIT.,verify_exact_cache_negatives.py,policy_hash; negative_control_path,false if policy negative missing,ACCEPTED illegal without stale policy negative,Cache safety.,"00B.4 L4 cache state: durable, policy-compatible, freshness-aware reuse records, read by L0/C0, mutated only through UWG.","Adds explicit proof-depth, artifact, negative, source-of-truth, and fail-closed gates so ACCEPTED cannot hide weaker evidence.",agentic_core/L4_state/contracts/records.py; agentic_core/L4_state/utils/memory/l1_exact_cache.py; agentic_core/L4_state/utils/memory/semantic_cache_manager.py; agentic_core/L4_state/uwg/*,scripts/verify_cache_certification.py; tests/runtime/test_cache_certification.py; tests/runtime/test_cache_negatives.py,cache_certification_report.md; cache_lookup_receipts.json; cache_invalidation_receipts.json; uwg_cache_commit_receipts.json when durable mutation claimed,Assert tenant/policy/freshness/reuse compatibility and cache lookup/admission receipts.,"Must include exact miss, wrong tenant, stale policy, expired freshness, missing lineage, direct write bypass, Exit bypass.","Downgrade to PARTIAL/BLOCKED if any required artifact, proof depth, subclaim, negative, replay, OTEL, or integrated-runtime condition is missing.",P0,W1-cache-state-safety,python scripts/verify_runtime_certification_matrix.py && python scripts/verify_all_requirements_gates.py && python scripts/verify_all_requirements_merkle_root.py,
RTC-REQ-063,Cache,Cache fixture seeding labelled fixture-only,99 / L4 Cache,Proof harness,"If proof seeds cache directly for test setup, it MUST be labelled fixture-only and MUST NOT count as production durable cache mutation.",STATIC_ENFORCEMENT,E2_STATIC_CHECK,true,false,fixture_seed_receipt,CacheLineage or seed receipt states fixture_only=true and production_durable_write_claim=false.,Fixture seed described as production write; no UWG receipt; hidden direct set.,"ACCEPTED only as fixture setup, not L4 durable write proof.",Block with FIXTURE_SEED_MISCLASSIFIED.,verify_cache_seed_classification.py,fixture_only; uwg_receipt_ref; production_durable_write_claim,false for durable write unless UWG receipt exists,ACCEPTED illegal if direct seed claims production mutation,Prevents cache write laundering.,"00B.4 L4 cache state: durable, policy-compatible, freshness-aware reuse records, read by L0/C0, mutated only through UWG.","Adds explicit proof-depth, artifact, negative, source-of-truth, and fail-closed gates so ACCEPTED cannot hide weaker evidence.",agentic_core/L4_state/contracts/records.py; agentic_core/L4_state/utils/memory/l1_exact_cache.py; agentic_core/L4_state/utils/memory/semantic_cache_manager.py; agentic_core/L4_state/uwg/*,scripts/verify_cache_certification.py; tests/runtime/test_cache_certification.py; tests/runtime/test_cache_negatives.py,cache_certification_report.md; cache_lookup_receipts.json; cache_invalidation_receipts.json; uwg_cache_commit_receipts.json when durable mutation claimed,Assert tenant/policy/freshness/reuse compatibility and cache lookup/admission receipts.,"Must include exact miss, wrong tenant, stale policy, expired freshness, missing lineage, direct write bypass, Exit bypass.","Downgrade to PARTIAL/BLOCKED if any required artifact, proof depth, subclaim, negative, replay, OTEL, or integrated-runtime condition is missing.",P0,W1-cache-state-safety,python scripts/verify_runtime_certification_matrix.py && python scripts/verify_all_requirements_gates.py && python scripts/verify_all_requirements_merkle_root.py,
RTC-REQ-064,Cache,Production cache mutation through UWG only,00B L4 / UWG,Universal Write Gateway,Any production durable cache entry creation/update MUST pass through UWG.,NO_BYPASS_RUNTIME,E4_NEGATIVE_CONTROL,true,true,CommitRequest; UWGCommitReceipt; audit_ledger_receipt,"Durable cache mutation includes CommitRequest, UWG validation, write lock, atomic commit, audit append.",cache.set directly mutates production store; no UWG; tool/script writes L4.,PASS only when UWG receipt exists for durable mutation.,Block with CACHE_DIRECT_WRITE_BYPASS.,verify_cache_uwg_write.py,uwg_receipt_ref; commit_request_ref; audit_refs,false if direct write detected,ACCEPTED illegal for durable cache write without UWG,General L4 law.,"00B.4 L4 cache state: durable, policy-compatible, freshness-aware reuse records, read by L0/C0, mutated only through UWG.","Adds explicit proof-depth, artifact, negative, source-of-truth, and fail-closed gates so ACCEPTED cannot hide weaker evidence.",agentic_core/L4_state/contracts/records.py; agentic_core/L4_state/utils/memory/l1_exact_cache.py; agentic_core/L4_state/utils/memory/semantic_cache_manager.py; agentic_core/L4_state/uwg/*,scripts/verify_cache_certification.py; tests/runtime/test_cache_certification.py; tests/runtime/test_cache_negatives.py,cache_certification_report.md; cache_lookup_receipts.json; cache_invalidation_receipts.json; uwg_cache_commit_receipts.json when durable mutation claimed,Assert tenant/policy/freshness/reuse compatibility and cache lookup/admission receipts.,"Must include exact miss, wrong tenant, stale policy, expired freshness, missing lineage, direct write bypass, Exit bypass.","Downgrade to PARTIAL/BLOCKED if any required artifact, proof depth, subclaim, negative, replay, OTEL, or integrated-runtime condition is missing.",P0,W1-cache-state-safety,python scripts/verify_runtime_certification_matrix.py && python scripts/verify_all_requirements_gates.py && python scripts/verify_all_requirements_merkle_root.py,
RTC-REQ-065,Cache,Cache lineage required for factual answers,L4 Cache / C0,Cache state,Cache entries returning factual answers MUST preserve answer_ref and evidence/source lineage where required by task class.,COMPONENT_RUNTIME,E4_NEGATIVE_CONTROL,true,false,CacheEntry; source_lineage_receipt,Entry has answer_ref and source/evidence refs when factual support required.,Answer without lineage; evidence contract missing; factual cache returns unsupported answer.,PASS only when lineage exists or task class explicitly allows no evidence.,Block with CACHE_LINEAGE_GAP.,verify_cache_lineage.py,answer_ref; evidence_contract_ref; source_snapshot_refs,false for factual answer without lineage,ACCEPTED illegal if factual cache lacks lineage,Prevents unsupported cache answers.,"00B.4 L4 cache state: durable, policy-compatible, freshness-aware reuse records, read by L0/C0, mutated only through UWG.","Adds explicit proof-depth, artifact, negative, source-of-truth, and fail-closed gates so ACCEPTED cannot hide weaker evidence.",agentic_core/L4_state/contracts/records.py; agentic_core/L4_state/utils/memory/l1_exact_cache.py; agentic_core/L4_state/utils/memory/semantic_cache_manager.py; agentic_core/L4_state/uwg/*,scripts/verify_cache_certification.py; tests/runtime/test_cache_certification.py; tests/runtime/test_cache_negatives.py,cache_certification_report.md; cache_lookup_receipts.json; cache_invalidation_receipts.json; uwg_cache_commit_receipts.json when durable mutation claimed,Assert tenant/policy/freshness/reuse compatibility and cache lookup/admission receipts.,"Must include exact miss, wrong tenant, stale policy, expired freshness, missing lineage, direct write bypass, Exit bypass.","Downgrade to PARTIAL/BLOCKED if any required artifact, proof depth, subclaim, negative, replay, OTEL, or integrated-runtime condition is missing.",P0,W1-cache-state-safety,python scripts/verify_runtime_certification_matrix.py && python scripts/verify_all_requirements_gates.py && python scripts/verify_all_requirements_merkle_root.py,
RTC-REQ-066,Cache,Cache invalidation proof,L4 Cache,Cache invalidation,"Cache system MUST emit invalidation receipts for policy, source, freshness, registry, or model changes that invalidate reuse.",STATIC_ENFORCEMENT,E2_STATIC_CHECK,true,false,cache_invalidation_receipt,Invalidation trigger produces deterministic receipt and affected entries are no longer returned.,Policy/source/model change leaves stale cache valid; no receipt.,PASS only when invalidation path exists and negative proves stale reuse blocked.,Block with CACHE_INVALIDATION_GAP.,verify_cache_invalidation.py,invalidation_receipt_ref; policy_hash; source_snapshot_refs,false if invalidation absent,ACCEPTED illegal for cache safety without invalidation,Important for production.,"00B.4 L4 cache state: durable, policy-compatible, freshness-aware reuse records, read by L0/C0, mutated only through UWG.","Adds explicit proof-depth, artifact, negative, source-of-truth, and fail-closed gates so ACCEPTED cannot hide weaker evidence.",agentic_core/L4_state/contracts/records.py; agentic_core/L4_state/utils/memory/l1_exact_cache.py; agentic_core/L4_state/utils/memory/semantic_cache_manager.py; agentic_core/L4_state/uwg/*,scripts/verify_cache_certification.py; tests/runtime/test_cache_certification.py; tests/runtime/test_cache_negatives.py,cache_certification_report.md; cache_lookup_receipts.json; cache_invalidation_receipts.json; uwg_cache_commit_receipts.json when durable mutation claimed,Assert tenant/policy/freshness/reuse compatibility and cache lookup/admission receipts.,"Must include exact miss, wrong tenant, stale policy, expired freshness, missing lineage, direct write bypass, Exit bypass.","Downgrade to PARTIAL/BLOCKED if any required artifact, proof depth, subclaim, negative, replay, OTEL, or integrated-runtime condition is missing.",P0,W1-cache-state-safety,python scripts/verify_runtime_certification_matrix.py && python scripts/verify_all_requirements_gates.py && python scripts/verify_all_requirements_merkle_root.py,
RTC-REQ-067,Cache,L4 cache state schema fields accounted,00B L4,SemanticCacheEntry / CacheLookupReceipt,"Cache certification MUST account for tenant scope, normalized request hash, semantic embedding ref where applicable, answer ref, policy hash, blueprint hash, freshness class, reuse constraints, deterministic digest, and audit refs.",STATIC_CONTRACT,E2_STATIC_CHECK,true,false,l4_cache_state_schema_proof.json,Schema proof maps each required concept to production field or explains name mismatch.,Missing field; name mismatch not explained; normalized hash not carried anywhere.,ACCEPTED only when all required concepts are accounted for.,Block with CACHE_SCHEMA_FIELD_GAP.,verify_l4_cache_schema.py,tenant_scope; normalized_request_hash; semantic_embedding_ref; answer_ref; policy_hash; blueprint_hash; freshness_class; reuse_safe_classes; deterministic_digest; audit_refs,false if schema incomplete,ACCEPTED illegal if required cache concept unaccounted,Allows mapped names like tenant_scope.,"00B.4 L4 cache state: durable, policy-compatible, freshness-aware reuse records, read by L0/C0, mutated only through UWG.","Adds explicit proof-depth, artifact, negative, source-of-truth, and fail-closed gates so ACCEPTED cannot hide weaker evidence.",agentic_core/L4_state/contracts/records.py; agentic_core/L4_state/utils/memory/l1_exact_cache.py; agentic_core/L4_state/utils/memory/semantic_cache_manager.py; agentic_core/L4_state/uwg/*,scripts/verify_cache_certification.py; tests/runtime/test_cache_certification.py; tests/runtime/test_cache_negatives.py,cache_certification_report.md; cache_lookup_receipts.json; cache_invalidation_receipts.json; uwg_cache_commit_receipts.json when durable mutation claimed,Assert tenant/policy/freshness/reuse compatibility and cache lookup/admission receipts.,"Must include exact miss, wrong tenant, stale policy, expired freshness, missing lineage, direct write bypass, Exit bypass.","Downgrade to PARTIAL/BLOCKED if any required artifact, proof depth, subclaim, negative, replay, OTEL, or integrated-runtime condition is missing.",P0,W1-cache-state-safety,python scripts/verify_runtime_certification_matrix.py && python scripts/verify_all_requirements_gates.py && python scripts/verify_all_requirements_merkle_root.py,
RTC-REQ-070,L4/UWG,No direct durable write from L2,04 L2 / 00B UWG,L2 execution + UWG,L2 may emit proposed_state_diff only; it MUST NOT write durable L4 state directly.,NO_BYPASS_RUNTIME,E4_NEGATIVE_CONTROL,true,true,L2SealedArtifact; StateDiffCandidate; no_direct_write_receipt,Static and runtime checks prove L2 writes no L4 files/stores except inert proposed diff.,L2 direct write path; tool writes L4; proposed diff committed without Exit/UWG.,ACCEPTED only when direct-write negative blocks.,Block with L2_DIRECT_L4_WRITE.,verify_no_l2_direct_write.py,proposed_state_diff_ref; uwg_receipt_ref; negative_control_path,false if direct write found,ACCEPTED illegal if L2 can mutate L4,Core governance law.,00B L4/UWG durable write sovereignty: L2/L6/tools/models cannot write L4 directly; UWG owns mutation admission.,"Adds explicit proof-depth, artifact, negative, source-of-truth, and fail-closed gates so ACCEPTED cannot hide weaker evidence.",agentic_core/L4_state/*; agentic_core/L4_state/uwg/*; tests/runtime/*uwg*; tests/runtime/*direct_write*,scripts/verify_uwg_write_sequence.py; tests/runtime/test_no_direct_l4_write.py,L2SealedArtifact; StateDiffCandidate; no_direct_write_receipt,Static and runtime checks prove L2 writes no L4 files/stores except inert proposed diff.,L2 direct write path; tool writes L4; proposed diff committed without Exit/UWG.,"Downgrade to PARTIAL/BLOCKED if any required artifact, proof depth, subclaim, negative, replay, OTEL, or integrated-runtime condition is missing.",P1,W5-layer-hardening,python scripts/verify_runtime_certification_matrix.py && python scripts/verify_all_requirements_gates.py && python scripts/verify_all_requirements_merkle_root.py,
RTC-REQ-071,L4/UWG,No direct durable write from L6,06 L6 / 00B UWG,L6 learning + UWG,"L6 may propose future-run learning, but MUST NOT directly mutate L4.",NO_BYPASS_RUNTIME,E4_NEGATIVE_CONTROL,true,true,LearningProposal; UWGPromotionRequest; no_direct_write_receipt,L6 emits proposal/gauntlet result only; UWG handles durable promotion.,L6 writes memory/policy directly; failed gauntlet promoted; raw telemetry becomes memory.,ACCEPTED only when L6 direct write negative blocks.,Block with L6_DIRECT_L4_WRITE.,verify_no_l6_direct_write.py,learning_proposal_ref; uwg_receipt_ref; negative_control_path,false if direct write found,ACCEPTED illegal if L6 can mutate L4,Learning firewall.,00B L4/UWG durable write sovereignty: L2/L6/tools/models cannot write L4 directly; UWG owns mutation admission.,"Adds explicit proof-depth, artifact, negative, source-of-truth, and fail-closed gates so ACCEPTED cannot hide weaker evidence.",agentic_core/L4_state/*; agentic_core/L4_state/uwg/*; tests/runtime/*uwg*; tests/runtime/*direct_write*,scripts/verify_uwg_write_sequence.py; tests/runtime/test_no_direct_l4_write.py,LearningProposal; UWGPromotionRequest; no_direct_write_receipt,L6 emits proposal/gauntlet result only; UWG handles durable promotion.,L6 writes memory/policy directly; failed gauntlet promoted; raw telemetry becomes memory.,"Downgrade to PARTIAL/BLOCKED if any required artifact, proof depth, subclaim, negative, replay, OTEL, or integrated-runtime condition is missing.",P1,W5-layer-hardening,python scripts/verify_runtime_certification_matrix.py && python scripts/verify_all_requirements_gates.py && python scripts/verify_all_requirements_merkle_root.py,
RTC-REQ-072,L4/UWG,UWG write sequence complete,00B UWG,Universal Write Gateway,"UWG durable mutation proof MUST include CommitRequest validation, StateDiff validation, write lock, atomic commit or blocked commit, rollback readiness, audit ledger append, and read-surface refresh when applicable.",INTEGRATED_RUNTIME,E6_INTEGRATED_RUNTIME_PROOF,true,true,CommitRequest; StateDiffValidationReceipt; WriteLockReceipt; CommitReceipt; AuditLedgerReceipt; ReadSurfaceRefreshReceipt,All write sequence receipts present and chained.,Missing lock; missing audit; direct commit; refresh skipped; rollback missing.,ACCEPTED only when complete UWG write chain exists.,Block with UWG_WRITE_CHAIN_GAP.,verify_uwg_write_sequence.py,commit_request_ref; write_lock_ref; audit_refs; read_surface_refresh_ref,true only for complete UWG write,ACCEPTED illegal for durable write without full UWG chain,Durable mutation certification.,00B L4/UWG durable write sovereignty: L2/L6/tools/models cannot write L4 directly; UWG owns mutation admission.,"Adds explicit proof-depth, artifact, negative, source-of-truth, and fail-closed gates so ACCEPTED cannot hide weaker evidence.",agentic_core/L4_state/*; agentic_core/L4_state/uwg/*; tests/runtime/*uwg*; tests/runtime/*direct_write*,scripts/verify_uwg_write_sequence.py; tests/runtime/test_no_direct_l4_write.py,CommitRequest; StateDiffValidationReceipt; WriteLockReceipt; CommitReceipt; AuditLedgerReceipt; ReadSurfaceRefreshReceipt,All write sequence receipts present and chained.,Missing lock; missing audit; direct commit; refresh skipped; rollback missing.,"Downgrade to PARTIAL/BLOCKED if any required artifact, proof depth, subclaim, negative, replay, OTEL, or integrated-runtime condition is missing.",P1,W5-layer-hardening,python scripts/verify_runtime_certification_matrix.py && python scripts/verify_all_requirements_gates.py && python scripts/verify_all_requirements_merkle_root.py,
RTC-REQ-073,L4/UWG,L4 read-surface refresh after commit,00B L4,Read surface manager,"After approved durable mutation, L4 MUST refresh affected read surfaces or emit a reasoned not-required receipt.",COMPONENT_RUNTIME,E4_NEGATIVE_CONTROL,true,true,ReadSurfaceRefreshReceipt,Receipt declares affected indexes/surfaces and refresh status.,Commit without read surface update; stale index served; missing not-required reason.,ACCEPTED only when refresh or explicit not-required proof exists.,Block with READ_SURFACE_REFRESH_GAP.,verify_l4_read_surface_refresh.py,read_surface_refresh_ref; affected_surface_refs,false if refresh status missing,ACCEPTED illegal if stale read surface possible,Important for caches/retrieval.,00B L4/UWG durable write sovereignty: L2/L6/tools/models cannot write L4 directly; UWG owns mutation admission.,"Adds explicit proof-depth, artifact, negative, source-of-truth, and fail-closed gates so ACCEPTED cannot hide weaker evidence.",agentic_core/L4_state/*; agentic_core/L4_state/uwg/*; tests/runtime/*uwg*; tests/runtime/*direct_write*,scripts/verify_uwg_write_sequence.py; tests/runtime/test_no_direct_l4_write.py,ReadSurfaceRefreshReceipt,Receipt declares affected indexes/surfaces and refresh status.,Commit without read surface update; stale index served; missing not-required reason.,"Downgrade to PARTIAL/BLOCKED if any required artifact, proof depth, subclaim, negative, replay, OTEL, or integrated-runtime condition is missing.",P1,W5-layer-hardening,python scripts/verify_runtime_certification_matrix.py && python scripts/verify_all_requirements_gates.py && python scripts/verify_all_requirements_merkle_root.py,
RTC-REQ-080,Runtime Gates,UNKNOWN is never PASS,00C Runtime Gates,GateVerdict schema,Runtime GateVerdict UNKNOWN MUST never aggregate as PASS.,NO_BYPASS_RUNTIME,E4_NEGATIVE_CONTROL,true,false,gate_verdict_negative_report,Fixture with UNKNOWN blocks or escalates according to policy.,UNKNOWN treated as PASS; missing reason accepted.,ACCEPTED only when UNKNOWN fail-closed tests pass.,Block with GATE_UNKNOWN_PASSED.,verify_gate_schema_invariants.py,gate_result; expected_fail_reason; negative_control_path,false if UNKNOWN can pass,ACCEPTED illegal if UNKNOWN maps to PASS,Core runtime gate law.,"00C Runtime Gates: GateVerdict evidence only, UNKNOWN never PASS, Exit owns final X3, UWG owns durable mutation.","Adds explicit proof-depth, artifact, negative, source-of-truth, and fail-closed gates so ACCEPTED cannot hide weaker evidence.",agentic_core/runtime/gates/*; 00C runtime gate verifier scripts; tests/runtime/test_tier*_gate_schema*,scripts/verify_runtime_gates.py; tests/runtime/test_gate_verdict_schema.py,gate_verdict_negative_report,Fixture with UNKNOWN blocks or escalates according to policy.,UNKNOWN treated as PASS; missing reason accepted.,"Downgrade to PARTIAL/BLOCKED if any required artifact, proof depth, subclaim, negative, replay, OTEL, or integrated-runtime condition is missing.",P1,W5-layer-hardening,python scripts/verify_runtime_certification_matrix.py && python scripts/verify_all_requirements_gates.py && python scripts/verify_all_requirements_merkle_root.py,
RTC-REQ-081,Runtime Gates,NOT_APPLICABLE requires reason,00C Runtime Gates,GateVerdict schema,GateVerdict NOT_APPLICABLE MUST include a reason and scope.,NO_BYPASS_RUNTIME,E4_NEGATIVE_CONTROL,true,false,gate_verdict_negative_report,N/A without reason fails schema; N/A with reason passes only when gate not relevant.,N/A blank reason; N/A used to bypass required gate.,ACCEPTED only when N/A reason enforcement passes.,Block with GATE_NA_REASON_MISSING.,verify_gate_schema_invariants.py,gate_result; na_reason; negative_control_path,false if N/A reason missing,ACCEPTED illegal if N/A can hide gate,Prevents silent skip.,"00C Runtime Gates: GateVerdict evidence only, UNKNOWN never PASS, Exit owns final X3, UWG owns durable mutation.","Adds explicit proof-depth, artifact, negative, source-of-truth, and fail-closed gates so ACCEPTED cannot hide weaker evidence.",agentic_core/runtime/gates/*; 00C runtime gate verifier scripts; tests/runtime/test_tier*_gate_schema*,scripts/verify_runtime_gates.py; tests/runtime/test_gate_verdict_schema.py,gate_verdict_negative_report,N/A without reason fails schema; N/A with reason passes only when gate not relevant.,N/A blank reason; N/A used to bypass required gate.,"Downgrade to PARTIAL/BLOCKED if any required artifact, proof depth, subclaim, negative, replay, OTEL, or integrated-runtime condition is missing.",P1,W5-layer-hardening,python scripts/verify_runtime_certification_matrix.py && python scripts/verify_all_requirements_gates.py && python scripts/verify_all_requirements_merkle_root.py,
RTC-REQ-082,Runtime Gates,Gate verdicts are not final X3,00C Runtime Gates / 05 Exit,Gate mesh + Exit,"Runtime Gates may emit GateVerdict and bounded recommended disposition, but final current-run X3 belongs to Exit.",STATIC_ENFORCEMENT,E2_STATIC_CHECK,true,false,no_overlap_report,Static check confirms gates do not emit final X3 as owner.,Gate emits final Exit disposition; Exit bypassed; gate writes L4.,ACCEPTED only when no-overlap law holds.,Block with GATE_EXIT_OVERLAP.,verify_no_overlap_runtime_gates_exit.py,owner_layer; output_type; source_doc,false if gate owns X3,ACCEPTED illegal if Gate replaces Exit,MECE enforcement.,"00C Runtime Gates: GateVerdict evidence only, UNKNOWN never PASS, Exit owns final X3, UWG owns durable mutation.","Adds explicit proof-depth, artifact, negative, source-of-truth, and fail-closed gates so ACCEPTED cannot hide weaker evidence.",agentic_core/runtime/gates/*; 00C runtime gate verifier scripts; tests/runtime/test_tier*_gate_schema*,scripts/verify_runtime_gates.py; tests/runtime/test_gate_verdict_schema.py,no_overlap_report,Static check confirms gates do not emit final X3 as owner.,Gate emits final Exit disposition; Exit bypassed; gate writes L4.,"Downgrade to PARTIAL/BLOCKED if any required artifact, proof depth, subclaim, negative, replay, OTEL, or integrated-runtime condition is missing.",P1,W5-layer-hardening,python scripts/verify_runtime_certification_matrix.py && python scripts/verify_all_requirements_gates.py && python scripts/verify_all_requirements_merkle_root.py,
RTC-REQ-083,Runtime Gates,Negative controls must match expected fail reason,99 / Runtime Gates,Negative test harness,Every negative control MUST assert expected_fail_reason and actual_fail_reason.,NO_BYPASS_RUNTIME,E4_NEGATIVE_CONTROL,true,false,negative_controls_report,"Negative report shows each case, expected reason, actual reason, and PASS only on exact match.",Negative only checks failure occurred; wrong reason accepted; no expected reason.,ACCEPTED only when expected and actual fail reasons match.,Block with NEGATIVE_REASON_MISMATCH.,verify_negative_controls.py,expected_fail_reason; actual_fail_reason; negative_control_result,false if fail reason missing,ACCEPTED illegal if negative reason unverified,Prevents vague negative tests.,"00C Runtime Gates: GateVerdict evidence only, UNKNOWN never PASS, Exit owns final X3, UWG owns durable mutation.","Adds explicit proof-depth, artifact, negative, source-of-truth, and fail-closed gates so ACCEPTED cannot hide weaker evidence.",agentic_core/runtime/gates/*; 00C runtime gate verifier scripts; tests/runtime/test_tier*_gate_schema*,scripts/verify_runtime_gates.py; tests/runtime/test_gate_verdict_schema.py,negative_controls_report,"Negative report shows each case, expected reason, actual reason, and PASS only on exact match.",Negative only checks failure occurred; wrong reason accepted; no expected reason.,"Downgrade to PARTIAL/BLOCKED if any required artifact, proof depth, subclaim, negative, replay, OTEL, or integrated-runtime condition is missing.",P1,W5-layer-hardening,python scripts/verify_runtime_certification_matrix.py && python scripts/verify_all_requirements_gates.py && python scripts/verify_all_requirements_merkle_root.py,
RTC-REQ-084,Runtime Gates,No bypass mutation suite required,99 / Runtime Gates,Mutation tests,"Runtime certification MUST include mutation tests for missing artifact, wrong producer, stale policy, missing provenance, missing Exit, wrong tenant, and direct write bypass.",NO_BYPASS_RUNTIME,E4_NEGATIVE_CONTROL,true,true,mutation_boundary_report,Each mutation produces expected block reason.,Mutation suite missing; mutation accepted; cases skipped silently.,ACCEPTED only when mutation suite passes all configured cases.,Block with MUTATION_SUITE_GAP.,verify_runtime_mutation_boundaries.py,negative_control_path; expected_fail_reason; mutation_case_count,false if mutation suite incomplete,ACCEPTED illegal without no-bypass mutation coverage,Broad anti-cheat rule.,"00C Runtime Gates: GateVerdict evidence only, UNKNOWN never PASS, Exit owns final X3, UWG owns durable mutation.","Adds explicit proof-depth, artifact, negative, source-of-truth, and fail-closed gates so ACCEPTED cannot hide weaker evidence.",agentic_core/runtime/gates/*; 00C runtime gate verifier scripts; tests/runtime/test_tier*_gate_schema*,scripts/verify_runtime_gates.py; tests/runtime/test_gate_verdict_schema.py,mutation_boundary_report,Each mutation produces expected block reason.,Mutation suite missing; mutation accepted; cases skipped silently.,"Downgrade to PARTIAL/BLOCKED if any required artifact, proof depth, subclaim, negative, replay, OTEL, or integrated-runtime condition is missing.",P1,W5-layer-hardening,python scripts/verify_runtime_certification_matrix.py && python scripts/verify_all_requirements_gates.py && python scripts/verify_all_requirements_merkle_root.py,
RTC-REQ-090,Layer Ownership,U0 intake emits validated or rejected request only,01 U0,Request intake,"U0 MUST validate envelope/identity/quota/schema/origin labels and emit ValidatedRequest or RejectedRequest only; it MUST NOT reason, route, retrieve, execute, or write L4.",STATIC_ENFORCEMENT,E2_STATIC_CHECK,true,false,u0_no_overlap_report; ValidatedRequest schema,Static scanner and targeted tests prove U0 output boundaries.,U0 emits RouteContract; U0 retrieves; U0 writes L4.,ACCEPTED only when no-overlap and handoff tests pass.,Block with U0_OVERLAP_VIOLATION.,verify_u0_no_overlap.py,owner_layer; emitted_artifact_type; negative_control_path,false if U0 oversteps,ACCEPTED illegal if U0 routes/retrieves/executes,Layer boundary.,"MECE layer ownership law across U0, L1, L0/L3, C0, PA, L2, Exit, L6.","Adds explicit proof-depth, artifact, negative, source-of-truth, and fail-closed gates so ACCEPTED cannot hide weaker evidence.",agentic_core/* layer roots; tools/analysis/*; tests/runtime/*no_overlap*,scripts/verify_rtc_req_090.py,u0_no_overlap_report; ValidatedRequest schema,Static scanner and targeted tests prove U0 output boundaries.,U0 emits RouteContract; U0 retrieves; U0 writes L4.,"Downgrade to PARTIAL/BLOCKED if any required artifact, proof depth, subclaim, negative, replay, OTEL, or integrated-runtime condition is missing.",P1,W5-layer-hardening,python scripts/verify_runtime_certification_matrix.py && python scripts/verify_all_requirements_gates.py && python scripts/verify_all_requirements_merkle_root.py,
RTC-REQ-091,Layer Ownership,L1 plans but does not route/retrieve/execute,02 L1,Planning,"L1 MUST emit advisory L1PlanContract only and MUST NOT emit authoritative RouteContract, retrieve final evidence, execute tools, or mutate L4.",STATIC_ENFORCEMENT,E2_STATIC_CHECK,true,false,l1_no_overlap_report; L1PlanContract schema,Static scanner and tests prove L1 boundaries.,L1 retrieves; L1 emits RouteContract; L1 executes; L1 writes L4.,ACCEPTED only when L1 no-overlap tests pass.,Block with L1_OVERLAP_VIOLATION.,verify_l1_no_overlap.py,owner_layer; emitted_artifact_type; negative_control_path,false if L1 oversteps,ACCEPTED illegal if L1 owns route/retrieval/execution,Layer boundary.,"MECE layer ownership law across U0, L1, L0/L3, C0, PA, L2, Exit, L6.","Adds explicit proof-depth, artifact, negative, source-of-truth, and fail-closed gates so ACCEPTED cannot hide weaker evidence.",agentic_core/* layer roots; tools/analysis/*; tests/runtime/*no_overlap*,scripts/verify_rtc_req_091.py,l1_no_overlap_report; L1PlanContract schema,Static scanner and tests prove L1 boundaries.,L1 retrieves; L1 emits RouteContract; L1 executes; L1 writes L4.,"Downgrade to PARTIAL/BLOCKED if any required artifact, proof depth, subclaim, negative, replay, OTEL, or integrated-runtime condition is missing.",P1,W5-layer-hardening,python scripts/verify_runtime_certification_matrix.py && python scripts/verify_all_requirements_gates.py && python scripts/verify_all_requirements_merkle_root.py,
RTC-REQ-092,Layer Ownership,L0 emits exactly one deterministic RouteContract,03 L0,Route decision,"L0 MUST emit exactly one deterministic RouteContract or terminal route packet per request and MUST NOT retrieve, execute, or write L4.",COMPONENT_RUNTIME,E4_NEGATIVE_CONTROL,true,false,RouteContract; route_determinism_receipt,Same input/policy/blueprint emits same route; exactly one route; no retrieval/execution.,Zero routes; multiple routes; nondeterministic route; L0 retrieves or executes.,ACCEPTED only when exact-one and determinism negatives pass.,Block with L0_ROUTE_CONTRACT_VIOLATION.,verify_l0_route_contract.py,route_contract_ref; route_id; execution_form; negative_control_path,true for valid route proof,ACCEPTED illegal if no/multiple routes,Core routing law.,"MECE layer ownership law across U0, L1, L0/L3, C0, PA, L2, Exit, L6.","Adds explicit proof-depth, artifact, negative, source-of-truth, and fail-closed gates so ACCEPTED cannot hide weaker evidence.",agentic_core/* layer roots; tools/analysis/*; tests/runtime/*no_overlap*,scripts/verify_rtc_req_092.py,RouteContract; route_determinism_receipt,Same input/policy/blueprint emits same route; exactly one route; no retrieval/execution.,Zero routes; multiple routes; nondeterministic route; L0 retrieves or executes.,"Downgrade to PARTIAL/BLOCKED if any required artifact, proof depth, subclaim, negative, replay, OTEL, or integrated-runtime condition is missing.",P1,W5-layer-hardening,python scripts/verify_runtime_certification_matrix.py && python scripts/verify_all_requirements_gates.py && python scripts/verify_all_requirements_merkle_root.py,
RTC-REQ-093,Layer Ownership,C0 retrieves evidence only,C0,Context Engine,"C0 MUST retrieve, shape, verify, and contract evidence only; it MUST NOT answer, execute, route, assemble prompts, or write L4.",STATIC_ENFORCEMENT,E2_STATIC_CHECK,true,false,FinalEvidenceContract; c0_no_overlap_report,C0 emits FinalEvidenceContract and no answer/model/tool execution.,C0 generates final prose; C0 executes tool; C0 writes durable state.,ACCEPTED only when C0 no-overlap tests pass.,Block with C0_OVERLAP_VIOLATION.,verify_c0_no_overlap.py,final_evidence_contract_ref; owner_layer; negative_control_path,false if C0 answers/executes,ACCEPTED illegal if C0 acts outside evidence contract,Layer boundary.,"MECE layer ownership law across U0, L1, L0/L3, C0, PA, L2, Exit, L6.","Adds explicit proof-depth, artifact, negative, source-of-truth, and fail-closed gates so ACCEPTED cannot hide weaker evidence.",agentic_core/* layer roots; tools/analysis/*; tests/runtime/*no_overlap*,scripts/verify_rtc_req_093.py,FinalEvidenceContract; c0_no_overlap_report,C0 emits FinalEvidenceContract and no answer/model/tool execution.,C0 generates final prose; C0 executes tool; C0 writes durable state.,"Downgrade to PARTIAL/BLOCKED if any required artifact, proof depth, subclaim, negative, replay, OTEL, or integrated-runtime condition is missing.",P1,W5-layer-hardening,python scripts/verify_runtime_certification_matrix.py && python scripts/verify_all_requirements_gates.py && python scripts/verify_all_requirements_merkle_root.py,
RTC-REQ-094,Layer Ownership,Prompt Assembly composes only,PA,Prompt Assembly,"Prompt Assembly MUST construct signed prompt artifact only; it MUST NOT retrieve, execute, call providers, approve output, or mutate L4.",STATIC_ENFORCEMENT,E2_STATIC_CHECK,true,false,CompiledPromptArtifact; pa_no_overlap_report,PA emits signed CompiledPromptArtifact from existing inputs only.,PA retrieves; PA calls provider; PA executes; PA approves output.,ACCEPTED only when PA boundary tests pass.,Block with PA_OVERLAP_VIOLATION.,verify_pa_no_overlap.py,compiled_prompt_artifact_ref; owner_layer; negative_control_path,false if PA calls provider/retrieves,ACCEPTED illegal if PA executes,Layer boundary.,"MECE layer ownership law across U0, L1, L0/L3, C0, PA, L2, Exit, L6.","Adds explicit proof-depth, artifact, negative, source-of-truth, and fail-closed gates so ACCEPTED cannot hide weaker evidence.",agentic_core/* layer roots; tools/analysis/*; tests/runtime/*no_overlap*,scripts/verify_rtc_req_094.py,CompiledPromptArtifact; pa_no_overlap_report,PA emits signed CompiledPromptArtifact from existing inputs only.,PA retrieves; PA calls provider; PA executes; PA approves output.,"Downgrade to PARTIAL/BLOCKED if any required artifact, proof depth, subclaim, negative, replay, OTEL, or integrated-runtime condition is missing.",P1,W5-layer-hardening,python scripts/verify_runtime_certification_matrix.py && python scripts/verify_all_requirements_gates.py && python scripts/verify_all_requirements_merkle_root.py,
RTC-REQ-095,Layer Ownership,L2 bounded execution and sealing only,04 L2,Execution,"L2 MUST execute exactly one bounded packet or current workflow step, may locally heal same-authority defects, and MUST seal artifacts without approving egress or writing L4.",COMPONENT_RUNTIME,E4_NEGATIVE_CONTROL,true,true,SealedL2Artifact; proposed_state_diff,"L2 executes bounded work, emits sealed artifact, does not approve final output or durable write.",L2 reroutes; expands workflow; asks human directly; approves egress; writes L4.,ACCEPTED only when L2 boundary negatives pass.,Block with L2_OVERLAP_VIOLATION.,verify_l2_boundary.py,l2_sealed_artifact_ref; proposed_state_diff_ref; negative_control_path,true for bounded execution only,ACCEPTED illegal if L2 approves/commits,Layer boundary.,"MECE layer ownership law across U0, L1, L0/L3, C0, PA, L2, Exit, L6.","Adds explicit proof-depth, artifact, negative, source-of-truth, and fail-closed gates so ACCEPTED cannot hide weaker evidence.",agentic_core/* layer roots; tools/analysis/*; tests/runtime/*no_overlap*,scripts/verify_rtc_req_095.py,SealedL2Artifact; proposed_state_diff,"L2 executes bounded work, emits sealed artifact, does not approve final output or durable write.",L2 reroutes; expands workflow; asks human directly; approves egress; writes L4.,"Downgrade to PARTIAL/BLOCKED if any required artifact, proof depth, subclaim, negative, replay, OTEL, or integrated-runtime condition is missing.",P1,W5-layer-hardening,python scripts/verify_runtime_certification_matrix.py && python scripts/verify_all_requirements_gates.py && python scripts/verify_all_requirements_merkle_root.py,
RTC-REQ-096,Layer Ownership,Exit emits exactly one X3 and does not write L4,05 Exit,Exit evaluation,Exit MUST aggregate checkout and emit exactly one X3 disposition; it may emit CommitRequest but MUST NOT write L4.,INTEGRATED_RUNTIME,E6_INTEGRATED_RUNTIME_PROOF,true,true,ExitReviewPacket; X3DispositionReceipt; CommitRequest_when_applicable,Exit emits one disposition and hands durable write request to UWG.,No X3; multiple X3; Exit writes L4 directly.,ACCEPTED only when Exit X3 and no-write proofs pass.,Block with EXIT_DISPOSITION_OR_WRITE_VIOLATION.,verify_exit_x3_no_write.py,x3_disposition_ref; commit_request_ref; uwg_receipt_ref,true only with single X3,ACCEPTED illegal if Exit writes L4,Layer boundary.,"MECE layer ownership law across U0, L1, L0/L3, C0, PA, L2, Exit, L6.","Adds explicit proof-depth, artifact, negative, source-of-truth, and fail-closed gates so ACCEPTED cannot hide weaker evidence.",agentic_core/* layer roots; tools/analysis/*; tests/runtime/*no_overlap*,scripts/verify_rtc_req_096.py,ExitReviewPacket; X3DispositionReceipt; CommitRequest_when_applicable,Exit emits one disposition and hands durable write request to UWG.,No X3; multiple X3; Exit writes L4 directly.,"Downgrade to PARTIAL/BLOCKED if any required artifact, proof depth, subclaim, negative, replay, OTEL, or integrated-runtime condition is missing.",P1,W5-layer-hardening,python scripts/verify_runtime_certification_matrix.py && python scripts/verify_all_requirements_gates.py && python scripts/verify_all_requirements_merkle_root.py,
RTC-REQ-097,Layer Ownership,L6 completed-run learning only,06 L6,Shadow evaluation,"L6 MUST consume completed runtime exhaust after Exit and MUST NOT mutate current run, rescue current run, or write L4 directly.",NO_BYPASS_RUNTIME,E4_NEGATIVE_CONTROL,true,true,RuntimeExhaustBundle; LearningProposal; ObserverComplianceReceipt,L6 starts only after runtime boundary and emits future-run proposal.,L6 changes current run; L6 writes memory directly; L6 rescues failed current run.,ACCEPTED only when observer-law negatives pass.,Block with L6_FIREWALL_VIOLATION.,verify_l6_firewall.py,runtime_exhaust_bundle_ref; l6_eval_ref; negative_control_path,false if L6 current-run mutation possible,ACCEPTED illegal if L6 rescues current run,Layer boundary.,"MECE layer ownership law across U0, L1, L0/L3, C0, PA, L2, Exit, L6.","Adds explicit proof-depth, artifact, negative, source-of-truth, and fail-closed gates so ACCEPTED cannot hide weaker evidence.",agentic_core/* layer roots; tools/analysis/*; tests/runtime/*no_overlap*,scripts/verify_rtc_req_097.py,RuntimeExhaustBundle; LearningProposal; ObserverComplianceReceipt,L6 starts only after runtime boundary and emits future-run proposal.,L6 changes current run; L6 writes memory directly; L6 rescues failed current run.,"Downgrade to PARTIAL/BLOCKED if any required artifact, proof depth, subclaim, negative, replay, OTEL, or integrated-runtime condition is missing.",P1,W5-layer-hardening,python scripts/verify_runtime_certification_matrix.py && python scripts/verify_all_requirements_gates.py && python scripts/verify_all_requirements_merkle_root.py,
RTC-REQ-100,Reporting,Semantic cache certification report required,99 / Reporting,Report generator,"Certification pipeline MUST emit a semantic_cache_certification_report showing every R1B subclaim, status, evidence path, and blocking gap.",STATIC_ENFORCEMENT,E2_STATIC_CHECK,true,false,semantic_cache_certification_report.md,Report includes subclaim table and final acceptance status.,No report; subclaims hidden; final status not reconciled.,ACCEPTED only when semantic cache report is complete.,Block with SEMANTIC_CACHE_REPORT_MISSING.,generate_runtime_certification_reports.py,subclaim_id; subclaim_status; blocking_gap; evidence_path,false if report missing,ACCEPTED illegal if subclaim report absent,Required for 10C-REQ-077.,Certification language must match proof class and must surface downgraded rows.,"Adds explicit proof-depth, artifact, negative, source-of-truth, and fail-closed gates so ACCEPTED cannot hide weaker evidence.",agentic_core/runtime/prove_requirements/*; tests/runtime/test_rtc_req_100.py,scripts/verify_rtc_req_100.py,semantic_cache_certification_report.md,Report includes subclaim table and final acceptance status.,No report; subclaims hidden; final status not reconciled.,"Downgrade to PARTIAL/BLOCKED if any required artifact, proof depth, subclaim, negative, replay, OTEL, or integrated-runtime condition is missing.",P1,W4-reporting-language,python scripts/verify_runtime_certification_matrix.py && python scripts/verify_all_requirements_gates.py && python scripts/verify_all_requirements_merkle_root.py,
RTC-REQ-101,Reporting,Runtime certification report required,99 / Reporting,Report generator,Certification pipeline MUST emit runtime_certification_report with integrated runtime status and composition-vs-integrated distinction.,STATIC_ENFORCEMENT,E2_STATIC_CHECK,true,false,runtime_certification_report.md,Report lists all runtime-sensitive rows and proof classification.,Composition proof reported as integrated; report missing blocked entrypoint gap.,ACCEPTED only when runtime report is complete and honest.,Block with RUNTIME_CERT_REPORT_MISSING.,generate_runtime_certification_reports.py,proof_classification; integrated_runtime_entrypoint_used; blocking_gap,false if report missing,ACCEPTED illegal if composition labelled integrated,Stops proof-class drift.,Certification language must match proof class and must surface downgraded rows.,"Adds explicit proof-depth, artifact, negative, source-of-truth, and fail-closed gates so ACCEPTED cannot hide weaker evidence.",agentic_core/runtime/prove_requirements/*; tests/runtime/test_rtc_req_101.py,scripts/verify_rtc_req_101.py,runtime_certification_report.md,Report lists all runtime-sensitive rows and proof classification.,Composition proof reported as integrated; report missing blocked entrypoint gap.,"Downgrade to PARTIAL/BLOCKED if any required artifact, proof depth, subclaim, negative, replay, OTEL, or integrated-runtime condition is missing.",P1,W4-reporting-language,python scripts/verify_runtime_certification_matrix.py && python scripts/verify_all_requirements_gates.py && python scripts/verify_all_requirements_merkle_root.py,
RTC-REQ-102,Reporting,Certification language scoped by proof class,99 / Reporting,Language validator,"Reports MUST use scoped language such as 100.0% static enforcement coverage or 100.0% composition proof coverage, and MUST NOT say runtime certified unless integrated runtime proof is complete.",STATIC_ENFORCEMENT,E2_STATIC_CHECK,false,false,certification_language_report,Validator scans reports for forbidden phrases unsupported by proof class.,'100% complete' or 'runtime certified' used with PARTIAL/BLOCKED rows.,ACCEPTED only when language matches proof class.,Block with CERTIFICATION_LANGUAGE_OVERCLAIM.,verify_certification_language.py,certification_phrase; proof_classification; final_acceptance_status,false when language overclaims,ACCEPTED illegal if caveat contradicts claim,Prevents executive-summary greenwashing.,Certification language must match proof class and must surface downgraded rows.,"Adds explicit proof-depth, artifact, negative, source-of-truth, and fail-closed gates so ACCEPTED cannot hide weaker evidence.",agentic_core/runtime/prove_requirements/*; tests/runtime/test_rtc_req_102.py,scripts/verify_rtc_req_102.py,certification_language_report,Validator scans reports for forbidden phrases unsupported by proof class.,'100% complete' or 'runtime certified' used with PARTIAL/BLOCKED rows.,"Downgrade to PARTIAL/BLOCKED if any required artifact, proof depth, subclaim, negative, replay, OTEL, or integrated-runtime condition is missing.",P1,W4-reporting-language,python scripts/verify_runtime_certification_matrix.py && python scripts/verify_all_requirements_gates.py && python scripts/verify_all_requirements_merkle_root.py,
RTC-REQ-103,Reporting,Allowed partial language,99 / Reporting,Language validator,Rows with PARTIAL/BLOCKED/CALIBRATION_GAP/INFRASTRUCTURE_GAP MUST say exactly what is not being claimed.,STATIC_ENFORCEMENT,E2_STATIC_CHECK,false,false,certification_language_report,Partial caveats are explicit and tied to blocking gaps.,Generic caveat; missing caveat; caveat says accepted despite blockers.,ACCEPTED only when caveats are specific for non-accepted rows.,Block with CAVEAT_INSUFFICIENT.,verify_certification_language.py,acceptance_caveat; blocking_gap; final_acceptance_status,false for non-accepted rows,ACCEPTED not applicable; PARTIAL/BLOCKED require caveat,Makes gaps visible.,Certification language must match proof class and must surface downgraded rows.,"Adds explicit proof-depth, artifact, negative, source-of-truth, and fail-closed gates so ACCEPTED cannot hide weaker evidence.",agentic_core/runtime/prove_requirements/*; tests/runtime/test_rtc_req_103.py,scripts/verify_rtc_req_103.py,certification_language_report,Partial caveats are explicit and tied to blocking gaps.,Generic caveat; missing caveat; caveat says accepted despite blockers.,"Downgrade to PARTIAL/BLOCKED if any required artifact, proof depth, subclaim, negative, replay, OTEL, or integrated-runtime condition is missing.",P1,W4-reporting-language,python scripts/verify_runtime_certification_matrix.py && python scripts/verify_all_requirements_gates.py && python scripts/verify_all_requirements_merkle_root.py,
RTC-REQ-110,CI,Matrix schema CI gate,CI,GitHub/Windsurf CI,CI MUST run matrix schema validation and fail on missing columns or invalid enums.,STATIC_ENFORCEMENT,E2_STATIC_CHECK,false,false,ci_run_result,CI gate name exists and blocks merge on schema failure.,No CI gate; local-only script; warning-only failure.,ACCEPTED only when CI gate exists and passes/fails correctly.,Block with CI_SCHEMA_GATE_MISSING.,ci:runtime-certification-schema,ci_gate_name; ci_gate_result,false,ACCEPTED illegal if CI gate absent,CI enforcement.,Every certification claim needs a blocking CI gate with fail-closed seeded negative cases.,"Adds explicit proof-depth, artifact, negative, source-of-truth, and fail-closed gates so ACCEPTED cannot hide weaker evidence.",.github/workflows/*; scripts/verify_*; tests/runtime/*,.github/workflows/runtime-certification.yml,ci_run_result,CI gate name exists and blocks merge on schema failure.,No CI gate; local-only script; warning-only failure.,"Downgrade to PARTIAL/BLOCKED if any required artifact, proof depth, subclaim, negative, replay, OTEL, or integrated-runtime condition is missing.",P0,W0-ci-fail-closed,python scripts/verify_runtime_certification_matrix.py && python scripts/verify_all_requirements_gates.py && python scripts/verify_all_requirements_merkle_root.py,
RTC-REQ-111,CI,Acceptance legality CI gate,CI,GitHub/Windsurf CI,CI MUST fail when ACCEPTED rows have insufficient proof depth or failed subclaims.,STATIC_ENFORCEMENT,E2_STATIC_CHECK,false,false,ci_run_result,Acceptance gate fails on seeded illegal row in hardening test.,Gate absent; illegal ACCEPTED row passes.,ACCEPTED only when acceptance CI gate is fail-closed.,Block with CI_ACCEPTANCE_GATE_MISSING.,ci:runtime-certification-acceptance,ci_gate_name; ci_gate_result; hardening_case_count,false,ACCEPTED illegal if gate absent,CI enforcement.,Every certification claim needs a blocking CI gate with fail-closed seeded negative cases.,"Adds explicit proof-depth, artifact, negative, source-of-truth, and fail-closed gates so ACCEPTED cannot hide weaker evidence.",.github/workflows/*; scripts/verify_*; tests/runtime/*,.github/workflows/runtime-certification.yml,ci_run_result,Acceptance gate fails on seeded illegal row in hardening test.,Gate absent; illegal ACCEPTED row passes.,"Downgrade to PARTIAL/BLOCKED if any required artifact, proof depth, subclaim, negative, replay, OTEL, or integrated-runtime condition is missing.",P0,W0-ci-fail-closed,python scripts/verify_runtime_certification_matrix.py && python scripts/verify_all_requirements_gates.py && python scripts/verify_all_requirements_merkle_root.py,
RTC-REQ-112,CI,Semantic cache CI gate,CI / L4 Cache,GitHub/Windsurf CI,CI MUST run semantic cache certification checks and fail if R1B accepted while any required subclaim is not PASS.,NO_BYPASS_RUNTIME,E4_NEGATIVE_CONTROL,true,false,ci_run_result; semantic_cache_certification_report,CI seeded row with BLOCKED subclaim fails.,Semantic cache row accepted despite model/threshold/negative/integrated gaps.,ACCEPTED only when semantic cache CI gate fails closed.,Block with CI_SEMANTIC_CACHE_GATE_MISSING.,ci:semantic-cache-certification,subclaim_status; final_acceptance_status; ci_gate_result,false unless all R1B subclaims pass,ACCEPTED illegal if semantic gate absent,Direct response to current problem.,Every certification claim needs a blocking CI gate with fail-closed seeded negative cases.,"Adds explicit proof-depth, artifact, negative, source-of-truth, and fail-closed gates so ACCEPTED cannot hide weaker evidence.",.github/workflows/*; scripts/verify_*; tests/runtime/*,.github/workflows/runtime-certification.yml,ci_run_result; semantic_cache_certification_report,CI seeded row with BLOCKED subclaim fails.,Semantic cache row accepted despite model/threshold/negative/integrated gaps.,"Downgrade to PARTIAL/BLOCKED if any required artifact, proof depth, subclaim, negative, replay, OTEL, or integrated-runtime condition is missing.",P0,W0-ci-fail-closed,python scripts/verify_runtime_certification_matrix.py && python scripts/verify_all_requirements_gates.py && python scripts/verify_all_requirements_merkle_root.py,
RTC-REQ-113,CI,OTEL collector CI gate,CI / Observability,GitHub/Windsurf CI,CI MUST include collector-backed OTEL job for rows claiming OBSERVABILITY_RUNTIME.,OBSERVABILITY_RUNTIME,E7_REAL_OTEL_EXPORT,true,false,ci_run_result; collector_receipt,CI starts collector or uses approved external endpoint and verifies exported spans/counters.,Only in-memory spans; collector skipped; endpoint absent but gate passes.,ACCEPTED only when collector job passes.,Block with CI_OTEL_COLLECTOR_GATE_MISSING.,ci:otel-runtime-certification,otel_artifact_path; exporter_status; ci_gate_result,true only with external export,ACCEPTED illegal for OTEL claim without collector gate,CI observability proof.,Every certification claim needs a blocking CI gate with fail-closed seeded negative cases.,"Adds explicit proof-depth, artifact, negative, source-of-truth, and fail-closed gates so ACCEPTED cannot hide weaker evidence.",.github/workflows/*; scripts/verify_*; tests/runtime/*,.github/workflows/runtime-certification.yml,ci_run_result; collector_receipt,CI starts collector or uses approved external endpoint and verifies exported spans/counters.,Only in-memory spans; collector skipped; endpoint absent but gate passes.,"Downgrade to PARTIAL/BLOCKED if any required artifact, proof depth, subclaim, negative, replay, OTEL, or integrated-runtime condition is missing.",P0,W0-ci-fail-closed,python scripts/verify_runtime_certification_matrix.py && python scripts/verify_all_requirements_gates.py && python scripts/verify_all_requirements_merkle_root.py,
RTC-REQ-114,CI,Replay CI gate,CI / Replay,GitHub/Windsurf CI,CI MUST run replay-pair verification for rows claiming REPLAY_RUNTIME.,REPLAY_RUNTIME,E8_REPLAY_DETERMINISM,true,false,ci_run_result; replay_report,CI verifies original/replay pair and mutation negative.,Replay gate absent; single-run proof accepted.,ACCEPTED only when replay CI gate passes.,Block with CI_REPLAY_GATE_MISSING.,ci:replay-runtime-certification,replay_artifact_path; ci_gate_result,true only with replay pass,ACCEPTED illegal for replay claim without replay gate,CI replay proof.,Every certification claim needs a blocking CI gate with fail-closed seeded negative cases.,"Adds explicit proof-depth, artifact, negative, source-of-truth, and fail-closed gates so ACCEPTED cannot hide weaker evidence.",.github/workflows/*; scripts/verify_*; tests/runtime/*,.github/workflows/runtime-certification.yml,ci_run_result; replay_report,CI verifies original/replay pair and mutation negative.,Replay gate absent; single-run proof accepted.,"Downgrade to PARTIAL/BLOCKED if any required artifact, proof depth, subclaim, negative, replay, OTEL, or integrated-runtime condition is missing.",P0,W0-ci-fail-closed,python scripts/verify_runtime_certification_matrix.py && python scripts/verify_all_requirements_gates.py && python scripts/verify_all_requirements_merkle_root.py,
RTC-REQ-115,CI,No-bypass mutation CI gate,CI / Runtime Gates,GitHub/Windsurf CI,CI MUST run no-bypass mutation suite for runtime-sensitive rows.,NO_BYPASS_RUNTIME,E4_NEGATIVE_CONTROL,true,true,ci_run_result; mutation_boundary_report,Mutation suite runs and all cases pass.,Mutation suite absent; case count 0; errors ignored.,ACCEPTED only when mutation CI passes.,Block with CI_MUTATION_GATE_MISSING.,ci:no-bypass-mutation,mutation_case_count; ci_gate_result,false without mutation gate,ACCEPTED illegal without mutation hardening,CI no-bypass.,Every certification claim needs a blocking CI gate with fail-closed seeded negative cases.,"Adds explicit proof-depth, artifact, negative, source-of-truth, and fail-closed gates so ACCEPTED cannot hide weaker evidence.",.github/workflows/*; scripts/verify_*; tests/runtime/*,.github/workflows/runtime-certification.yml,ci_run_result; mutation_boundary_report,Mutation suite runs and all cases pass.,Mutation suite absent; case count 0; errors ignored.,"Downgrade to PARTIAL/BLOCKED if any required artifact, proof depth, subclaim, negative, replay, OTEL, or integrated-runtime condition is missing.",P0,W0-ci-fail-closed,python scripts/verify_runtime_certification_matrix.py && python scripts/verify_all_requirements_gates.py && python scripts/verify_all_requirements_merkle_root.py,
RTC-REQ-120,100 Percent Standard,100.0% runtime certification definition,99 / Certification,Final certification gate,"The system may claim 100.0% runtime certification only when every runtime-sensitive row is ACCEPTED with actual_proof_depth >= required_proof_depth, required negatives pass, integrated runtime proof exists where required, real OTEL exists where claimed, replay exists where claimed, and Merkle/gate reports are READY.",INTEGRATED_RUNTIME,E6_INTEGRATED_RUNTIME_PROOF,true,true,final_runtime_certification_report; all_requirements_gate_result; merkle_root_report,No PARTIAL/BLOCKED/CALIBRATION_GAP/INFRASTRUCTURE_GAP/NOT_PROVEN runtime rows remain in scope.,Any scoped runtime row not ACCEPTED; failed command; empty Merkle; hardening failed; caveat contradicts claim.,ACCEPTED only when final gate proves all runtime-sensitive rows complete.,Block with RUNTIME_CERTIFICATION_INCOMPLETE.,verify_100_percent_runtime_certification.py,final_acceptance_status; proof_depth_status; merkle_root_ref; failed_commands,true only if all runtime rows fully accepted,ACCEPTED illegal if any scoped blocker remains,Top-level standard.,100.0% runtime certification requires no scoped blockers and proof depth matching claim type.,"Adds explicit proof-depth, artifact, negative, source-of-truth, and fail-closed gates so ACCEPTED cannot hide weaker evidence.",agentic_core/runtime/prove_requirements/*; tests/runtime/test_rtc_req_120.py,scripts/verify_rtc_req_120.py,final_runtime_certification_report; all_requirements_gate_result; merkle_root_report,No PARTIAL/BLOCKED/CALIBRATION_GAP/INFRASTRUCTURE_GAP/NOT_PROVEN runtime rows remain in scope.,Any scoped runtime row not ACCEPTED; failed command; empty Merkle; hardening failed; caveat contradicts claim.,"Downgrade to PARTIAL/BLOCKED if any required artifact, proof depth, subclaim, negative, replay, OTEL, or integrated-runtime condition is missing.",P1,W4-reporting-language,python scripts/verify_runtime_certification_matrix.py && python scripts/verify_all_requirements_gates.py && python scripts/verify_all_requirements_merkle_root.py,
RTC-REQ-121,100 Percent Standard,100.0% static enforcement coverage separate from runtime certification,99 / Certification,Final certification gate,Static enforcement coverage MUST be reported separately from runtime certification and MUST NOT imply runtime correctness.,STATIC_ENFORCEMENT,E2_STATIC_CHECK,false,false,static_enforcement_report,"Report clearly separates static, composition, integrated runtime, OTEL, and replay coverage.",Static coverage phrase used as runtime proof; mixed denominator.,ACCEPTED only when coverage language is scoped.,Block with STATIC_RUNTIME_LANGUAGE_MIXED.,verify_certification_language.py,claim_type; certification_phrase; final_acceptance_status,false,ACCEPTED illegal if static and runtime claims are conflated,Prevents signed-off confusion.,100.0% runtime certification requires no scoped blockers and proof depth matching claim type.,"Adds explicit proof-depth, artifact, negative, source-of-truth, and fail-closed gates so ACCEPTED cannot hide weaker evidence.",agentic_core/runtime/prove_requirements/*; tests/runtime/test_rtc_req_121.py,scripts/verify_rtc_req_121.py,static_enforcement_report,"Report clearly separates static, composition, integrated runtime, OTEL, and replay coverage.",Static coverage phrase used as runtime proof; mixed denominator.,"Downgrade to PARTIAL/BLOCKED if any required artifact, proof depth, subclaim, negative, replay, OTEL, or integrated-runtime condition is missing.",P1,W4-reporting-language,python scripts/verify_runtime_certification_matrix.py && python scripts/verify_all_requirements_gates.py && python scripts/verify_all_requirements_merkle_root.py,
RTC-REQ-122,100 Percent Standard,No scoped blockers in final claim,99 / Certification,Final certification gate,Final 100.0% claim MUST list zero scoped blockers and must exclude or caveat any deferred/reference-only rows.,STATIC_ENFORCEMENT,E2_STATIC_CHECK,false,false,final_certification_report,Scoped blockers list empty; excluded rows explicit; caveats do not conflict.,Hidden blockers; deferred rows counted as runtime complete; caveat contradicts 100% claim.,ACCEPTED only when blocker list is empty for claimed scope.,Block with FINAL_SCOPE_BLOCKERS_PRESENT.,verify_100_percent_runtime_certification.py,blocking_gap; scope_policy; final_acceptance_status,false if blockers remain,ACCEPTED illegal when blockers exist in claimed scope,Final language guard.,100.0% runtime certification requires no scoped blockers and proof depth matching claim type.,"Adds explicit proof-depth, artifact, negative, source-of-truth, and fail-closed gates so ACCEPTED cannot hide weaker evidence.",agentic_core/runtime/prove_requirements/*; tests/runtime/test_rtc_req_122.py,scripts/verify_rtc_req_122.py,final_certification_report,Scoped blockers list empty; excluded rows explicit; caveats do not conflict.,Hidden blockers; deferred rows counted as runtime complete; caveat contradicts 100% claim.,"Downgrade to PARTIAL/BLOCKED if any required artifact, proof depth, subclaim, negative, replay, OTEL, or integrated-runtime condition is missing.",P1,W4-reporting-language,python scripts/verify_runtime_certification_matrix.py && python scripts/verify_all_requirements_gates.py && python scripts/verify_all_requirements_merkle_root.py,
RTC-REQ-123,Artifact Integrity,Artifact payload content-hash validation,99 / Certification,Artifact manifest verifier,"Certification MUST validate referenced artifact payload content_hash, not just index/manifest hash.",NO_BYPASS_RUNTIME,E4_NEGATIVE_CONTROL,true,false,artifact_manifest; payload_hash_report,"For every artifact ref, verifier opens payload bytes/canonical JSON and recomputes content_hash.",Tamper payload while keeping manifest hash; missing payload; wrong hash algorithm; stale manifest.,ACCEPTED only when payload hashes are recomputed and match.,Block with ARTIFACT_PAYLOAD_HASH_MISMATCH.,ci:artifact-payload-hash,artifact_hash; content_hash; payload_path; hash_algorithm,false when payload cannot be opened/rehashed,ACCEPTED illegal if only manifest/index hash is checked,Closes artifact inventory weakness.,99 proof bundle acceptance says artifact manifest and deterministic digest must agree; no-bypass proof requires payload integrity.,New row added during hardening against RAG best-practice gaps.,scripts/verify_artifact_payload_hashes.py; agentic_core/runtime/prove_requirements/*,scripts/verify_artifact_payload_hashes.py; tests/runtime/test_artifact_payload_hashes.py,artifact_payload_hash_report.md; artifact_payload_hash_report.json,"For every artifact ref, verifier opens payload bytes/canonical JSON and recomputes content_hash.",Tamper payload while keeping manifest hash; missing payload; wrong hash algorithm; stale manifest.,Downgrade if any required output artifact or fail-closed case is absent.,P0,W0-certification-source-of-truth,python scripts/verify_runtime_certification_matrix.py && python scripts/verify_all_requirements_gates.py && python scripts/verify_all_requirements_merkle_root.py,
RTC-REQ-124,Certification Source of Truth,Single repo root and output directory binding,99 / Certification,Verifier bootstrap,"Every verifier MUST bind and report the same repo root, working directory, input directory, and output directory before reading requirement artifacts.",STATIC_ENFORCEMENT,E2_STATIC_CHECK,false,false,verifier_environment_manifest,"Each verifier emits repo_root, cwd, input_paths, output_paths, and file timestamps.",Run from C:\Git\Agentic-Workflow while target is FRESH; missing generated file; mixed artifact directories.,ACCEPTED only when all verifiers agree on repo/output roots.,Block with VERIFIER_ROOT_MISMATCH.,ci:verifier-root-binding,repo_root; cwd; input_paths; output_paths; generated_at,false when roots diverge,ACCEPTED illegal with root mismatch,Directly targets source divergence.,Prior Merkle/gate artifacts showed inconsistent source universes; root binding prevents this.,New row added during hardening against RAG best-practice gaps.,scripts/verify_source_divergence.py; scripts/verify_all_requirements_*,scripts/verify_source_divergence.py; tests/runtime/test_source_divergence.py,source_divergence_report.md; verifier_environment_manifest.json,"Each verifier emits repo_root, cwd, input_paths, output_paths, and file timestamps.",Run from C:\Git\Agentic-Workflow while target is FRESH; missing generated file; mixed artifact directories.,Downgrade if any required output artifact or fail-closed case is absent.,P0,W0-certification-source-of-truth,python scripts/verify_runtime_certification_matrix.py && python scripts/verify_all_requirements_gates.py && python scripts/verify_all_requirements_merkle_root.py,Known current risk: uploaded Merkle saw 0 leaves while other gate artifacts saw nonzero requirement counts.
RTC-REQ-125,Semantic Cache,Semantic cache production-threshold ADR gate,L4 Cache / Governance,SemanticCacheManager + ADR registry,"If production threshold is changed or lowered to make paraphrases pass, the change MUST be backed by an ADR/calibration study and policy-bound config update.",PRODUCTION_DEPENDENCY_RUNTIME,E9_PRODUCTION_DEPENDENCY_PROOF,true,false,threshold_adr; calibration_dataset; threshold_config_receipt,"Threshold ADR records dataset, target precision/recall, old threshold, new threshold, owner approval, and rollback rule.",Silent env override; test threshold leaked into production; ADR missing; calibration only on two happy examples.,ACCEPTED only when threshold passes at production default or ADR-backed recalibration is complete.,Block with THRESHOLD_ADR_MISSING.,ci:semantic-cache-threshold-adr,threshold_actual; production_threshold_default; threshold_override_used; threshold_adr_ref,false if threshold override is used without ADR,ACCEPTED illegal if CALIBRATION_GAP remains,Prevents threshold laundering.,Recent proof showed production threshold 0.95 yielded 0/2 with fallback MiniLM and was recorded as CALIBRATION_GAP.,New row added during hardening against RAG best-practice gaps.,docs/adr/*semantic_cache_threshold*.md; agentic_core/L4_state/utils/memory/semantic_cache_manager.py,scripts/verify_semantic_cache_threshold_adr.py; tests/runtime/test_semantic_cache_threshold_adr.py,production_threshold_calibration.json; threshold_adr_validation_report.md,"Threshold ADR records dataset, target precision/recall, old threshold, new threshold, owner approval, and rollback rule.",Silent env override; test threshold leaked into production; ADR missing; calibration only on two happy examples.,Downgrade if any required output artifact or fail-closed case is absent.,P0,W1-semantic-cache-closeout,python scripts/verify_runtime_certification_matrix.py && python scripts/verify_all_requirements_gates.py && python scripts/verify_all_requirements_merkle_root.py,Known current state: CALIBRATION_GAP until BGE-M3 works or ADR recalibrates threshold.
RTC-REQ-126,Semantic Cache,Embedding fallback must be explicit fail-closed or mismatch-explained,L4 Cache / Model Registry,EmbeddingFactory,Semantic cache MUST NOT silently fall back from approved model to default embedding function while claiming approved-model proof.,PRODUCTION_DEPENDENCY_RUNTIME,E9_PRODUCTION_DEPENDENCY_PROOF,true,false,embedding_model_receipt; fallback_policy_receipt,"Receipt records expected model, actual model, fallback reason, fallback allowed flag, and classification.",Fallback model used with PASS; actual model omitted; dimension mismatch hidden.,ACCEPTED only when actual=expected for production proof or fallback classified as MISMATCH_EXPLAINED/PARTIAL.,Block with EMBEDDING_FALLBACK_OVERCLAIM.,ci:embedding-model-binding,embedding_model_expected; embedding_model_actual; model_match_status; embedding_dim,false when model_match_status != PASS,ACCEPTED illegal for approved model proof on fallback,Explicitly handles BGE-M3 vs MiniLM.,Recent proof recorded actual DefaultEmbeddingFunction MiniLM and expected BAAI/bge-m3.,New row added during hardening against RAG best-practice gaps.,agentic_core/embeddings/embedding_factory.py; agentic_core/L4_state/utils/memory/semantic_cache_manager.py,scripts/verify_embedding_model_binding.py; tests/runtime/test_embedding_model_binding.py,embedding_model_binding_report.md; embedding_model_receipt.json,"Receipt records expected model, actual model, fallback reason, fallback allowed flag, and classification.",Fallback model used with PASS; actual model omitted; dimension mismatch hidden.,Downgrade if any required output artifact or fail-closed case is absent.,P0,W1-semantic-cache-closeout,python scripts/verify_runtime_certification_matrix.py && python scripts/verify_all_requirements_gates.py && python scripts/verify_all_requirements_merkle_root.py,Known current state: approved model BLOCKED; fallback mismatch explained.
RTC-REQ-127,Runtime Chain,Composition proof cannot promote final acceptance automatically,99 / Certification,Acceptance validator,"COMPOSITION_PROOF may satisfy only rows whose required_proof_depth is E5; it MUST NOT satisfy integrated runtime, observability, or replay rows.",STATIC_ENFORCEMENT,E2_STATIC_CHECK,true,false,proof_depth_status_report,Validator maps proof_classification to max allowable required_proof_depth.,Composition proof used for E6/E7/E8/E9 row; integrated_runtime_entrypoint_used=false but accepted.,ACCEPTED only when proof classification is sufficient for required depth.,Block with COMPOSITION_PROMOTED_TO_RUNTIME.,ci:proof-classification-legality,proof_classification; required_proof_depth; actual_proof_depth; integrated_runtime_entrypoint_used,false if proof class weaker than claim,ACCEPTED illegal if composition proof used for E6+ claim,Stops Option B overclaim.,Prior reset explicitly classified Option B as interim COMPOSITION_PROOF and integrated runtime as BLOCKED.,New row added during hardening against RAG best-practice gaps.,scripts/verify_runtime_certification_acceptance.py,scripts/verify_runtime_certification_acceptance.py; tests/runtime/test_proof_classification_legality.py,proof_depth_status_report.md; downgraded_rows_report.md,Validator maps proof_classification to max allowable required_proof_depth.,Composition proof used for E6/E7/E8/E9 row; integrated_runtime_entrypoint_used=false but accepted.,Downgrade if any required output artifact or fail-closed case is absent.,P0,W0-certification-source-of-truth,python scripts/verify_runtime_certification_matrix.py && python scripts/verify_all_requirements_gates.py && python scripts/verify_all_requirements_merkle_root.py,"Known current state: composition proof exists, integrated runtime entry point missing."
RTC-REQ-128,Runtime Gates,Gate verdict bundle consumed by Exit,00C / 05 Exit,Runtime Gates + Exit,"Any runtime path with gate checks MUST prove GateVerdictBundle is consumed by Exit, not merely emitted.",INTEGRATED_RUNTIME,E6_INTEGRATED_RUNTIME_PROOF,true,false,GateVerdictBundle; ExitReviewPacket; X1VerdictBundle,ExitReviewPacket references gate verdict bundle and X1 aggregation consumes it.,Gate verdict emitted but not used; WARN/UNKNOWN lost before Exit; Exit runs without gate evidence.,ACCEPTED only when gate verdict refs are present in Exit review packet.,Block with GATE_VERDICT_NOT_CONSUMED_BY_EXIT.,ci:gate-exit-consumption,runtime_gate_verdict_refs; exit_review_packet_ref; x1_verdict_bundle_ref,true only when consumed by Exit,ACCEPTED illegal if gate evidence is orphaned,Tightens 00C-to-Exit proof.,00C defines GateVerdict as evidence for Exit; Exit owns final X3.,New row added during hardening against RAG best-practice gaps.,agentic_core/runtime/gates/*; agentic_core/L3_orchestration/exit_eval/v6/*,scripts/verify_gate_exit_consumption.py; tests/runtime/test_gate_exit_consumption.py,gate_exit_consumption_report.md; exit_review_packet.json,ExitReviewPacket references gate verdict bundle and X1 aggregation consumes it.,Gate verdict emitted but not used; WARN/UNKNOWN lost before Exit; Exit runs without gate evidence.,Downgrade if any required output artifact or fail-closed case is absent.,P1,W2-integrated-runtime-entrypoint,python scripts/verify_runtime_certification_matrix.py && python scripts/verify_all_requirements_gates.py && python scripts/verify_all_requirements_merkle_root.py,
RTC-REQ-129,Semantic Cache,R1B score distribution calibration dataset,L4 Cache / Evaluation,Semantic cache calibration,Semantic cache threshold certification MUST use a calibration dataset larger than two happy examples and report score distribution for positives and negatives.,PRODUCTION_DEPENDENCY_RUNTIME,E9_PRODUCTION_DEPENDENCY_PROOF,true,false,semantic_cache_calibration_dataset.json; score_distribution_report.md,"Report contains positive pairs, negative pairs, model, threshold, precision/recall, false positive/negative rate.",Only two examples; no negative distribution; no precision target; no approved owner.,ACCEPTED only when calibration dataset meets configured minimum and target precision/recall.,Block with SEMANTIC_CACHE_CALIBRATION_DATASET_GAP.,ci:semantic-cache-calibration,calibration_dataset_ref; similarity_score; threshold_actual; false_positive_rate; false_negative_rate,false until calibration dataset passes,ACCEPTED illegal if threshold chosen without calibration dataset,Turns calibration from anecdote to evidence.,Production threshold gap cannot be resolved by silently lowering threshold; needs approved model or ADR/calibration.,New row added during hardening against RAG best-practice gaps.,docs/calibration/semantic_cache/*; scripts/proof/run_l0_route_proof_v2.py,scripts/verify_semantic_cache_calibration.py; tests/runtime/test_semantic_cache_calibration.py,semantic_cache_calibration_report.md; semantic_cache_calibration_results.json,"Report contains positive pairs, negative pairs, model, threshold, precision/recall, false positive/negative rate.",Only two examples; no negative distribution; no precision target; no approved owner.,Downgrade if any required output artifact or fail-closed case is absent.,P1,W1-semantic-cache-closeout,python scripts/verify_runtime_certification_matrix.py && python scripts/verify_all_requirements_gates.py && python scripts/verify_all_requirements_merkle_root.py,
