2026-03-17 16:00:28,994 - adg.hard_fails_untranscripted - WARNING - hard_fails_untranscripted root_trace_id=p1 reason=update_observability_usage_safety_type
2026-03-17 16:00:29,022 - adg.hard_fails_untranscripted - WARNING - hard_fails_untranscripted root_trace_id=p1 reason=cid_registry
2026-03-17 16:00:29,024 - adg.hard_fails_untranscripted - WARNING - hard_fails_untranscripted root_trace_id=p1 reason=determinism
2026-03-17 16:00:29,024 - adg.hard_fails_untranscripted - WARNING - hard_fails_untranscripted root_trace_id=p1 reason=determinism_util
2026-03-17 16:00:29,024 - adg.hard_fails_untranscripted - WARNING - hard_fails_untranscripted root_trace_id=p1 reason=base_spine_adapter
2026-03-17 16:00:29,026 - adg.hard_fails_untranscripted - WARNING - hard_fails_untranscripted root_trace_id=p1 reason=d0_engine_adapter
2026-03-17 16:00:29,028 - adg.hard_fails_untranscripted - WARNING - hard_fails_untranscripted root_trace_id=p1 reason=risk_gate_adapter
2026-03-17 16:00:29,030 - adg.hard_fails_untranscripted - WARNING - hard_fails_untranscripted root_trace_id=p1 reason=vigilance_dispatcher_adapter
2026-03-17 16:00:29,032 - adg.hard_fails_untranscripted - WARNING - hard_fails_untranscripted root_trace_id=p1 reason=test_apps_refactor
2026-03-17 16:00:29,046 - adg.hard_fails_untranscripted - WARNING - hard_fails_untranscripted root_trace_id=p1 reason=test_AgentRole_adg
2026-03-17 16:00:29,046 - adg.hard_fails_untranscripted - WARNING - hard_fails_untranscripted root_trace_id=p1 reason=AgentRole
2026-03-17 16:00:29,050 - adg.hard_fails_untranscripted - WARNING - hard_fails_untranscripted root_trace_id=p1 reason=test_adaptive_recovery_loop_types_adg
2026-03-17 16:00:29,051 - adg.hard_fails_untranscripted - WARNING - hard_fails_untranscripted root_trace_id=p1 reason=adaptive_recovery_loop_types
2026-03-17 16:00:29,055 - adg.hard_fails_untranscripted - WARNING - hard_fails_untranscripted root_trace_id=p1 reason=test_app_config_types_adg
2026-03-17 16:00:29,056 - adg.hard_fails_untranscripted - WARNING - hard_fails_untranscripted root_trace_id=p1 reason=app_config_types
2026-03-17 16:00:29,056 - root - WARNING - ⚠️ GEMINI_API_KEY not found in environment. API calls will fail.
2026-03-17 16:00:29,059 - root - WARNING - Optional config file 'C:\Git\Agentic-Workflow\apps_shared\types\artist_constraints.json' not found, returning empty dict
2026-03-17 16:00:29,060 - root - WARNING - Optional config file 'C:\Git\Agentic-Workflow\apps_shared\types\validator_rules.json' not found, returning empty dict
2026-03-17 16:00:29,060 - root - ERROR - CRITICAL: Prompts file not found. Tried: C:\Git\Agentic-Workflow\apps_shared\types\prompts.json and C:\Git\Agentic-Workflow\apps_shared\types\prompts.json. Halting.
2026-03-17 16:00:29,101 - adg.hard_fails_untranscripted - WARNING - hard_fails_untranscripted root_trace_id=p1 reason=test_config_format_types_adg
2026-03-17 16:00:29,101 - adg.hard_fails_untranscripted - WARNING - hard_fails_untranscripted root_trace_id=p1 reason=config_format_types
2026-03-17 16:00:29,105 - adg.hard_fails_untranscripted - WARNING - hard_fails_untranscripted root_trace_id=p1 reason=test_config_type_types_adg
2026-03-17 16:00:29,105 - adg.hard_fails_untranscripted - WARNING - hard_fails_untranscripted root_trace_id=p1 reason=config_type_types
2026-03-17 16:00:29,109 - adg.hard_fails_untranscripted - WARNING - hard_fails_untranscripted root_trace_id=p1 reason=context_match_type_types
2026-03-17 16:00:29,112 - adg.hard_fails_untranscripted - WARNING - hard_fails_untranscripted root_trace_id=p1 reason=coordinate_observability_operations_orchestrator_type
2026-03-17 16:00:29,114 - adg.hard_fails_untranscripted - WARNING - hard_fails_untranscripted root_trace_id=p1 reason=test_cost_alert_level_types_adg
2026-03-17 16:00:29,114 - adg.hard_fails_untranscripted - WARNING - hard_fails_untranscripted root_trace_id=p1 reason=cost_alert_level_types
2026-03-17 16:00:29,121 - adg.hard_fails_untranscripted - WARNING - hard_fails_untranscripted root_trace_id=p1 reason=test_event_bus_types_adg
2026-03-17 16:00:29,121 - adg.hard_fails_untranscripted - WARNING - hard_fails_untranscripted root_trace_id=p1 reason=event_bus_types
2026-03-17 16:00:29,124 - adg.hard_fails_untranscripted - WARNING - hard_fails_untranscripted root_trace_id=p1 reason=test_execution_orchestrator_types_adg
2026-03-17 16:00:29,128 - adg.hard_fails_untranscripted - WARNING - hard_fails_untranscripted root_trace_id=p1 reason=execution_type_types
2026-03-17 16:00:29,130 - adg.hard_fails_untranscripted - WARNING - hard_fails_untranscripted root_trace_id=p1 reason=test_feedback_loop_orchestrator_types_adg
2026-03-17 16:00:29,130 - adg.hard_fails_untranscripted - WARNING - hard_fails_untranscripted root_trace_id=p1 reason=feedback_loop_orchestrator_types
2026-03-17 16:00:29,133 - adg.hard_fails_untranscripted - WARNING - hard_fails_untranscripted root_trace_id=p1 reason=test_feedback_loop_types_adg
2026-03-17 16:00:29,133 - adg.hard_fails_untranscripted - WARNING - hard_fails_untranscripted root_trace_id=p1 reason=feedback_loop_types
2026-03-17 16:00:29,137 - adg.hard_fails_untranscripted - WARNING - hard_fails_untranscripted root_trace_id=p1 reason=test_golden_state_evaluator_types_adg
2026-03-17 16:00:29,137 - adg.hard_fails_untranscripted - WARNING - hard_fails_untranscripted root_trace_id=p1 reason=golden_state_evaluator_types
2026-03-17 16:00:29,145 - adg.hard_fails_untranscripted - WARNING - hard_fails_untranscripted root_trace_id=p1 reason=hardened_gemini_executor_types
2026-03-17 16:00:29,147 - adg.hard_fails_untranscripted - WARNING - hard_fails_untranscripted root_trace_id=p1 reason=test_health_status_types_adg
2026-03-17 16:00:29,147 - adg.hard_fails_untranscripted - WARNING - hard_fails_untranscripted root_trace_id=p1 reason=health_status_types
2026-03-17 16:00:29,151 - adg.hard_fails_untranscripted - WARNING - hard_fails_untranscripted root_trace_id=p1 reason=test_history_action_types_adg
2026-03-17 16:00:29,151 - adg.hard_fails_untranscripted - WARNING - hard_fails_untranscripted root_trace_id=p1 reason=history_action_types
2026-03-17 16:00:29,155 - adg.hard_fails_untranscripted - WARNING - hard_fails_untranscripted root_trace_id=p1 reason=test_hybrid_scorer_types_adg
2026-03-17 16:00:29,155 - adg.hard_fails_untranscripted - WARNING - hard_fails_untranscripted root_trace_id=p1 reason=hybrid_scorer_types
2026-03-17 16:00:29,156 - adg.hard_fails_untranscripted - WARNING - hard_fails_untranscripted root_trace_id=p1 reason=integration_layer_types
2026-03-17 16:00:29,160 - adg.hard_fails_untranscripted - WARNING - hard_fails_untranscripted root_trace_id=p1 reason=test_invocation_type_types_adg
2026-03-17 16:00:29,160 - adg.hard_fails_untranscripted - WARNING - hard_fails_untranscripted root_trace_id=p1 reason=invocation_type_types
2026-03-17 16:00:29,164 - adg.hard_fails_untranscripted - WARNING - hard_fails_untranscripted root_trace_id=p1 reason=test_json_exporter_types_adg
2026-03-17 16:00:29,166 - adg.hard_fails_untranscripted - WARNING - hard_fails_untranscripted root_trace_id=p1 reason=judge_evaluator_types
2026-03-17 16:00:29,168 - adg.hard_fails_untranscripted - WARNING - hard_fails_untranscripted root_trace_id=p1 reason=test_k_node_type_types_adg
2026-03-17 16:00:29,168 - adg.hard_fails_untranscripted - WARNING - hard_fails_untranscripted root_trace_id=p1 reason=k_node_type_types
2026-03-17 16:00:29,173 - adg.hard_fails_untranscripted - WARNING - hard_fails_untranscripted root_trace_id=p1 reason=test_kx_execution_context_types_adg
2026-03-17 16:00:29,174 - adg.hard_fails_untranscripted - WARNING - hard_fails_untranscripted root_trace_id=p1 reason=test_memory_manager_types_adg
2026-03-17 16:00:29,181 - adg.hard_fails_untranscripted - WARNING - hard_fails_untranscripted root_trace_id=p1 reason=memory_manager_types
2026-03-17 16:00:29,185 - adg.hard_fails_untranscripted - WARNING - hard_fails_untranscripted root_trace_id=p1 reason=test_model_router_types_adg
2026-03-17 16:00:29,186 - adg.hard_fails_untranscripted - WARNING - hard_fails_untranscripted root_trace_id=p1 reason=__init__
2026-03-17 16:00:29,187 - adg.hard_fails_untranscripted - WARNING - hard_fails_untranscripted root_trace_id=p1 reason=capability_registry
2026-03-17 16:00:29,187 - adg.hard_fails_untranscripted - WARNING - hard_fails_untranscripted root_trace_id=p1 reason=agent_handoff
2026-03-17 16:00:29,189 - adg.hard_fails_untranscripted - WARNING - hard_fails_untranscripted root_trace_id=p1 reason=orchestration_context
2026-03-17 16:00:29,190 - adg.hard_fails_untranscripted - WARNING - hard_fails_untranscripted root_trace_id=p1 reason=orchestration_handoff_contract
2026-03-17 16:00:29,191 - adg.hard_fails_untranscripted - WARNING - hard_fails_untranscripted root_trace_id=p1 reason=run_scoped_orchestration_ledger
2026-03-17 16:00:29,191 - adg.hard_fails_untranscripted - WARNING - hard_fails_untranscripted root_trace_id=p1 reason=__init__
2026-03-17 16:00:29,191 - adg.hard_fails_untranscripted - WARNING - hard_fails_untranscripted root_trace_id=p1 reason=__init__
2026-03-17 16:00:29,192 - adg.hard_fails_untranscripted - WARNING - hard_fails_untranscripted root_trace_id=p1 reason=__init__
2026-03-17 16:00:29,192 - adg.hard_fails_untranscripted - WARNING - hard_fails_untranscripted root_trace_id=p1 reason=mcp_manager
2026-03-17 16:00:29,192 - adg.hard_fails_untranscripted - WARNING - hard_fails_untranscripted root_trace_id=p1 reason=model_router_types
2026-03-17 16:00:29,197 - adg.hard_fails_untranscripted - WARNING - hard_fails_untranscripted root_trace_id=p1 reason=test_operation_category_types_adg
2026-03-17 16:00:29,197 - adg.hard_fails_untranscripted - WARNING - hard_fails_untranscripted root_trace_id=p1 reason=operation_category_types
2026-03-17 16:00:29,201 - adg.hard_fails_untranscripted - WARNING - hard_fails_untranscripted root_trace_id=p1 reason=test_operation_mode_types_adg
2026-03-17 16:00:29,201 - adg.hard_fails_untranscripted - WARNING - hard_fails_untranscripted root_trace_id=p1 reason=operation_mode_types
2026-03-17 16:00:29,205 - adg.hard_fails_untranscripted - WARNING - hard_fails_untranscripted root_trace_id=p1 reason=orchestrate_observability_planning_orchestrator_type
2026-03-17 16:00:29,207 - adg.hard_fails_untranscripted - WARNING - hard_fails_untranscripted root_trace_id=p1 reason=test_otlp_exporter_types_adg
2026-03-17 16:00:29,209 - adg.hard_fails_untranscripted - WARNING - hard_fails_untranscripted root_trace_id=p1 reason=test_pipeline_stage_status_types_adg
2026-03-17 16:00:29,210 - adg.hard_fails_untranscripted - WARNING - hard_fails_untranscripted root_trace_id=p1 reason=pipeline_stage_status_types
2026-03-17 16:00:29,218 - adg.hard_fails_untranscripted - WARNING - hard_fails_untranscripted root_trace_id=p1 reason=test_prompt_optimizer_types_adg
2026-03-17 16:00:29,219 - adg.hard_fails_untranscripted - WARNING - hard_fails_untranscripted root_trace_id=p1 reason=prompt_optimizer_types
2026-03-17 16:00:29,224 - adg.hard_fails_untranscripted - WARNING - hard_fails_untranscripted root_trace_id=p1 reason=test_rate_limiter_types_adg
2026-03-17 16:00:29,224 - adg.hard_fails_untranscripted - WARNING - hard_fails_untranscripted root_trace_id=p1 reason=rate_limiter_types
2026-03-17 16:00:29,228 - adg.hard_fails_untranscripted - WARNING - hard_fails_untranscripted root_trace_id=p1 reason=test_reasoning_output_adg
2026-03-17 16:00:29,230 - adg.hard_fails_untranscripted - WARNING - hard_fails_untranscripted root_trace_id=p1 reason=test_risk_level_types_adg
2026-03-17 16:00:29,230 - adg.hard_fails_untranscripted - WARNING - hard_fails_untranscripted root_trace_id=p1 reason=risk_level_types
2026-03-17 16:00:29,236 - adg.hard_fails_untranscripted - WARNING - hard_fails_untranscripted root_trace_id=p1 reason=test_schema_search_mode_types_adg
2026-03-17 16:00:29,237 - adg.hard_fails_untranscripted - WARNING - hard_fails_untranscripted root_trace_id=p1 reason=schema_search_mode_types
2026-03-17 16:00:29,241 - adg.hard_fails_untranscripted - WARNING - hard_fails_untranscripted root_trace_id=p1 reason=test_schema_type_types_adg
2026-03-17 16:00:29,241 - adg.hard_fails_untranscripted - WARNING - hard_fails_untranscripted root_trace_id=p1 reason=schema_type_types
2026-03-17 16:00:29,244 - adg.hard_fails_untranscripted - WARNING - hard_fails_untranscripted root_trace_id=p1 reason=test_self_healing_formatter_types_adg
2026-03-17 16:00:29,244 - adg.hard_fails_untranscripted - WARNING - hard_fails_untranscripted root_trace_id=p1 reason=self_healing_formatter_types
2026-03-17 16:00:29,246 - adg.hard_fails_untranscripted - WARNING - hard_fails_untranscripted root_trace_id=p1 reason=test_service_container_types_adg
2026-03-17 16:00:29,247 - adg.hard_fails_untranscripted - WARNING - hard_fails_untranscripted root_trace_id=p1 reason=service_container_types
2026-03-17 16:00:29,250 - adg.hard_fails_untranscripted - WARNING - hard_fails_untranscripted root_trace_id=p1 reason=test_similarity_method_types_adg
2026-03-17 16:00:29,250 - adg.hard_fails_untranscripted - WARNING - hard_fails_untranscripted root_trace_id=p1 reason=similarity_method_types
2026-03-17 16:00:29,304 - adg.hard_fails_untranscripted - WARNING - hard_fails_untranscripted root_trace_id=p1 reason=test_ssot_relocator_types_adg
2026-03-17 16:00:29,304 - adg.hard_fails_untranscripted - WARNING - hard_fails_untranscripted root_trace_id=p1 reason=ssot_relocator_types
2026-03-17 16:00:29,307 - adg.hard_fails_untranscripted - WARNING - hard_fails_untranscripted root_trace_id=p1 reason=test_standard_type_types_adg
2026-03-17 16:00:29,307 - adg.hard_fails_untranscripted - WARNING - hard_fails_untranscripted root_trace_id=p1 reason=standard_type_types
2026-03-17 16:00:29,311 - adg.hard_fails_untranscripted - WARNING - hard_fails_untranscripted root_trace_id=p1 reason=test_state_operation_types_adg
2026-03-17 16:00:29,313 - adg.hard_fails_untranscripted - WARNING - hard_fails_untranscripted root_trace_id=p1 reason=state_operation_types
2026-03-17 16:00:29,316 - adg.hard_fails_untranscripted - WARNING - hard_fails_untranscripted root_trace_id=p1 reason=test_tone_model_types_adg
2026-03-17 16:00:29,316 - adg.hard_fails_untranscripted - WARNING - hard_fails_untranscripted root_trace_id=p1 reason=tone_model_types
2026-03-17 16:00:29,321 - adg.hard_fails_untranscripted - WARNING - hard_fails_untranscripted root_trace_id=p1 reason=test_tool_category_types_adg
2026-03-17 16:00:29,321 - adg.hard_fails_untranscripted - WARNING - hard_fails_untranscripted root_trace_id=p1 reason=tool_category_types
2026-03-17 16:00:29,324 - adg.hard_fails_untranscripted - WARNING - hard_fails_untranscripted root_trace_id=p1 reason=test_tool_type_types_adg
2026-03-17 16:00:29,324 - adg.hard_fails_untranscripted - WARNING - hard_fails_untranscripted root_trace_id=p1 reason=tool_type_types
2026-03-17 16:00:29,328 - adg.hard_fails_untranscripted - WARNING - hard_fails_untranscripted root_trace_id=p1 reason=unified_formatter_types
2026-03-17 16:00:29,330 - adg.hard_fails_untranscripted - WARNING - hard_fails_untranscripted root_trace_id=p1 reason=test_unified_formatter_types_adg
2026-03-17 16:00:29,330 - adg.hard_fails_untranscripted - WARNING - hard_fails_untranscripted root_trace_id=p1 reason=test_validation_status_types_adg
2026-03-17 16:00:29,332 - adg.hard_fails_untranscripted - WARNING - hard_fails_untranscripted root_trace_id=p1 reason=validation_status_types
2026-03-17 16:00:29,830 - adg.hard_fails_untranscripted - WARNING - hard_fails_untranscripted root_trace_id=p1 reason=test_vector_similarity_result_types_adg
2026-03-17 16:00:29,852 - adg.hard_fails_untranscripted - WARNING - hard_fails_untranscripted root_trace_id=p1 reason=agent_interface_util
2026-03-17 16:00:29,859 - adg.hard_fails_untranscripted - WARNING - hard_fails_untranscripted root_trace_id=p1 reason=analysis_mixin_util
2026-03-17 16:00:29,861 - adg.hard_fails_untranscripted - WARNING - hard_fails_untranscripted root_trace_id=p1 reason=__init__
2026-03-17 16:00:29,863 - adg.hard_fails_untranscripted - WARNING - hard_fails_untranscripted root_trace_id=p1 reason=reasoning_knowledge
2026-03-17 16:00:29,864 - adg.hard_fails_untranscripted - WARNING - hard_fails_untranscripted root_trace_id=p1 reason=knowledge_orchestrator
2026-03-17 16:00:29,864 - adg.hard_fails_untranscripted - WARNING - hard_fails_untranscripted root_trace_id=p1 reason=__init__
2026-03-17 16:00:29,866 - adg.hard_fails_untranscripted - WARNING - hard_fails_untranscripted root_trace_id=p1 reason=reasoning_plan
2026-03-17 16:00:29,867 - adg.hard_fails_untranscripted - WARNING - hard_fails_untranscripted root_trace_id=p1 reason=plan_creator
2026-03-17 16:00:29,868 - adg.hard_fails_untranscripted - WARNING - hard_fails_untranscripted root_trace_id=p1 reason=__init__
2026-03-17 16:00:29,868 - adg.hard_fails_untranscripted - WARNING - hard_fails_untranscripted root_trace_id=p1 reason=__init__
2026-03-17 16:00:29,868 - adg.hard_fails_untranscripted - WARNING - hard_fails_untranscripted root_trace_id=p1 reason=action_request_types
2026-03-17 16:00:29,870 - adg.hard_fails_untranscripted - WARNING - hard_fails_untranscripted root_trace_id=p1 reason=__init__
2026-03-17 16:00:29,870 - adg.hard_fails_untranscripted - WARNING - hard_fails_untranscripted root_trace_id=p1 reason=__init__
2026-03-17 16:00:29,870 - adg.hard_fails_untranscripted - WARNING - hard_fails_untranscripted root_trace_id=p1 reason=app_base_util
2026-03-17 16:00:29,880 - adg.hard_fails_untranscripted - WARNING - hard_fails_untranscripted root_trace_id=p1 reason=async_coordinator_util
2026-03-17 16:00:29,891 - adg.hard_fails_untranscripted - WARNING - hard_fails_untranscripted root_trace_id=p1 reason=autonomous_sovereign_core_util
2026-03-17 16:00:29,893 - adg.hard_fails_untranscripted - WARNING - hard_fails_untranscripted root_trace_id=p1 reason=backup_manager_util
2026-03-17 16:00:29,895 - adg.hard_fails_untranscripted - WARNING - hard_fails_untranscripted root_trace_id=p1 reason=baggage_propagator_util
2026-03-17 16:00:29,905 - adg.hard_fails_untranscripted - WARNING - hard_fails_untranscripted root_trace_id=p1 reason=cache_metrics_util
2026-03-17 16:00:29,910 - adg.hard_fails_untranscripted - WARNING - hard_fails_untranscripted root_trace_id=p1 reason=collected_item_util
2026-03-17 16:00:29,910 - apps_shared.utils.collected_item_util - INFO - Initialized BaseCollector
2026-03-17 16:00:29,911 - adg.hard_fails_untranscripted - WARNING - hard_fails_untranscripted root_trace_id=p1 reason=config_environment_util
2026-03-17 16:00:29,926 - adg.hard_fails_untranscripted - WARNING - hard_fails_untranscripted root_trace_id=p1 reason=context_manager_util
2026-03-17 16:00:29,994 - adg.hard_fails_untranscripted - WARNING - hard_fails_untranscripted root_trace_id=p1 reason=contextual_compressor_util
2026-03-17 16:00:29,997 - adg.hard_fails_untranscripted - WARNING - hard_fails_untranscripted root_trace_id=p1 reason=document_score_util
2026-03-17 16:00:30,006 - adg.hard_fails_untranscripted - WARNING - hard_fails_untranscripted root_trace_id=p1 reason=environment_util
2026-03-17 16:00:30,006 - adg.hard_fails_untranscripted - WARNING - hard_fails_untranscripted root_trace_id=p1 reason=etl_pipeline_util
2026-03-17 16:00:30,009 - adg.hard_fails_untranscripted - WARNING - hard_fails_untranscripted root_trace_id=p1 reason=feedback_category_util
2026-03-17 16:00:30,023 - adg.hard_fails_untranscripted - WARNING - hard_fails_untranscripted root_trace_id=p1 reason=format_observability_context_plan_type_util
2026-03-17 16:00:30,038 - adg.hard_fails_untranscripted - WARNING - hard_fails_untranscripted root_trace_id=p1 reason=graph_rag_fusion_util
2026-03-17 16:00:30,045 - adg.hard_fails_untranscripted - WARNING - hard_fails_untranscripted root_trace_id=p1 reason=health_check_types_util
2026-03-17 16:00:30,059 - adg.hard_fails_untranscripted - WARNING - hard_fails_untranscripted root_trace_id=p1 reason=input_guardrail_util
2026-03-17 16:00:30,065 - adg.hard_fails_untranscripted - WARNING - hard_fails_untranscripted root_trace_id=p1 reason=input_validator_util
2026-03-17 16:00:30,072 - adg.hard_fails_untranscripted - WARNING - hard_fails_untranscripted root_trace_id=p1 reason=late_interaction_reranker_util
2026-03-17 16:00:30,156 - adg.hard_fails_untranscripted - WARNING - hard_fails_untranscripted root_trace_id=p1 reason=metric_augmenter_util
2026-03-17 16:00:30,172 - adg.hard_fails_untranscripted - WARNING - hard_fails_untranscripted root_trace_id=p1 reason=metric_util
2026-03-17 16:00:30,172 - apps_shared.utils.metric_util - INFO - Initialized MetricConfig
2026-03-17 16:00:30,175 - adg.hard_fails_untranscripted - WARNING - hard_fails_untranscripted root_trace_id=p1 reason=model_visitor_util
2026-03-17 16:00:30,252 - adg.hard_fails_untranscripted - WARNING - hard_fails_untranscripted root_trace_id=p1 reason=mutation_phase_util
2026-03-17 16:00:30,268 - adg.hard_fails_untranscripted - WARNING - hard_fails_untranscripted root_trace_id=p1 reason=observability_type_util
2026-03-17 16:00:30,278 - adg.hard_fails_untranscripted - WARNING - hard_fails_untranscripted root_trace_id=p1 reason=open_telemetry_tracing_adapter_util
2026-03-17 16:00:30,286 - adg.hard_fails_untranscripted - WARNING - hard_fails_untranscripted root_trace_id=p1 reason=optimize_observability_order_plan_type_util
2026-03-17 16:00:30,292 - adg.hard_fails_untranscripted - WARNING - hard_fails_untranscripted root_trace_id=p1 reason=orchestration_mixin_util
2026-03-17 16:00:30,296 - adg.hard_fails_untranscripted - WARNING - hard_fails_untranscripted root_trace_id=p1 reason=performance_monitor_types_util
2026-03-17 16:00:30,309 - adg.hard_fails_untranscripted - WARNING - hard_fails_untranscripted root_trace_id=p1 reason=prompt_loader_util
2026-03-17 16:00:30,314 - adg.hard_fails_untranscripted - WARNING - hard_fails_untranscripted root_trace_id=p1 reason=prompt_registry_util
2026-03-17 16:00:30,324 - adg.hard_fails_untranscripted - WARNING - hard_fails_untranscripted root_trace_id=p1 reason=providers_google_genai_client_util
2026-03-17 16:00:30,326 - adg.hard_fails_untranscripted - WARNING - hard_fails_untranscripted root_trace_id=p1 reason=rank_data_components_plan_type_util
2026-03-17 16:00:30,333 - adg.hard_fails_untranscripted - WARNING - hard_fails_untranscripted root_trace_id=p1 reason=rank_observability_components_util
2026-03-17 16:00:30,335 - adg.hard_fails_untranscripted - WARNING - hard_fails_untranscripted root_trace_id=p1 reason=neo4j_store
2026-03-17 16:00:30,341 - adg.hard_fails_untranscripted - WARNING - hard_fails_untranscripted root_trace_id=p1 reason=relevance_scorer_util
2026-03-17 16:00:30,426 - adg.hard_fails_untranscripted - WARNING - hard_fails_untranscripted root_trace_id=p1 reason=request_type_util
2026-03-17 16:00:30,435 - adg.hard_fails_untranscripted - WARNING - hard_fails_untranscripted root_trace_id=p1 reason=resource_manager_types_util
2026-03-17 16:00:30,455 - adg.hard_fails_untranscripted - WARNING - hard_fails_untranscripted root_trace_id=p1 reason=router_factory_util
2026-03-17 16:00:30,463 - adg.hard_fails_untranscripted - WARNING - hard_fails_untranscripted root_trace_id=p1 reason=sdk_category_util
2026-03-17 16:00:30,469 - adg.hard_fails_untranscripted - WARNING - hard_fails_untranscripted root_trace_id=p1 reason=secure_config_manager_util
2026-03-17 16:00:30,474 - adg.hard_fails_untranscripted - WARNING - hard_fails_untranscripted root_trace_id=p1 reason=security_config_util
2026-03-17 16:00:30,483 - adg.hard_fails_untranscripted - WARNING - hard_fails_untranscripted root_trace_id=p1 reason=signal_weighter_util
2026-03-17 16:00:30,491 - adg.hard_fails_untranscripted - WARNING - hard_fails_untranscripted root_trace_id=p1 reason=sleeping_giant_util
2026-03-17 16:00:30,495 - adg.hard_fails_untranscripted - WARNING - hard_fails_untranscripted root_trace_id=p1 reason=state_persistence_error_util
2026-03-17 16:00:30,496 - adg.hard_fails_untranscripted - WARNING - hard_fails_untranscripted root_trace_id=p1 reason=stored_prompt_util
2026-03-17 16:00:30,502 - adg.hard_fails_untranscripted - WARNING - hard_fails_untranscripted root_trace_id=p1 reason=think_step_util
2026-03-17 16:00:30,510 - adg.hard_fails_untranscripted - WARNING - hard_fails_untranscripted root_trace_id=p1 reason=token_budget_util
2026-03-17 16:00:30,514 - adg.hard_fails_untranscripted - WARNING - hard_fails_untranscripted root_trace_id=p1 reason=tone_voice_util
2026-03-17 16:00:30,523 - adg.hard_fails_untranscripted - WARNING - hard_fails_untranscripted root_trace_id=p1 reason=underscore_visitor_util
2026-03-17 16:00:30,544 - adg.hard_fails_untranscripted - WARNING - hard_fails_untranscripted root_trace_id=p1 reason=validation_mixin_util
2026-03-17 16:00:30,547 - adg.hard_fails_untranscripted - WARNING - hard_fails_untranscripted root_trace_id=p1 reason=vector_memory_types_util
2026-03-17 16:00:30,550 - adg.hard_fails_untranscripted - WARNING - hard_fails_untranscripted root_trace_id=p1 reason=version_tag_util
2026-03-17 16:00:30,560 - adg.hard_fails_untranscripted - WARNING - hard_fails_untranscripted root_trace_id=p1 reason=cache_entry_validator
2026-03-17 16:00:30,567 - adg.hard_fails_untranscripted - WARNING - hard_fails_untranscripted root_trace_id=p1 reason=checkpoint_integrity_error_validator
2026-03-17 16:00:30,570 - adg.hard_fails_untranscripted - WARNING - hard_fails_untranscripted root_trace_id=p1 reason=evidence_ranker_validator
2026-03-17 16:00:30,574 - adg.hard_fails_untranscripted - WARNING - hard_fails_untranscripted root_trace_id=p1 reason=fact_ledger_validator
2026-03-17 16:00:30,583 - adg.hard_fails_untranscripted - WARNING - hard_fails_untranscripted root_trace_id=p1 reason=k_node_scanner_validator
2026-03-17 16:00:30,587 - adg.hard_fails_untranscripted - WARNING - hard_fails_untranscripted root_trace_id=p1 reason=knowledge_result_validator
2026-03-17 16:00:30,600 - adg.hard_fails_untranscripted - WARNING - hard_fails_untranscripted root_trace_id=p1 reason=talent_signal_enhancer_validator
2026-03-17 16:00:30,604 - adg.hard_fails_untranscripted - WARNING - hard_fails_untranscripted root_trace_id=p1 reason=validation_context_manager_validator
2026-03-17 16:02:25,515 - adg.hard_fails_untranscripted - WARNING - hard_fails_untranscripted root_trace_id=p1 reason=update_observability_usage_safety_type
2026-03-17 16:02:25,545 - adg.hard_fails_untranscripted - WARNING - hard_fails_untranscripted root_trace_id=p1 reason=cid_registry
2026-03-17 16:02:25,547 - adg.hard_fails_untranscripted - WARNING - hard_fails_untranscripted root_trace_id=p1 reason=determinism
2026-03-17 16:02:25,547 - adg.hard_fails_untranscripted - WARNING - hard_fails_untranscripted root_trace_id=p1 reason=determinism_util
2026-03-17 16:02:25,547 - adg.hard_fails_untranscripted - WARNING - hard_fails_untranscripted root_trace_id=p1 reason=base_spine_adapter
2026-03-17 16:02:25,547 - adg.hard_fails_untranscripted - WARNING - hard_fails_untranscripted root_trace_id=p1 reason=d0_engine_adapter
2026-03-17 16:02:25,549 - adg.hard_fails_untranscripted - WARNING - hard_fails_untranscripted root_trace_id=p1 reason=risk_gate_adapter
2026-03-17 16:02:25,551 - adg.hard_fails_untranscripted - WARNING - hard_fails_untranscripted root_trace_id=p1 reason=vigilance_dispatcher_adapter
2026-03-17 16:02:25,553 - adg.hard_fails_untranscripted - WARNING - hard_fails_untranscripted root_trace_id=p1 reason=test_apps_refactor
2026-03-17 16:02:25,568 - adg.hard_fails_untranscripted - WARNING - hard_fails_untranscripted root_trace_id=p1 reason=test_AgentRole_adg
2026-03-17 16:02:25,568 - adg.hard_fails_untranscripted - WARNING - hard_fails_untranscripted root_trace_id=p1 reason=AgentRole
2026-03-17 16:02:25,573 - adg.hard_fails_untranscripted - WARNING - hard_fails_untranscripted root_trace_id=p1 reason=test_adaptive_recovery_loop_types_adg
2026-03-17 16:02:25,573 - adg.hard_fails_untranscripted - WARNING - hard_fails_untranscripted root_trace_id=p1 reason=adaptive_recovery_loop_types
2026-03-17 16:02:25,576 - adg.hard_fails_untranscripted - WARNING - hard_fails_untranscripted root_trace_id=p1 reason=test_app_config_types_adg
2026-03-17 16:02:25,578 - adg.hard_fails_untranscripted - WARNING - hard_fails_untranscripted root_trace_id=p1 reason=app_config_types
2026-03-17 16:02:25,578 - root - WARNING - ⚠️ GEMINI_API_KEY not found in environment. API calls will fail.
2026-03-17 16:02:25,582 - root - WARNING - Optional config file 'C:\Git\Agentic-Workflow\apps_shared\types\artist_constraints.json' not found, returning empty dict
2026-03-17 16:02:25,582 - root - WARNING - Optional config file 'C:\Git\Agentic-Workflow\apps_shared\types\validator_rules.json' not found, returning empty dict
2026-03-17 16:02:25,583 - root - ERROR - CRITICAL: Prompts file not found. Tried: C:\Git\Agentic-Workflow\apps_shared\types\prompts.json and C:\Git\Agentic-Workflow\apps_shared\types\prompts.json. Halting.
2026-03-17 16:02:25,626 - adg.hard_fails_untranscripted - WARNING - hard_fails_untranscripted root_trace_id=p1 reason=test_config_format_types_adg
2026-03-17 16:02:25,626 - adg.hard_fails_untranscripted - WARNING - hard_fails_untranscripted root_trace_id=p1 reason=config_format_types
2026-03-17 16:02:25,630 - adg.hard_fails_untranscripted - WARNING - hard_fails_untranscripted root_trace_id=p1 reason=test_config_type_types_adg
2026-03-17 16:02:25,630 - adg.hard_fails_untranscripted - WARNING - hard_fails_untranscripted root_trace_id=p1 reason=config_type_types
2026-03-17 16:02:25,635 - adg.hard_fails_untranscripted - WARNING - hard_fails_untranscripted root_trace_id=p1 reason=context_match_type_types
2026-03-17 16:02:25,638 - adg.hard_fails_untranscripted - WARNING - hard_fails_untranscripted root_trace_id=p1 reason=coordinate_observability_operations_orchestrator_type
2026-03-17 16:02:25,640 - adg.hard_fails_untranscripted - WARNING - hard_fails_untranscripted root_trace_id=p1 reason=test_cost_alert_level_types_adg
2026-03-17 16:02:25,641 - adg.hard_fails_untranscripted - WARNING - hard_fails_untranscripted root_trace_id=p1 reason=cost_alert_level_types
2026-03-17 16:02:25,647 - adg.hard_fails_untranscripted - WARNING - hard_fails_untranscripted root_trace_id=p1 reason=test_event_bus_types_adg
2026-03-17 16:02:25,647 - adg.hard_fails_untranscripted - WARNING - hard_fails_untranscripted root_trace_id=p1 reason=event_bus_types
2026-03-17 16:02:25,650 - adg.hard_fails_untranscripted - WARNING - hard_fails_untranscripted root_trace_id=p1 reason=test_execution_orchestrator_types_adg
2026-03-17 16:02:25,652 - adg.hard_fails_untranscripted - WARNING - hard_fails_untranscripted root_trace_id=p1 reason=execution_type_types
2026-03-17 16:02:25,656 - adg.hard_fails_untranscripted - WARNING - hard_fails_untranscripted root_trace_id=p1 reason=test_feedback_loop_orchestrator_types_adg
2026-03-17 16:02:25,657 - adg.hard_fails_untranscripted - WARNING - hard_fails_untranscripted root_trace_id=p1 reason=feedback_loop_orchestrator_types
2026-03-17 16:02:25,659 - adg.hard_fails_untranscripted - WARNING - hard_fails_untranscripted root_trace_id=p1 reason=test_feedback_loop_types_adg
2026-03-17 16:02:25,660 - adg.hard_fails_untranscripted - WARNING - hard_fails_untranscripted root_trace_id=p1 reason=feedback_loop_types
2026-03-17 16:02:25,662 - adg.hard_fails_untranscripted - WARNING - hard_fails_untranscripted root_trace_id=p1 reason=test_golden_state_evaluator_types_adg
2026-03-17 16:02:25,663 - adg.hard_fails_untranscripted - WARNING - hard_fails_untranscripted root_trace_id=p1 reason=golden_state_evaluator_types
2026-03-17 16:02:25,669 - adg.hard_fails_untranscripted - WARNING - hard_fails_untranscripted root_trace_id=p1 reason=hardened_gemini_executor_types
2026-03-17 16:02:25,673 - adg.hard_fails_untranscripted - WARNING - hard_fails_untranscripted root_trace_id=p1 reason=test_health_status_types_adg
2026-03-17 16:02:25,673 - adg.hard_fails_untranscripted - WARNING - hard_fails_untranscripted root_trace_id=p1 reason=health_status_types
2026-03-17 16:02:25,677 - adg.hard_fails_untranscripted - WARNING - hard_fails_untranscripted root_trace_id=p1 reason=test_history_action_types_adg
2026-03-17 16:02:25,678 - adg.hard_fails_untranscripted - WARNING - hard_fails_untranscripted root_trace_id=p1 reason=history_action_types
2026-03-17 16:02:25,681 - adg.hard_fails_untranscripted - WARNING - hard_fails_untranscripted root_trace_id=p1 reason=test_hybrid_scorer_types_adg
2026-03-17 16:02:25,681 - adg.hard_fails_untranscripted - WARNING - hard_fails_untranscripted root_trace_id=p1 reason=hybrid_scorer_types
2026-03-17 16:02:25,684 - adg.hard_fails_untranscripted - WARNING - hard_fails_untranscripted root_trace_id=p1 reason=integration_layer_types
2026-03-17 16:02:25,686 - adg.hard_fails_untranscripted - WARNING - hard_fails_untranscripted root_trace_id=p1 reason=test_invocation_type_types_adg
2026-03-17 16:02:25,687 - adg.hard_fails_untranscripted - WARNING - hard_fails_untranscripted root_trace_id=p1 reason=invocation_type_types
2026-03-17 16:02:25,690 - adg.hard_fails_untranscripted - WARNING - hard_fails_untranscripted root_trace_id=p1 reason=test_json_exporter_types_adg
2026-03-17 16:02:25,693 - adg.hard_fails_untranscripted - WARNING - hard_fails_untranscripted root_trace_id=p1 reason=judge_evaluator_types
2026-03-17 16:02:25,695 - adg.hard_fails_untranscripted - WARNING - hard_fails_untranscripted root_trace_id=p1 reason=test_k_node_type_types_adg
2026-03-17 16:02:25,695 - adg.hard_fails_untranscripted - WARNING - hard_fails_untranscripted root_trace_id=p1 reason=k_node_type_types
2026-03-17 16:02:25,699 - adg.hard_fails_untranscripted - WARNING - hard_fails_untranscripted root_trace_id=p1 reason=test_kx_execution_context_types_adg
2026-03-17 16:02:25,700 - adg.hard_fails_untranscripted - WARNING - hard_fails_untranscripted root_trace_id=p1 reason=test_memory_manager_types_adg
2026-03-17 16:02:25,707 - adg.hard_fails_untranscripted - WARNING - hard_fails_untranscripted root_trace_id=p1 reason=memory_manager_types
2026-03-17 16:02:25,710 - adg.hard_fails_untranscripted - WARNING - hard_fails_untranscripted root_trace_id=p1 reason=test_model_router_types_adg
2026-03-17 16:02:25,712 - adg.hard_fails_untranscripted - WARNING - hard_fails_untranscripted root_trace_id=p1 reason=__init__
2026-03-17 16:02:25,713 - adg.hard_fails_untranscripted - WARNING - hard_fails_untranscripted root_trace_id=p1 reason=capability_registry
2026-03-17 16:02:25,714 - adg.hard_fails_untranscripted - WARNING - hard_fails_untranscripted root_trace_id=p1 reason=agent_handoff
2026-03-17 16:02:25,715 - adg.hard_fails_untranscripted - WARNING - hard_fails_untranscripted root_trace_id=p1 reason=orchestration_context
2026-03-17 16:02:25,716 - adg.hard_fails_untranscripted - WARNING - hard_fails_untranscripted root_trace_id=p1 reason=orchestration_handoff_contract
2026-03-17 16:02:25,717 - adg.hard_fails_untranscripted - WARNING - hard_fails_untranscripted root_trace_id=p1 reason=run_scoped_orchestration_ledger
2026-03-17 16:02:25,717 - adg.hard_fails_untranscripted - WARNING - hard_fails_untranscripted root_trace_id=p1 reason=__init__
2026-03-17 16:02:25,717 - adg.hard_fails_untranscripted - WARNING - hard_fails_untranscripted root_trace_id=p1 reason=__init__
2026-03-17 16:02:25,718 - adg.hard_fails_untranscripted - WARNING - hard_fails_untranscripted root_trace_id=p1 reason=__init__
2026-03-17 16:02:25,718 - adg.hard_fails_untranscripted - WARNING - hard_fails_untranscripted root_trace_id=p1 reason=mcp_manager
2026-03-17 16:02:25,718 - adg.hard_fails_untranscripted - WARNING - hard_fails_untranscripted root_trace_id=p1 reason=model_router_types
2026-03-17 16:02:25,722 - adg.hard_fails_untranscripted - WARNING - hard_fails_untranscripted root_trace_id=p1 reason=test_operation_category_types_adg
2026-03-17 16:02:25,722 - adg.hard_fails_untranscripted - WARNING - hard_fails_untranscripted root_trace_id=p1 reason=operation_category_types
2026-03-17 16:02:25,726 - adg.hard_fails_untranscripted - WARNING - hard_fails_untranscripted root_trace_id=p1 reason=test_operation_mode_types_adg
2026-03-17 16:02:25,726 - adg.hard_fails_untranscripted - WARNING - hard_fails_untranscripted root_trace_id=p1 reason=operation_mode_types
2026-03-17 16:02:25,730 - adg.hard_fails_untranscripted - WARNING - hard_fails_untranscripted root_trace_id=p1 reason=orchestrate_observability_planning_orchestrator_type
2026-03-17 16:02:25,730 - adg.hard_fails_untranscripted - WARNING - hard_fails_untranscripted root_trace_id=p1 reason=test_otlp_exporter_types_adg
2026-03-17 16:02:25,733 - adg.hard_fails_untranscripted - WARNING - hard_fails_untranscripted root_trace_id=p1 reason=test_pipeline_stage_status_types_adg
2026-03-17 16:02:25,733 - adg.hard_fails_untranscripted - WARNING - hard_fails_untranscripted root_trace_id=p1 reason=pipeline_stage_status_types
2026-03-17 16:02:25,743 - adg.hard_fails_untranscripted - WARNING - hard_fails_untranscripted root_trace_id=p1 reason=test_prompt_optimizer_types_adg
2026-03-17 16:02:25,743 - adg.hard_fails_untranscripted - WARNING - hard_fails_untranscripted root_trace_id=p1 reason=prompt_optimizer_types
2026-03-17 16:02:25,747 - adg.hard_fails_untranscripted - WARNING - hard_fails_untranscripted root_trace_id=p1 reason=test_rate_limiter_types_adg
2026-03-17 16:02:25,747 - adg.hard_fails_untranscripted - WARNING - hard_fails_untranscripted root_trace_id=p1 reason=rate_limiter_types
2026-03-17 16:02:25,750 - adg.hard_fails_untranscripted - WARNING - hard_fails_untranscripted root_trace_id=p1 reason=test_reasoning_output_adg
2026-03-17 16:02:25,752 - adg.hard_fails_untranscripted - WARNING - hard_fails_untranscripted root_trace_id=p1 reason=test_risk_level_types_adg
2026-03-17 16:02:25,752 - adg.hard_fails_untranscripted - WARNING - hard_fails_untranscripted root_trace_id=p1 reason=risk_level_types
2026-03-17 16:02:25,756 - adg.hard_fails_untranscripted - WARNING - hard_fails_untranscripted root_trace_id=p1 reason=test_schema_search_mode_types_adg
2026-03-17 16:02:25,756 - adg.hard_fails_untranscripted - WARNING - hard_fails_untranscripted root_trace_id=p1 reason=schema_search_mode_types
2026-03-17 16:02:25,762 - adg.hard_fails_untranscripted - WARNING - hard_fails_untranscripted root_trace_id=p1 reason=test_schema_type_types_adg
2026-03-17 16:02:25,762 - adg.hard_fails_untranscripted - WARNING - hard_fails_untranscripted root_trace_id=p1 reason=schema_type_types
2026-03-17 16:02:25,765 - adg.hard_fails_untranscripted - WARNING - hard_fails_untranscripted root_trace_id=p1 reason=test_self_healing_formatter_types_adg
2026-03-17 16:02:25,765 - adg.hard_fails_untranscripted - WARNING - hard_fails_untranscripted root_trace_id=p1 reason=self_healing_formatter_types
2026-03-17 16:02:25,768 - adg.hard_fails_untranscripted - WARNING - hard_fails_untranscripted root_trace_id=p1 reason=test_service_container_types_adg
2026-03-17 16:02:25,768 - adg.hard_fails_untranscripted - WARNING - hard_fails_untranscripted root_trace_id=p1 reason=service_container_types
2026-03-17 16:02:25,769 - adg.hard_fails_untranscripted - WARNING - hard_fails_untranscripted root_trace_id=p1 reason=test_similarity_method_types_adg
2026-03-17 16:02:25,769 - adg.hard_fails_untranscripted - WARNING - hard_fails_untranscripted root_trace_id=p1 reason=similarity_method_types
2026-03-17 16:02:25,843 - adg.hard_fails_untranscripted - WARNING - hard_fails_untranscripted root_trace_id=p1 reason=test_ssot_relocator_types_adg
2026-03-17 16:02:25,843 - adg.hard_fails_untranscripted - WARNING - hard_fails_untranscripted root_trace_id=p1 reason=ssot_relocator_types
2026-03-17 16:02:25,846 - adg.hard_fails_untranscripted - WARNING - hard_fails_untranscripted root_trace_id=p1 reason=test_standard_type_types_adg
2026-03-17 16:02:25,846 - adg.hard_fails_untranscripted - WARNING - hard_fails_untranscripted root_trace_id=p1 reason=standard_type_types
2026-03-17 16:02:25,847 - adg.hard_fails_untranscripted - WARNING - hard_fails_untranscripted root_trace_id=p1 reason=test_state_operation_types_adg
2026-03-17 16:02:25,850 - adg.hard_fails_untranscripted - WARNING - hard_fails_untranscripted root_trace_id=p1 reason=state_operation_types
2026-03-17 16:02:25,852 - adg.hard_fails_untranscripted - WARNING - hard_fails_untranscripted root_trace_id=p1 reason=test_tone_model_types_adg
2026-03-17 16:02:25,852 - adg.hard_fails_untranscripted - WARNING - hard_fails_untranscripted root_trace_id=p1 reason=tone_model_types
2026-03-17 16:02:25,856 - adg.hard_fails_untranscripted - WARNING - hard_fails_untranscripted root_trace_id=p1 reason=test_tool_category_types_adg
2026-03-17 16:02:25,859 - adg.hard_fails_untranscripted - WARNING - hard_fails_untranscripted root_trace_id=p1 reason=tool_category_types
2026-03-17 16:02:25,862 - adg.hard_fails_untranscripted - WARNING - hard_fails_untranscripted root_trace_id=p1 reason=test_tool_type_types_adg
2026-03-17 16:02:25,862 - adg.hard_fails_untranscripted - WARNING - hard_fails_untranscripted root_trace_id=p1 reason=tool_type_types
2026-03-17 16:02:25,866 - adg.hard_fails_untranscripted - WARNING - hard_fails_untranscripted root_trace_id=p1 reason=unified_formatter_types
2026-03-17 16:02:25,866 - adg.hard_fails_untranscripted - WARNING - hard_fails_untranscripted root_trace_id=p1 reason=test_unified_formatter_types_adg
2026-03-17 16:02:25,868 - adg.hard_fails_untranscripted - WARNING - hard_fails_untranscripted root_trace_id=p1 reason=test_validation_status_types_adg
2026-03-17 16:02:25,868 - adg.hard_fails_untranscripted - WARNING - hard_fails_untranscripted root_trace_id=p1 reason=validation_status_types
2026-03-17 16:02:26,359 - adg.hard_fails_untranscripted - WARNING - hard_fails_untranscripted root_trace_id=p1 reason=test_vector_similarity_result_types_adg
2026-03-17 16:02:26,380 - adg.hard_fails_untranscripted - WARNING - hard_fails_untranscripted root_trace_id=p1 reason=agent_interface_util
2026-03-17 16:02:26,387 - adg.hard_fails_untranscripted - WARNING - hard_fails_untranscripted root_trace_id=p1 reason=analysis_mixin_util
2026-03-17 16:02:26,391 - adg.hard_fails_untranscripted - WARNING - hard_fails_untranscripted root_trace_id=p1 reason=__init__
2026-03-17 16:02:26,393 - adg.hard_fails_untranscripted - WARNING - hard_fails_untranscripted root_trace_id=p1 reason=reasoning_knowledge
2026-03-17 16:02:26,394 - adg.hard_fails_untranscripted - WARNING - hard_fails_untranscripted root_trace_id=p1 reason=knowledge_orchestrator
2026-03-17 16:02:26,395 - adg.hard_fails_untranscripted - WARNING - hard_fails_untranscripted root_trace_id=p1 reason=__init__
2026-03-17 16:02:26,396 - adg.hard_fails_untranscripted - WARNING - hard_fails_untranscripted root_trace_id=p1 reason=reasoning_plan
2026-03-17 16:02:26,397 - adg.hard_fails_untranscripted - WARNING - hard_fails_untranscripted root_trace_id=p1 reason=plan_creator
2026-03-17 16:02:26,397 - adg.hard_fails_untranscripted - WARNING - hard_fails_untranscripted root_trace_id=p1 reason=__init__
2026-03-17 16:02:26,397 - adg.hard_fails_untranscripted - WARNING - hard_fails_untranscripted root_trace_id=p1 reason=__init__
2026-03-17 16:02:26,397 - adg.hard_fails_untranscripted - WARNING - hard_fails_untranscripted root_trace_id=p1 reason=action_request_types
2026-03-17 16:02:26,400 - adg.hard_fails_untranscripted - WARNING - hard_fails_untranscripted root_trace_id=p1 reason=__init__
2026-03-17 16:02:26,400 - adg.hard_fails_untranscripted - WARNING - hard_fails_untranscripted root_trace_id=p1 reason=__init__
2026-03-17 16:02:26,400 - adg.hard_fails_untranscripted - WARNING - hard_fails_untranscripted root_trace_id=p1 reason=app_base_util
2026-03-17 16:02:26,410 - adg.hard_fails_untranscripted - WARNING - hard_fails_untranscripted root_trace_id=p1 reason=async_coordinator_util
2026-03-17 16:02:26,421 - adg.hard_fails_untranscripted - WARNING - hard_fails_untranscripted root_trace_id=p1 reason=autonomous_sovereign_core_util
2026-03-17 16:02:26,423 - adg.hard_fails_untranscripted - WARNING - hard_fails_untranscripted root_trace_id=p1 reason=backup_manager_util
2026-03-17 16:02:26,424 - adg.hard_fails_untranscripted - WARNING - hard_fails_untranscripted root_trace_id=p1 reason=baggage_propagator_util
2026-03-17 16:02:26,434 - adg.hard_fails_untranscripted - WARNING - hard_fails_untranscripted root_trace_id=p1 reason=cache_metrics_util
2026-03-17 16:02:26,439 - adg.hard_fails_untranscripted - WARNING - hard_fails_untranscripted root_trace_id=p1 reason=collected_item_util
2026-03-17 16:02:26,439 - apps_shared.utils.collected_item_util - INFO - Initialized BaseCollector
2026-03-17 16:02:26,441 - adg.hard_fails_untranscripted - WARNING - hard_fails_untranscripted root_trace_id=p1 reason=config_environment_util
2026-03-17 16:02:26,453 - adg.hard_fails_untranscripted - WARNING - hard_fails_untranscripted root_trace_id=p1 reason=context_manager_util
2026-03-17 16:02:26,456 - adg.hard_fails_untranscripted - WARNING - hard_fails_untranscripted root_trace_id=p1 reason=contextual_compressor_util
2026-03-17 16:02:26,517 - adg.hard_fails_untranscripted - WARNING - hard_fails_untranscripted root_trace_id=p1 reason=document_score_util
2026-03-17 16:02:26,526 - adg.hard_fails_untranscripted - WARNING - hard_fails_untranscripted root_trace_id=p1 reason=environment_util
2026-03-17 16:02:26,527 - adg.hard_fails_untranscripted - WARNING - hard_fails_untranscripted root_trace_id=p1 reason=etl_pipeline_util
2026-03-17 16:02:26,530 - adg.hard_fails_untranscripted - WARNING - hard_fails_untranscripted root_trace_id=p1 reason=feedback_category_util
2026-03-17 16:02:26,542 - adg.hard_fails_untranscripted - WARNING - hard_fails_untranscripted root_trace_id=p1 reason=format_observability_context_plan_type_util
2026-03-17 16:02:26,560 - adg.hard_fails_untranscripted - WARNING - hard_fails_untranscripted root_trace_id=p1 reason=graph_rag_fusion_util
2026-03-17 16:02:26,567 - adg.hard_fails_untranscripted - WARNING - hard_fails_untranscripted root_trace_id=p1 reason=health_check_types_util
2026-03-17 16:02:26,580 - adg.hard_fails_untranscripted - WARNING - hard_fails_untranscripted root_trace_id=p1 reason=input_guardrail_util
2026-03-17 16:02:26,586 - adg.hard_fails_untranscripted - WARNING - hard_fails_untranscripted root_trace_id=p1 reason=input_validator_util
2026-03-17 16:02:26,594 - adg.hard_fails_untranscripted - WARNING - hard_fails_untranscripted root_trace_id=p1 reason=late_interaction_reranker_util
2026-03-17 16:02:26,600 - adg.hard_fails_untranscripted - WARNING - hard_fails_untranscripted root_trace_id=p1 reason=metric_augmenter_util
2026-03-17 16:02:26,615 - adg.hard_fails_untranscripted - WARNING - hard_fails_untranscripted root_trace_id=p1 reason=metric_util
2026-03-17 16:02:26,616 - apps_shared.utils.metric_util - INFO - Initialized MetricConfig
2026-03-17 16:02:26,618 - adg.hard_fails_untranscripted - WARNING - hard_fails_untranscripted root_trace_id=p1 reason=model_visitor_util
2026-03-17 16:02:26,697 - adg.hard_fails_untranscripted - WARNING - hard_fails_untranscripted root_trace_id=p1 reason=mutation_phase_util
2026-03-17 16:02:26,714 - adg.hard_fails_untranscripted - WARNING - hard_fails_untranscripted root_trace_id=p1 reason=observability_type_util
2026-03-17 16:02:26,724 - adg.hard_fails_untranscripted - WARNING - hard_fails_untranscripted root_trace_id=p1 reason=open_telemetry_tracing_adapter_util
2026-03-17 16:02:26,730 - adg.hard_fails_untranscripted - WARNING - hard_fails_untranscripted root_trace_id=p1 reason=optimize_observability_order_plan_type_util
2026-03-17 16:02:26,737 - adg.hard_fails_untranscripted - WARNING - hard_fails_untranscripted root_trace_id=p1 reason=orchestration_mixin_util
2026-03-17 16:02:26,741 - adg.hard_fails_untranscripted - WARNING - hard_fails_untranscripted root_trace_id=p1 reason=performance_monitor_types_util
2026-03-17 16:02:26,754 - adg.hard_fails_untranscripted - WARNING - hard_fails_untranscripted root_trace_id=p1 reason=prompt_loader_util
2026-03-17 16:02:26,759 - adg.hard_fails_untranscripted - WARNING - hard_fails_untranscripted root_trace_id=p1 reason=prompt_registry_util
2026-03-17 16:02:26,767 - adg.hard_fails_untranscripted - WARNING - hard_fails_untranscripted root_trace_id=p1 reason=providers_google_genai_client_util
2026-03-17 16:02:26,770 - adg.hard_fails_untranscripted - WARNING - hard_fails_untranscripted root_trace_id=p1 reason=rank_data_components_plan_type_util
2026-03-17 16:02:26,776 - adg.hard_fails_untranscripted - WARNING - hard_fails_untranscripted root_trace_id=p1 reason=rank_observability_components_util
2026-03-17 16:02:26,778 - adg.hard_fails_untranscripted - WARNING - hard_fails_untranscripted root_trace_id=p1 reason=neo4j_store
2026-03-17 16:02:26,783 - adg.hard_fails_untranscripted - WARNING - hard_fails_untranscripted root_trace_id=p1 reason=relevance_scorer_util
2026-03-17 16:02:26,787 - adg.hard_fails_untranscripted - WARNING - hard_fails_untranscripted root_trace_id=p1 reason=request_type_util
2026-03-17 16:02:26,878 - adg.hard_fails_untranscripted - WARNING - hard_fails_untranscripted root_trace_id=p1 reason=resource_manager_types_util
2026-03-17 16:02:26,897 - adg.hard_fails_untranscripted - WARNING - hard_fails_untranscripted root_trace_id=p1 reason=router_factory_util
2026-03-17 16:02:26,906 - adg.hard_fails_untranscripted - WARNING - hard_fails_untranscripted root_trace_id=p1 reason=sdk_category_util
2026-03-17 16:02:26,912 - adg.hard_fails_untranscripted - WARNING - hard_fails_untranscripted root_trace_id=p1 reason=secure_config_manager_util
2026-03-17 16:02:26,917 - adg.hard_fails_untranscripted - WARNING - hard_fails_untranscripted root_trace_id=p1 reason=security_config_util
2026-03-17 16:02:26,926 - adg.hard_fails_untranscripted - WARNING - hard_fails_untranscripted root_trace_id=p1 reason=signal_weighter_util
2026-03-17 16:02:26,933 - adg.hard_fails_untranscripted - WARNING - hard_fails_untranscripted root_trace_id=p1 reason=sleeping_giant_util
2026-03-17 16:02:26,936 - adg.hard_fails_untranscripted - WARNING - hard_fails_untranscripted root_trace_id=p1 reason=state_persistence_error_util
2026-03-17 16:02:26,938 - adg.hard_fails_untranscripted - WARNING - hard_fails_untranscripted root_trace_id=p1 reason=stored_prompt_util
2026-03-17 16:02:26,943 - adg.hard_fails_untranscripted - WARNING - hard_fails_untranscripted root_trace_id=p1 reason=think_step_util
2026-03-17 16:02:26,950 - adg.hard_fails_untranscripted - WARNING - hard_fails_untranscripted root_trace_id=p1 reason=token_budget_util
2026-03-17 16:02:26,954 - adg.hard_fails_untranscripted - WARNING - hard_fails_untranscripted root_trace_id=p1 reason=tone_voice_util
2026-03-17 16:02:26,962 - adg.hard_fails_untranscripted - WARNING - hard_fails_untranscripted root_trace_id=p1 reason=underscore_visitor_util
2026-03-17 16:02:26,980 - adg.hard_fails_untranscripted - WARNING - hard_fails_untranscripted root_trace_id=p1 reason=validation_mixin_util
2026-03-17 16:02:26,983 - adg.hard_fails_untranscripted - WARNING - hard_fails_untranscripted root_trace_id=p1 reason=vector_memory_types_util
2026-03-17 16:02:26,986 - adg.hard_fails_untranscripted - WARNING - hard_fails_untranscripted root_trace_id=p1 reason=version_tag_util
2026-03-17 16:02:26,995 - adg.hard_fails_untranscripted - WARNING - hard_fails_untranscripted root_trace_id=p1 reason=cache_entry_validator
2026-03-17 16:02:27,002 - adg.hard_fails_untranscripted - WARNING - hard_fails_untranscripted root_trace_id=p1 reason=checkpoint_integrity_error_validator
2026-03-17 16:02:27,005 - adg.hard_fails_untranscripted - WARNING - hard_fails_untranscripted root_trace_id=p1 reason=evidence_ranker_validator
2026-03-17 16:02:27,009 - adg.hard_fails_untranscripted - WARNING - hard_fails_untranscripted root_trace_id=p1 reason=fact_ledger_validator
2026-03-17 16:02:27,016 - adg.hard_fails_untranscripted - WARNING - hard_fails_untranscripted root_trace_id=p1 reason=k_node_scanner_validator
2026-03-17 16:02:27,018 - adg.hard_fails_untranscripted - WARNING - hard_fails_untranscripted root_trace_id=p1 reason=knowledge_result_validator
2026-03-17 16:02:27,030 - adg.hard_fails_untranscripted - WARNING - hard_fails_untranscripted root_trace_id=p1 reason=talent_signal_enhancer_validator
2026-03-17 16:02:27,033 - adg.hard_fails_untranscripted - WARNING - hard_fails_untranscripted root_trace_id=p1 reason=validation_context_manager_validator
2026-03-17 16:03:54,345 - adg.hard_fails_untranscripted - WARNING - hard_fails_untranscripted root_trace_id=p1 reason=update_observability_usage_safety_type
2026-03-17 16:03:54,371 - adg.hard_fails_untranscripted - WARNING - hard_fails_untranscripted root_trace_id=p1 reason=cid_registry
2026-03-17 16:03:54,373 - adg.hard_fails_untranscripted - WARNING - hard_fails_untranscripted root_trace_id=p1 reason=determinism
2026-03-17 16:03:54,373 - adg.hard_fails_untranscripted - WARNING - hard_fails_untranscripted root_trace_id=p1 reason=determinism_util
2026-03-17 16:03:54,373 - adg.hard_fails_untranscripted - WARNING - hard_fails_untranscripted root_trace_id=p1 reason=base_spine_adapter
2026-03-17 16:03:54,374 - adg.hard_fails_untranscripted - WARNING - hard_fails_untranscripted root_trace_id=p1 reason=d0_engine_adapter
2026-03-17 16:03:54,376 - adg.hard_fails_untranscripted - WARNING - hard_fails_untranscripted root_trace_id=p1 reason=risk_gate_adapter
2026-03-17 16:03:54,377 - adg.hard_fails_untranscripted - WARNING - hard_fails_untranscripted root_trace_id=p1 reason=vigilance_dispatcher_adapter
2026-03-17 16:03:54,378 - adg.hard_fails_untranscripted - WARNING - hard_fails_untranscripted root_trace_id=p1 reason=test_apps_refactor
2026-03-17 16:03:54,393 - adg.hard_fails_untranscripted - WARNING - hard_fails_untranscripted root_trace_id=p1 reason=test_AgentRole_adg
2026-03-17 16:03:54,394 - adg.hard_fails_untranscripted - WARNING - hard_fails_untranscripted root_trace_id=p1 reason=AgentRole
2026-03-17 16:03:54,396 - adg.hard_fails_untranscripted - WARNING - hard_fails_untranscripted root_trace_id=p1 reason=test_adaptive_recovery_loop_types_adg
2026-03-17 16:03:54,396 - adg.hard_fails_untranscripted - WARNING - hard_fails_untranscripted root_trace_id=p1 reason=adaptive_recovery_loop_types
2026-03-17 16:03:54,401 - adg.hard_fails_untranscripted - WARNING - hard_fails_untranscripted root_trace_id=p1 reason=test_app_config_types_adg
2026-03-17 16:03:54,402 - adg.hard_fails_untranscripted - WARNING - hard_fails_untranscripted root_trace_id=p1 reason=app_config_types
2026-03-17 16:03:54,402 - root - WARNING - ⚠️ GEMINI_API_KEY not found in environment. API calls will fail.
2026-03-17 16:03:54,405 - root - WARNING - Optional config file 'C:\Git\Agentic-Workflow\apps_shared\types\artist_constraints.json' not found, returning empty dict
2026-03-17 16:03:54,405 - root - WARNING - Optional config file 'C:\Git\Agentic-Workflow\apps_shared\types\validator_rules.json' not found, returning empty dict
2026-03-17 16:03:54,406 - root - ERROR - CRITICAL: Prompts file not found. Tried: C:\Git\Agentic-Workflow\apps_shared\types\prompts.json and C:\Git\Agentic-Workflow\apps_shared\types\prompts.json. Halting.
2026-03-17 16:03:54,446 - adg.hard_fails_untranscripted - WARNING - hard_fails_untranscripted root_trace_id=p1 reason=test_config_format_types_adg
2026-03-17 16:03:54,446 - adg.hard_fails_untranscripted - WARNING - hard_fails_untranscripted root_trace_id=p1 reason=config_format_types
2026-03-17 16:03:54,449 - adg.hard_fails_untranscripted - WARNING - hard_fails_untranscripted root_trace_id=p1 reason=test_config_type_types_adg
2026-03-17 16:03:54,449 - adg.hard_fails_untranscripted - WARNING - hard_fails_untranscripted root_trace_id=p1 reason=config_type_types
2026-03-17 16:03:54,452 - adg.hard_fails_untranscripted - WARNING - hard_fails_untranscripted root_trace_id=p1 reason=context_match_type_types
2026-03-17 16:03:54,456 - adg.hard_fails_untranscripted - WARNING - hard_fails_untranscripted root_trace_id=p1 reason=coordinate_observability_operations_orchestrator_type
2026-03-17 16:03:54,456 - adg.hard_fails_untranscripted - WARNING - hard_fails_untranscripted root_trace_id=p1 reason=test_cost_alert_level_types_adg
2026-03-17 16:03:54,456 - adg.hard_fails_untranscripted - WARNING - hard_fails_untranscripted root_trace_id=p1 reason=cost_alert_level_types
2026-03-17 16:03:54,464 - adg.hard_fails_untranscripted - WARNING - hard_fails_untranscripted root_trace_id=p1 reason=test_event_bus_types_adg
2026-03-17 16:03:54,465 - adg.hard_fails_untranscripted - WARNING - hard_fails_untranscripted root_trace_id=p1 reason=event_bus_types
2026-03-17 16:03:54,468 - adg.hard_fails_untranscripted - WARNING - hard_fails_untranscripted root_trace_id=p1 reason=test_execution_orchestrator_types_adg
2026-03-17 16:03:54,471 - adg.hard_fails_untranscripted - WARNING - hard_fails_untranscripted root_trace_id=p1 reason=execution_type_types
2026-03-17 16:03:54,472 - adg.hard_fails_untranscripted - WARNING - hard_fails_untranscripted root_trace_id=p1 reason=test_feedback_loop_orchestrator_types_adg
2026-03-17 16:03:54,472 - adg.hard_fails_untranscripted - WARNING - hard_fails_untranscripted root_trace_id=p1 reason=feedback_loop_orchestrator_types
2026-03-17 16:03:54,476 - adg.hard_fails_untranscripted - WARNING - hard_fails_untranscripted root_trace_id=p1 reason=test_feedback_loop_types_adg
2026-03-17 16:03:54,476 - adg.hard_fails_untranscripted - WARNING - hard_fails_untranscripted root_trace_id=p1 reason=feedback_loop_types
2026-03-17 16:03:54,478 - adg.hard_fails_untranscripted - WARNING - hard_fails_untranscripted root_trace_id=p1 reason=test_golden_state_evaluator_types_adg
2026-03-17 16:03:54,480 - adg.hard_fails_untranscripted - WARNING - hard_fails_untranscripted root_trace_id=p1 reason=golden_state_evaluator_types
2026-03-17 16:03:54,487 - adg.hard_fails_untranscripted - WARNING - hard_fails_untranscripted root_trace_id=p1 reason=hardened_gemini_executor_types
2026-03-17 16:03:54,490 - adg.hard_fails_untranscripted - WARNING - hard_fails_untranscripted root_trace_id=p1 reason=test_health_status_types_adg
2026-03-17 16:03:54,491 - adg.hard_fails_untranscripted - WARNING - hard_fails_untranscripted root_trace_id=p1 reason=health_status_types
2026-03-17 16:03:54,494 - adg.hard_fails_untranscripted - WARNING - hard_fails_untranscripted root_trace_id=p1 reason=test_history_action_types_adg
2026-03-17 16:03:54,494 - adg.hard_fails_untranscripted - WARNING - hard_fails_untranscripted root_trace_id=p1 reason=history_action_types
2026-03-17 16:03:54,497 - adg.hard_fails_untranscripted - WARNING - hard_fails_untranscripted root_trace_id=p1 reason=test_hybrid_scorer_types_adg
2026-03-17 16:03:54,497 - adg.hard_fails_untranscripted - WARNING - hard_fails_untranscripted root_trace_id=p1 reason=hybrid_scorer_types
2026-03-17 16:03:54,500 - adg.hard_fails_untranscripted - WARNING - hard_fails_untranscripted root_trace_id=p1 reason=integration_layer_types
2026-03-17 16:03:54,503 - adg.hard_fails_untranscripted - WARNING - hard_fails_untranscripted root_trace_id=p1 reason=test_invocation_type_types_adg
2026-03-17 16:03:54,503 - adg.hard_fails_untranscripted - WARNING - hard_fails_untranscripted root_trace_id=p1 reason=invocation_type_types
2026-03-17 16:03:54,506 - adg.hard_fails_untranscripted - WARNING - hard_fails_untranscripted root_trace_id=p1 reason=test_json_exporter_types_adg
2026-03-17 16:03:54,509 - adg.hard_fails_untranscripted - WARNING - hard_fails_untranscripted root_trace_id=p1 reason=judge_evaluator_types
2026-03-17 16:03:54,511 - adg.hard_fails_untranscripted - WARNING - hard_fails_untranscripted root_trace_id=p1 reason=test_k_node_type_types_adg
2026-03-17 16:03:54,511 - adg.hard_fails_untranscripted - WARNING - hard_fails_untranscripted root_trace_id=p1 reason=k_node_type_types
2026-03-17 16:03:54,516 - adg.hard_fails_untranscripted - WARNING - hard_fails_untranscripted root_trace_id=p1 reason=test_kx_execution_context_types_adg
2026-03-17 16:03:54,518 - adg.hard_fails_untranscripted - WARNING - hard_fails_untranscripted root_trace_id=p1 reason=test_memory_manager_types_adg
2026-03-17 16:03:54,524 - adg.hard_fails_untranscripted - WARNING - hard_fails_untranscripted root_trace_id=p1 reason=memory_manager_types
2026-03-17 16:03:54,528 - adg.hard_fails_untranscripted - WARNING - hard_fails_untranscripted root_trace_id=p1 reason=test_model_router_types_adg
2026-03-17 16:03:54,530 - adg.hard_fails_untranscripted - WARNING - hard_fails_untranscripted root_trace_id=p1 reason=__init__
2026-03-17 16:03:54,530 - adg.hard_fails_untranscripted - WARNING - hard_fails_untranscripted root_trace_id=p1 reason=capability_registry
2026-03-17 16:03:54,530 - adg.hard_fails_untranscripted - WARNING - hard_fails_untranscripted root_trace_id=p1 reason=agent_handoff
2026-03-17 16:03:54,533 - adg.hard_fails_untranscripted - WARNING - hard_fails_untranscripted root_trace_id=p1 reason=orchestration_context
2026-03-17 16:03:54,533 - adg.hard_fails_untranscripted - WARNING - hard_fails_untranscripted root_trace_id=p1 reason=orchestration_handoff_contract
2026-03-17 16:03:54,534 - adg.hard_fails_untranscripted - WARNING - hard_fails_untranscripted root_trace_id=p1 reason=run_scoped_orchestration_ledger
2026-03-17 16:03:54,535 - adg.hard_fails_untranscripted - WARNING - hard_fails_untranscripted root_trace_id=p1 reason=__init__
2026-03-17 16:03:54,535 - adg.hard_fails_untranscripted - WARNING - hard_fails_untranscripted root_trace_id=p1 reason=__init__
2026-03-17 16:03:54,535 - adg.hard_fails_untranscripted - WARNING - hard_fails_untranscripted root_trace_id=p1 reason=__init__
2026-03-17 16:03:54,536 - adg.hard_fails_untranscripted - WARNING - hard_fails_untranscripted root_trace_id=p1 reason=mcp_manager
2026-03-17 16:03:54,536 - adg.hard_fails_untranscripted - WARNING - hard_fails_untranscripted root_trace_id=p1 reason=model_router_types
2026-03-17 16:03:54,540 - adg.hard_fails_untranscripted - WARNING - hard_fails_untranscripted root_trace_id=p1 reason=test_operation_category_types_adg
2026-03-17 16:03:54,541 - adg.hard_fails_untranscripted - WARNING - hard_fails_untranscripted root_trace_id=p1 reason=operation_category_types
2026-03-17 16:03:54,544 - adg.hard_fails_untranscripted - WARNING - hard_fails_untranscripted root_trace_id=p1 reason=test_operation_mode_types_adg
2026-03-17 16:03:54,544 - adg.hard_fails_untranscripted - WARNING - hard_fails_untranscripted root_trace_id=p1 reason=operation_mode_types
2026-03-17 16:03:54,547 - adg.hard_fails_untranscripted - WARNING - hard_fails_untranscripted root_trace_id=p1 reason=orchestrate_observability_planning_orchestrator_type
2026-03-17 16:03:54,551 - adg.hard_fails_untranscripted - WARNING - hard_fails_untranscripted root_trace_id=p1 reason=test_otlp_exporter_types_adg
2026-03-17 16:03:54,554 - adg.hard_fails_untranscripted - WARNING - hard_fails_untranscripted root_trace_id=p1 reason=test_pipeline_stage_status_types_adg
2026-03-17 16:03:54,555 - adg.hard_fails_untranscripted - WARNING - hard_fails_untranscripted root_trace_id=p1 reason=pipeline_stage_status_types
2026-03-17 16:03:54,564 - adg.hard_fails_untranscripted - WARNING - hard_fails_untranscripted root_trace_id=p1 reason=test_prompt_optimizer_types_adg
2026-03-17 16:03:54,564 - adg.hard_fails_untranscripted - WARNING - hard_fails_untranscripted root_trace_id=p1 reason=prompt_optimizer_types
2026-03-17 16:03:54,569 - adg.hard_fails_untranscripted - WARNING - hard_fails_untranscripted root_trace_id=p1 reason=test_rate_limiter_types_adg
2026-03-17 16:03:54,569 - adg.hard_fails_untranscripted - WARNING - hard_fails_untranscripted root_trace_id=p1 reason=rate_limiter_types
2026-03-17 16:03:54,573 - adg.hard_fails_untranscripted - WARNING - hard_fails_untranscripted root_trace_id=p1 reason=test_reasoning_output_adg
2026-03-17 16:03:54,576 - adg.hard_fails_untranscripted - WARNING - hard_fails_untranscripted root_trace_id=p1 reason=test_risk_level_types_adg
2026-03-17 16:03:54,576 - adg.hard_fails_untranscripted - WARNING - hard_fails_untranscripted root_trace_id=p1 reason=risk_level_types
2026-03-17 16:03:54,580 - adg.hard_fails_untranscripted - WARNING - hard_fails_untranscripted root_trace_id=p1 reason=test_schema_search_mode_types_adg
2026-03-17 16:03:54,580 - adg.hard_fails_untranscripted - WARNING - hard_fails_untranscripted root_trace_id=p1 reason=schema_search_mode_types
2026-03-17 16:03:54,585 - adg.hard_fails_untranscripted - WARNING - hard_fails_untranscripted root_trace_id=p1 reason=test_schema_type_types_adg
2026-03-17 16:03:54,586 - adg.hard_fails_untranscripted - WARNING - hard_fails_untranscripted root_trace_id=p1 reason=schema_type_types
2026-03-17 16:03:54,587 - adg.hard_fails_untranscripted - WARNING - hard_fails_untranscripted root_trace_id=p1 reason=test_self_healing_formatter_types_adg
2026-03-17 16:03:54,587 - adg.hard_fails_untranscripted - WARNING - hard_fails_untranscripted root_trace_id=p1 reason=self_healing_formatter_types
2026-03-17 16:03:54,591 - adg.hard_fails_untranscripted - WARNING - hard_fails_untranscripted root_trace_id=p1 reason=test_service_container_types_adg
2026-03-17 16:03:54,591 - adg.hard_fails_untranscripted - WARNING - hard_fails_untranscripted root_trace_id=p1 reason=service_container_types
2026-03-17 16:03:54,594 - adg.hard_fails_untranscripted - WARNING - hard_fails_untranscripted root_trace_id=p1 reason=test_similarity_method_types_adg
2026-03-17 16:03:54,594 - adg.hard_fails_untranscripted - WARNING - hard_fails_untranscripted root_trace_id=p1 reason=similarity_method_types
2026-03-17 16:03:54,674 - adg.hard_fails_untranscripted - WARNING - hard_fails_untranscripted root_trace_id=p1 reason=test_ssot_relocator_types_adg
2026-03-17 16:03:54,674 - adg.hard_fails_untranscripted - WARNING - hard_fails_untranscripted root_trace_id=p1 reason=ssot_relocator_types
2026-03-17 16:03:54,676 - adg.hard_fails_untranscripted - WARNING - hard_fails_untranscripted root_trace_id=p1 reason=test_standard_type_types_adg
2026-03-17 16:03:54,678 - adg.hard_fails_untranscripted - WARNING - hard_fails_untranscripted root_trace_id=p1 reason=standard_type_types
2026-03-17 16:03:54,680 - adg.hard_fails_untranscripted - WARNING - hard_fails_untranscripted root_trace_id=p1 reason=test_state_operation_types_adg
2026-03-17 16:03:54,680 - adg.hard_fails_untranscripted - WARNING - hard_fails_untranscripted root_trace_id=p1 reason=state_operation_types
2026-03-17 16:03:54,685 - adg.hard_fails_untranscripted - WARNING - hard_fails_untranscripted root_trace_id=p1 reason=test_tone_model_types_adg
2026-03-17 16:03:54,686 - adg.hard_fails_untranscripted - WARNING - hard_fails_untranscripted root_trace_id=p1 reason=tone_model_types
2026-03-17 16:03:54,690 - adg.hard_fails_untranscripted - WARNING - hard_fails_untranscripted root_trace_id=p1 reason=test_tool_category_types_adg
2026-03-17 16:03:54,691 - adg.hard_fails_untranscripted - WARNING - hard_fails_untranscripted root_trace_id=p1 reason=tool_category_types
2026-03-17 16:03:54,695 - adg.hard_fails_untranscripted - WARNING - hard_fails_untranscripted root_trace_id=p1 reason=test_tool_type_types_adg
2026-03-17 16:03:54,695 - adg.hard_fails_untranscripted - WARNING - hard_fails_untranscripted root_trace_id=p1 reason=tool_type_types
2026-03-17 16:03:54,697 - adg.hard_fails_untranscripted - WARNING - hard_fails_untranscripted root_trace_id=p1 reason=unified_formatter_types
2026-03-17 16:03:54,700 - adg.hard_fails_untranscripted - WARNING - hard_fails_untranscripted root_trace_id=p1 reason=test_unified_formatter_types_adg
2026-03-17 16:03:54,702 - adg.hard_fails_untranscripted - WARNING - hard_fails_untranscripted root_trace_id=p1 reason=test_validation_status_types_adg
2026-03-17 16:03:54,702 - adg.hard_fails_untranscripted - WARNING - hard_fails_untranscripted root_trace_id=p1 reason=validation_status_types
2026-03-17 16:03:55,176 - adg.hard_fails_untranscripted - WARNING - hard_fails_untranscripted root_trace_id=p1 reason=test_vector_similarity_result_types_adg
2026-03-17 16:03:55,199 - adg.hard_fails_untranscripted - WARNING - hard_fails_untranscripted root_trace_id=p1 reason=agent_interface_util
2026-03-17 16:03:55,207 - adg.hard_fails_untranscripted - WARNING - hard_fails_untranscripted root_trace_id=p1 reason=analysis_mixin_util
2026-03-17 16:03:55,210 - adg.hard_fails_untranscripted - WARNING - hard_fails_untranscripted root_trace_id=p1 reason=__init__
2026-03-17 16:03:55,210 - adg.hard_fails_untranscripted - WARNING - hard_fails_untranscripted root_trace_id=p1 reason=reasoning_knowledge
2026-03-17 16:03:55,211 - adg.hard_fails_untranscripted - WARNING - hard_fails_untranscripted root_trace_id=p1 reason=knowledge_orchestrator
2026-03-17 16:03:55,211 - adg.hard_fails_untranscripted - WARNING - hard_fails_untranscripted root_trace_id=p1 reason=__init__
2026-03-17 16:03:55,211 - adg.hard_fails_untranscripted - WARNING - hard_fails_untranscripted root_trace_id=p1 reason=reasoning_plan
2026-03-17 16:03:55,215 - adg.hard_fails_untranscripted - WARNING - hard_fails_untranscripted root_trace_id=p1 reason=plan_creator
2026-03-17 16:03:55,216 - adg.hard_fails_untranscripted - WARNING - hard_fails_untranscripted root_trace_id=p1 reason=__init__
2026-03-17 16:03:55,216 - adg.hard_fails_untranscripted - WARNING - hard_fails_untranscripted root_trace_id=p1 reason=__init__
2026-03-17 16:03:55,216 - adg.hard_fails_untranscripted - WARNING - hard_fails_untranscripted root_trace_id=p1 reason=action_request_types
2026-03-17 16:03:55,217 - adg.hard_fails_untranscripted - WARNING - hard_fails_untranscripted root_trace_id=p1 reason=__init__
2026-03-17 16:03:55,217 - adg.hard_fails_untranscripted - WARNING - hard_fails_untranscripted root_trace_id=p1 reason=__init__
2026-03-17 16:03:55,218 - adg.hard_fails_untranscripted - WARNING - hard_fails_untranscripted root_trace_id=p1 reason=app_base_util
2026-03-17 16:03:55,228 - adg.hard_fails_untranscripted - WARNING - hard_fails_untranscripted root_trace_id=p1 reason=async_coordinator_util
2026-03-17 16:03:55,237 - adg.hard_fails_untranscripted - WARNING - hard_fails_untranscripted root_trace_id=p1 reason=autonomous_sovereign_core_util
2026-03-17 16:03:55,240 - adg.hard_fails_untranscripted - WARNING - hard_fails_untranscripted root_trace_id=p1 reason=backup_manager_util
2026-03-17 16:03:55,241 - adg.hard_fails_untranscripted - WARNING - hard_fails_untranscripted root_trace_id=p1 reason=baggage_propagator_util
2026-03-17 16:03:55,251 - adg.hard_fails_untranscripted - WARNING - hard_fails_untranscripted root_trace_id=p1 reason=cache_metrics_util
2026-03-17 16:03:55,255 - adg.hard_fails_untranscripted - WARNING - hard_fails_untranscripted root_trace_id=p1 reason=collected_item_util
2026-03-17 16:03:55,256 - apps_shared.utils.collected_item_util - INFO - Initialized BaseCollector
2026-03-17 16:03:55,256 - adg.hard_fails_untranscripted - WARNING - hard_fails_untranscripted root_trace_id=p1 reason=config_environment_util
2026-03-17 16:03:55,317 - adg.hard_fails_untranscripted - WARNING - hard_fails_untranscripted root_trace_id=p1 reason=context_manager_util
2026-03-17 16:03:55,319 - adg.hard_fails_untranscripted - WARNING - hard_fails_untranscripted root_trace_id=p1 reason=contextual_compressor_util
2026-03-17 16:03:55,322 - adg.hard_fails_untranscripted - WARNING - hard_fails_untranscripted root_trace_id=p1 reason=document_score_util
2026-03-17 16:03:55,330 - adg.hard_fails_untranscripted - WARNING - hard_fails_untranscripted root_trace_id=p1 reason=environment_util
2026-03-17 16:03:55,332 - adg.hard_fails_untranscripted - WARNING - hard_fails_untranscripted root_trace_id=p1 reason=etl_pipeline_util
2026-03-17 16:03:55,334 - adg.hard_fails_untranscripted - WARNING - hard_fails_untranscripted root_trace_id=p1 reason=feedback_category_util
2026-03-17 16:03:55,347 - adg.hard_fails_untranscripted - WARNING - hard_fails_untranscripted root_trace_id=p1 reason=format_observability_context_plan_type_util
2026-03-17 16:03:55,364 - adg.hard_fails_untranscripted - WARNING - hard_fails_untranscripted root_trace_id=p1 reason=graph_rag_fusion_util
2026-03-17 16:03:55,370 - adg.hard_fails_untranscripted - WARNING - hard_fails_untranscripted root_trace_id=p1 reason=health_check_types_util
2026-03-17 16:03:55,383 - adg.hard_fails_untranscripted - WARNING - hard_fails_untranscripted root_trace_id=p1 reason=input_guardrail_util
2026-03-17 16:03:55,389 - adg.hard_fails_untranscripted - WARNING - hard_fails_untranscripted root_trace_id=p1 reason=input_validator_util
2026-03-17 16:03:55,396 - adg.hard_fails_untranscripted - WARNING - hard_fails_untranscripted root_trace_id=p1 reason=late_interaction_reranker_util
2026-03-17 16:03:55,403 - adg.hard_fails_untranscripted - WARNING - hard_fails_untranscripted root_trace_id=p1 reason=metric_augmenter_util
2026-03-17 16:03:55,416 - adg.hard_fails_untranscripted - WARNING - hard_fails_untranscripted root_trace_id=p1 reason=metric_util
2026-03-17 16:03:55,416 - apps_shared.utils.metric_util - INFO - Initialized MetricConfig
2026-03-17 16:03:55,418 - adg.hard_fails_untranscripted - WARNING - hard_fails_untranscripted root_trace_id=p1 reason=model_visitor_util
2026-03-17 16:03:55,493 - adg.hard_fails_untranscripted - WARNING - hard_fails_untranscripted root_trace_id=p1 reason=mutation_phase_util
2026-03-17 16:03:55,509 - adg.hard_fails_untranscripted - WARNING - hard_fails_untranscripted root_trace_id=p1 reason=observability_type_util
2026-03-17 16:03:55,518 - adg.hard_fails_untranscripted - WARNING - hard_fails_untranscripted root_trace_id=p1 reason=open_telemetry_tracing_adapter_util
2026-03-17 16:03:55,524 - adg.hard_fails_untranscripted - WARNING - hard_fails_untranscripted root_trace_id=p1 reason=optimize_observability_order_plan_type_util
2026-03-17 16:03:55,530 - adg.hard_fails_untranscripted - WARNING - hard_fails_untranscripted root_trace_id=p1 reason=orchestration_mixin_util
2026-03-17 16:03:55,533 - adg.hard_fails_untranscripted - WARNING - hard_fails_untranscripted root_trace_id=p1 reason=performance_monitor_types_util
2026-03-17 16:03:55,546 - adg.hard_fails_untranscripted - WARNING - hard_fails_untranscripted root_trace_id=p1 reason=prompt_loader_util
2026-03-17 16:03:55,550 - adg.hard_fails_untranscripted - WARNING - hard_fails_untranscripted root_trace_id=p1 reason=prompt_registry_util
2026-03-17 16:03:55,557 - adg.hard_fails_untranscripted - WARNING - hard_fails_untranscripted root_trace_id=p1 reason=providers_google_genai_client_util
2026-03-17 16:03:55,560 - adg.hard_fails_untranscripted - WARNING - hard_fails_untranscripted root_trace_id=p1 reason=rank_data_components_plan_type_util
2026-03-17 16:03:55,566 - adg.hard_fails_untranscripted - WARNING - hard_fails_untranscripted root_trace_id=p1 reason=rank_observability_components_util
2026-03-17 16:03:55,568 - adg.hard_fails_untranscripted - WARNING - hard_fails_untranscripted root_trace_id=p1 reason=neo4j_store
2026-03-17 16:03:55,573 - adg.hard_fails_untranscripted - WARNING - hard_fails_untranscripted root_trace_id=p1 reason=relevance_scorer_util
2026-03-17 16:03:55,576 - adg.hard_fails_untranscripted - WARNING - hard_fails_untranscripted root_trace_id=p1 reason=request_type_util
2026-03-17 16:03:55,656 - adg.hard_fails_untranscripted - WARNING - hard_fails_untranscripted root_trace_id=p1 reason=resource_manager_types_util
2026-03-17 16:03:55,677 - adg.hard_fails_untranscripted - WARNING - hard_fails_untranscripted root_trace_id=p1 reason=router_factory_util
2026-03-17 16:03:55,686 - adg.hard_fails_untranscripted - WARNING - hard_fails_untranscripted root_trace_id=p1 reason=sdk_category_util
2026-03-17 16:03:55,691 - adg.hard_fails_untranscripted - WARNING - hard_fails_untranscripted root_trace_id=p1 reason=secure_config_manager_util
2026-03-17 16:03:55,698 - adg.hard_fails_untranscripted - WARNING - hard_fails_untranscripted root_trace_id=p1 reason=security_config_util
2026-03-17 16:03:55,706 - adg.hard_fails_untranscripted - WARNING - hard_fails_untranscripted root_trace_id=p1 reason=signal_weighter_util
2026-03-17 16:03:55,712 - adg.hard_fails_untranscripted - WARNING - hard_fails_untranscripted root_trace_id=p1 reason=sleeping_giant_util
2026-03-17 16:03:55,715 - adg.hard_fails_untranscripted - WARNING - hard_fails_untranscripted root_trace_id=p1 reason=state_persistence_error_util
2026-03-17 16:03:55,717 - adg.hard_fails_untranscripted - WARNING - hard_fails_untranscripted root_trace_id=p1 reason=stored_prompt_util
2026-03-17 16:03:55,723 - adg.hard_fails_untranscripted - WARNING - hard_fails_untranscripted root_trace_id=p1 reason=think_step_util
2026-03-17 16:03:55,730 - adg.hard_fails_untranscripted - WARNING - hard_fails_untranscripted root_trace_id=p1 reason=token_budget_util
2026-03-17 16:03:55,733 - adg.hard_fails_untranscripted - WARNING - hard_fails_untranscripted root_trace_id=p1 reason=tone_voice_util
2026-03-17 16:03:55,740 - adg.hard_fails_untranscripted - WARNING - hard_fails_untranscripted root_trace_id=p1 reason=underscore_visitor_util
2026-03-17 16:03:55,759 - adg.hard_fails_untranscripted - WARNING - hard_fails_untranscripted root_trace_id=p1 reason=validation_mixin_util
2026-03-17 16:03:55,761 - adg.hard_fails_untranscripted - WARNING - hard_fails_untranscripted root_trace_id=p1 reason=vector_memory_types_util
2026-03-17 16:03:55,764 - adg.hard_fails_untranscripted - WARNING - hard_fails_untranscripted root_trace_id=p1 reason=version_tag_util
2026-03-17 16:03:55,773 - adg.hard_fails_untranscripted - WARNING - hard_fails_untranscripted root_trace_id=p1 reason=cache_entry_validator
2026-03-17 16:03:55,780 - adg.hard_fails_untranscripted - WARNING - hard_fails_untranscripted root_trace_id=p1 reason=checkpoint_integrity_error_validator
2026-03-17 16:03:55,782 - adg.hard_fails_untranscripted - WARNING - hard_fails_untranscripted root_trace_id=p1 reason=evidence_ranker_validator
2026-03-17 16:03:55,786 - adg.hard_fails_untranscripted - WARNING - hard_fails_untranscripted root_trace_id=p1 reason=fact_ledger_validator
2026-03-17 16:03:55,793 - adg.hard_fails_untranscripted - WARNING - hard_fails_untranscripted root_trace_id=p1 reason=k_node_scanner_validator
2026-03-17 16:03:55,795 - adg.hard_fails_untranscripted - WARNING - hard_fails_untranscripted root_trace_id=p1 reason=knowledge_result_validator
2026-03-17 16:03:55,806 - adg.hard_fails_untranscripted - WARNING - hard_fails_untranscripted root_trace_id=p1 reason=talent_signal_enhancer_validator
2026-03-17 16:03:55,810 - adg.hard_fails_untranscripted - WARNING - hard_fails_untranscripted root_trace_id=p1 reason=validation_context_manager_validator
2026-03-17 16:05:15,589 - adg.hard_fails_untranscripted - WARNING - hard_fails_untranscripted root_trace_id=p1 reason=update_observability_usage_safety_type
2026-03-17 16:05:15,617 - adg.hard_fails_untranscripted - WARNING - hard_fails_untranscripted root_trace_id=p1 reason=cid_registry
2026-03-17 16:05:15,618 - adg.hard_fails_untranscripted - WARNING - hard_fails_untranscripted root_trace_id=p1 reason=determinism
2026-03-17 16:05:15,618 - adg.hard_fails_untranscripted - WARNING - hard_fails_untranscripted root_trace_id=p1 reason=determinism_util
2026-03-17 16:05:15,618 - adg.hard_fails_untranscripted - WARNING - hard_fails_untranscripted root_trace_id=p1 reason=base_spine_adapter
2026-03-17 16:05:15,620 - adg.hard_fails_untranscripted - WARNING - hard_fails_untranscripted root_trace_id=p1 reason=d0_engine_adapter
2026-03-17 16:05:15,621 - adg.hard_fails_untranscripted - WARNING - hard_fails_untranscripted root_trace_id=p1 reason=risk_gate_adapter
2026-03-17 16:05:15,623 - adg.hard_fails_untranscripted - WARNING - hard_fails_untranscripted root_trace_id=p1 reason=vigilance_dispatcher_adapter
2026-03-17 16:05:15,624 - adg.hard_fails_untranscripted - WARNING - hard_fails_untranscripted root_trace_id=p1 reason=test_apps_refactor
2026-03-17 16:05:15,636 - adg.hard_fails_untranscripted - WARNING - hard_fails_untranscripted root_trace_id=p1 reason=test_AgentRole_adg
2026-03-17 16:05:15,636 - adg.hard_fails_untranscripted - WARNING - hard_fails_untranscripted root_trace_id=p1 reason=AgentRole
2026-03-17 16:05:15,641 - adg.hard_fails_untranscripted - WARNING - hard_fails_untranscripted root_trace_id=p1 reason=test_adaptive_recovery_loop_types_adg
2026-03-17 16:05:15,643 - adg.hard_fails_untranscripted - WARNING - hard_fails_untranscripted root_trace_id=p1 reason=adaptive_recovery_loop_types
2026-03-17 16:05:15,647 - adg.hard_fails_untranscripted - WARNING - hard_fails_untranscripted root_trace_id=p1 reason=test_app_config_types_adg
2026-03-17 16:05:15,648 - adg.hard_fails_untranscripted - WARNING - hard_fails_untranscripted root_trace_id=p1 reason=app_config_types
2026-03-17 16:05:15,648 - root - WARNING - ⚠️ GEMINI_API_KEY not found in environment. API calls will fail.
2026-03-17 16:05:15,651 - root - WARNING - Optional config file 'C:\Git\Agentic-Workflow\apps_shared\types\artist_constraints.json' not found, returning empty dict
2026-03-17 16:05:15,651 - root - WARNING - Optional config file 'C:\Git\Agentic-Workflow\apps_shared\types\validator_rules.json' not found, returning empty dict
2026-03-17 16:05:15,651 - root - ERROR - CRITICAL: Prompts file not found. Tried: C:\Git\Agentic-Workflow\apps_shared\types\prompts.json and C:\Git\Agentic-Workflow\apps_shared\types\prompts.json. Halting.
2026-03-17 16:05:15,691 - adg.hard_fails_untranscripted - WARNING - hard_fails_untranscripted root_trace_id=p1 reason=test_config_format_types_adg
2026-03-17 16:05:15,691 - adg.hard_fails_untranscripted - WARNING - hard_fails_untranscripted root_trace_id=p1 reason=config_format_types
2026-03-17 16:05:15,695 - adg.hard_fails_untranscripted - WARNING - hard_fails_untranscripted root_trace_id=p1 reason=test_config_type_types_adg
2026-03-17 16:05:15,696 - adg.hard_fails_untranscripted - WARNING - hard_fails_untranscripted root_trace_id=p1 reason=config_type_types
2026-03-17 16:05:15,700 - adg.hard_fails_untranscripted - WARNING - hard_fails_untranscripted root_trace_id=p1 reason=context_match_type_types
2026-03-17 16:05:15,703 - adg.hard_fails_untranscripted - WARNING - hard_fails_untranscripted root_trace_id=p1 reason=coordinate_observability_operations_orchestrator_type
2026-03-17 16:05:15,704 - adg.hard_fails_untranscripted - WARNING - hard_fails_untranscripted root_trace_id=p1 reason=test_cost_alert_level_types_adg
2026-03-17 16:05:15,704 - adg.hard_fails_untranscripted - WARNING - hard_fails_untranscripted root_trace_id=p1 reason=cost_alert_level_types
2026-03-17 16:05:15,712 - adg.hard_fails_untranscripted - WARNING - hard_fails_untranscripted root_trace_id=p1 reason=test_event_bus_types_adg
2026-03-17 16:05:15,712 - adg.hard_fails_untranscripted - WARNING - hard_fails_untranscripted root_trace_id=p1 reason=event_bus_types
2026-03-17 16:05:15,714 - adg.hard_fails_untranscripted - WARNING - hard_fails_untranscripted root_trace_id=p1 reason=test_execution_orchestrator_types_adg
2026-03-17 16:05:15,718 - adg.hard_fails_untranscripted - WARNING - hard_fails_untranscripted root_trace_id=p1 reason=execution_type_types
2026-03-17 16:05:15,722 - adg.hard_fails_untranscripted - WARNING - hard_fails_untranscripted root_trace_id=p1 reason=test_feedback_loop_orchestrator_types_adg
2026-03-17 16:05:15,722 - adg.hard_fails_untranscripted - WARNING - hard_fails_untranscripted root_trace_id=p1 reason=feedback_loop_orchestrator_types
2026-03-17 16:05:15,724 - adg.hard_fails_untranscripted - WARNING - hard_fails_untranscripted root_trace_id=p1 reason=test_feedback_loop_types_adg
2026-03-17 16:05:15,724 - adg.hard_fails_untranscripted - WARNING - hard_fails_untranscripted root_trace_id=p1 reason=feedback_loop_types
2026-03-17 16:05:15,728 - adg.hard_fails_untranscripted - WARNING - hard_fails_untranscripted root_trace_id=p1 reason=test_golden_state_evaluator_types_adg
2026-03-17 16:05:15,728 - adg.hard_fails_untranscripted - WARNING - hard_fails_untranscripted root_trace_id=p1 reason=golden_state_evaluator_types
2026-03-17 16:05:15,735 - adg.hard_fails_untranscripted - WARNING - hard_fails_untranscripted root_trace_id=p1 reason=hardened_gemini_executor_types
2026-03-17 16:05:15,736 - adg.hard_fails_untranscripted - WARNING - hard_fails_untranscripted root_trace_id=p1 reason=test_health_status_types_adg
2026-03-17 16:05:15,736 - adg.hard_fails_untranscripted - WARNING - hard_fails_untranscripted root_trace_id=p1 reason=health_status_types
2026-03-17 16:05:15,741 - adg.hard_fails_untranscripted - WARNING - hard_fails_untranscripted root_trace_id=p1 reason=test_history_action_types_adg
2026-03-17 16:05:15,741 - adg.hard_fails_untranscripted - WARNING - hard_fails_untranscripted root_trace_id=p1 reason=history_action_types
2026-03-17 16:05:15,746 - adg.hard_fails_untranscripted - WARNING - hard_fails_untranscripted root_trace_id=p1 reason=test_hybrid_scorer_types_adg
2026-03-17 16:05:15,746 - adg.hard_fails_untranscripted - WARNING - hard_fails_untranscripted root_trace_id=p1 reason=hybrid_scorer_types
2026-03-17 16:05:15,748 - adg.hard_fails_untranscripted - WARNING - hard_fails_untranscripted root_trace_id=p1 reason=integration_layer_types
2026-03-17 16:05:15,750 - adg.hard_fails_untranscripted - WARNING - hard_fails_untranscripted root_trace_id=p1 reason=test_invocation_type_types_adg
2026-03-17 16:05:15,751 - adg.hard_fails_untranscripted - WARNING - hard_fails_untranscripted root_trace_id=p1 reason=invocation_type_types
2026-03-17 16:05:15,755 - adg.hard_fails_untranscripted - WARNING - hard_fails_untranscripted root_trace_id=p1 reason=test_json_exporter_types_adg
2026-03-17 16:05:15,757 - adg.hard_fails_untranscripted - WARNING - hard_fails_untranscripted root_trace_id=p1 reason=judge_evaluator_types
2026-03-17 16:05:15,759 - adg.hard_fails_untranscripted - WARNING - hard_fails_untranscripted root_trace_id=p1 reason=test_k_node_type_types_adg
2026-03-17 16:05:15,760 - adg.hard_fails_untranscripted - WARNING - hard_fails_untranscripted root_trace_id=p1 reason=k_node_type_types
2026-03-17 16:05:15,762 - adg.hard_fails_untranscripted - WARNING - hard_fails_untranscripted root_trace_id=p1 reason=test_kx_execution_context_types_adg
2026-03-17 16:05:15,766 - adg.hard_fails_untranscripted - WARNING - hard_fails_untranscripted root_trace_id=p1 reason=test_memory_manager_types_adg
2026-03-17 16:05:15,772 - adg.hard_fails_untranscripted - WARNING - hard_fails_untranscripted root_trace_id=p1 reason=memory_manager_types
2026-03-17 16:05:15,776 - adg.hard_fails_untranscripted - WARNING - hard_fails_untranscripted root_trace_id=p1 reason=test_model_router_types_adg
2026-03-17 16:05:15,776 - adg.hard_fails_untranscripted - WARNING - hard_fails_untranscripted root_trace_id=p1 reason=__init__
2026-03-17 16:05:15,776 - adg.hard_fails_untranscripted - WARNING - hard_fails_untranscripted root_trace_id=p1 reason=capability_registry
2026-03-17 16:05:15,778 - adg.hard_fails_untranscripted - WARNING - hard_fails_untranscripted root_trace_id=p1 reason=agent_handoff
2026-03-17 16:05:15,778 - adg.hard_fails_untranscripted - WARNING - hard_fails_untranscripted root_trace_id=p1 reason=orchestration_context
2026-03-17 16:05:15,778 - adg.hard_fails_untranscripted - WARNING - hard_fails_untranscripted root_trace_id=p1 reason=orchestration_handoff_contract
2026-03-17 16:05:15,781 - adg.hard_fails_untranscripted - WARNING - hard_fails_untranscripted root_trace_id=p1 reason=run_scoped_orchestration_ledger
2026-03-17 16:05:15,781 - adg.hard_fails_untranscripted - WARNING - hard_fails_untranscripted root_trace_id=p1 reason=__init__
2026-03-17 16:05:15,781 - adg.hard_fails_untranscripted - WARNING - hard_fails_untranscripted root_trace_id=p1 reason=__init__
2026-03-17 16:05:15,781 - adg.hard_fails_untranscripted - WARNING - hard_fails_untranscripted root_trace_id=p1 reason=__init__
2026-03-17 16:05:15,782 - adg.hard_fails_untranscripted - WARNING - hard_fails_untranscripted root_trace_id=p1 reason=mcp_manager
2026-03-17 16:05:15,782 - adg.hard_fails_untranscripted - WARNING - hard_fails_untranscripted root_trace_id=p1 reason=model_router_types
2026-03-17 16:05:15,783 - adg.hard_fails_untranscripted - WARNING - hard_fails_untranscripted root_trace_id=p1 reason=test_operation_category_types_adg
2026-03-17 16:05:15,783 - adg.hard_fails_untranscripted - WARNING - hard_fails_untranscripted root_trace_id=p1 reason=operation_category_types
2026-03-17 16:05:15,790 - adg.hard_fails_untranscripted - WARNING - hard_fails_untranscripted root_trace_id=p1 reason=test_operation_mode_types_adg
2026-03-17 16:05:15,790 - adg.hard_fails_untranscripted - WARNING - hard_fails_untranscripted root_trace_id=p1 reason=operation_mode_types
2026-03-17 16:05:15,793 - adg.hard_fails_untranscripted - WARNING - hard_fails_untranscripted root_trace_id=p1 reason=orchestrate_observability_planning_orchestrator_type
2026-03-17 16:05:15,795 - adg.hard_fails_untranscripted - WARNING - hard_fails_untranscripted root_trace_id=p1 reason=test_otlp_exporter_types_adg
2026-03-17 16:05:15,797 - adg.hard_fails_untranscripted - WARNING - hard_fails_untranscripted root_trace_id=p1 reason=test_pipeline_stage_status_types_adg
2026-03-17 16:05:15,797 - adg.hard_fails_untranscripted - WARNING - hard_fails_untranscripted root_trace_id=p1 reason=pipeline_stage_status_types
2026-03-17 16:05:15,806 - adg.hard_fails_untranscripted - WARNING - hard_fails_untranscripted root_trace_id=p1 reason=test_prompt_optimizer_types_adg
2026-03-17 16:05:15,806 - adg.hard_fails_untranscripted - WARNING - hard_fails_untranscripted root_trace_id=p1 reason=prompt_optimizer_types
2026-03-17 16:05:15,810 - adg.hard_fails_untranscripted - WARNING - hard_fails_untranscripted root_trace_id=p1 reason=test_rate_limiter_types_adg
2026-03-17 16:05:15,810 - adg.hard_fails_untranscripted - WARNING - hard_fails_untranscripted root_trace_id=p1 reason=rate_limiter_types
2026-03-17 16:05:15,811 - adg.hard_fails_untranscripted - WARNING - hard_fails_untranscripted root_trace_id=p1 reason=test_reasoning_output_adg
2026-03-17 16:05:15,816 - adg.hard_fails_untranscripted - WARNING - hard_fails_untranscripted root_trace_id=p1 reason=test_risk_level_types_adg
2026-03-17 16:05:15,817 - adg.hard_fails_untranscripted - WARNING - hard_fails_untranscripted root_trace_id=p1 reason=risk_level_types
2026-03-17 16:05:15,821 - adg.hard_fails_untranscripted - WARNING - hard_fails_untranscripted root_trace_id=p1 reason=test_schema_search_mode_types_adg
2026-03-17 16:05:15,821 - adg.hard_fails_untranscripted - WARNING - hard_fails_untranscripted root_trace_id=p1 reason=schema_search_mode_types
2026-03-17 16:05:15,824 - adg.hard_fails_untranscripted - WARNING - hard_fails_untranscripted root_trace_id=p1 reason=test_schema_type_types_adg
2026-03-17 16:05:15,824 - adg.hard_fails_untranscripted - WARNING - hard_fails_untranscripted root_trace_id=p1 reason=schema_type_types
2026-03-17 16:05:15,828 - adg.hard_fails_untranscripted - WARNING - hard_fails_untranscripted root_trace_id=p1 reason=test_self_healing_formatter_types_adg
2026-03-17 16:05:15,828 - adg.hard_fails_untranscripted - WARNING - hard_fails_untranscripted root_trace_id=p1 reason=self_healing_formatter_types
2026-03-17 16:05:15,830 - adg.hard_fails_untranscripted - WARNING - hard_fails_untranscripted root_trace_id=p1 reason=test_service_container_types_adg
2026-03-17 16:05:15,831 - adg.hard_fails_untranscripted - WARNING - hard_fails_untranscripted root_trace_id=p1 reason=service_container_types
2026-03-17 16:05:15,833 - adg.hard_fails_untranscripted - WARNING - hard_fails_untranscripted root_trace_id=p1 reason=test_similarity_method_types_adg
2026-03-17 16:05:15,833 - adg.hard_fails_untranscripted - WARNING - hard_fails_untranscripted root_trace_id=p1 reason=similarity_method_types
2026-03-17 16:05:15,910 - adg.hard_fails_untranscripted - WARNING - hard_fails_untranscripted root_trace_id=p1 reason=test_ssot_relocator_types_adg
2026-03-17 16:05:15,912 - adg.hard_fails_untranscripted - WARNING - hard_fails_untranscripted root_trace_id=p1 reason=ssot_relocator_types
2026-03-17 16:05:15,914 - adg.hard_fails_untranscripted - WARNING - hard_fails_untranscripted root_trace_id=p1 reason=test_standard_type_types_adg
2026-03-17 16:05:15,915 - adg.hard_fails_untranscripted - WARNING - hard_fails_untranscripted root_trace_id=p1 reason=standard_type_types
2026-03-17 16:05:15,918 - adg.hard_fails_untranscripted - WARNING - hard_fails_untranscripted root_trace_id=p1 reason=test_state_operation_types_adg
2026-03-17 16:05:15,918 - adg.hard_fails_untranscripted - WARNING - hard_fails_untranscripted root_trace_id=p1 reason=state_operation_types
2026-03-17 16:05:15,923 - adg.hard_fails_untranscripted - WARNING - hard_fails_untranscripted root_trace_id=p1 reason=test_tone_model_types_adg
2026-03-17 16:05:15,924 - adg.hard_fails_untranscripted - WARNING - hard_fails_untranscripted root_trace_id=p1 reason=tone_model_types
2026-03-17 16:05:15,928 - adg.hard_fails_untranscripted - WARNING - hard_fails_untranscripted root_trace_id=p1 reason=test_tool_category_types_adg
2026-03-17 16:05:15,928 - adg.hard_fails_untranscripted - WARNING - hard_fails_untranscripted root_trace_id=p1 reason=tool_category_types
2026-03-17 16:05:15,933 - adg.hard_fails_untranscripted - WARNING - hard_fails_untranscripted root_trace_id=p1 reason=test_tool_type_types_adg
2026-03-17 16:05:15,933 - adg.hard_fails_untranscripted - WARNING - hard_fails_untranscripted root_trace_id=p1 reason=tool_type_types
2026-03-17 16:05:15,937 - adg.hard_fails_untranscripted - WARNING - hard_fails_untranscripted root_trace_id=p1 reason=unified_formatter_types
2026-03-17 16:05:15,937 - adg.hard_fails_untranscripted - WARNING - hard_fails_untranscripted root_trace_id=p1 reason=test_unified_formatter_types_adg
2026-03-17 16:05:15,941 - adg.hard_fails_untranscripted - WARNING - hard_fails_untranscripted root_trace_id=p1 reason=test_validation_status_types_adg
2026-03-17 16:05:15,941 - adg.hard_fails_untranscripted - WARNING - hard_fails_untranscripted root_trace_id=p1 reason=validation_status_types
2026-03-17 16:05:16,414 - adg.hard_fails_untranscripted - WARNING - hard_fails_untranscripted root_trace_id=p1 reason=test_vector_similarity_result_types_adg
2026-03-17 16:05:16,436 - adg.hard_fails_untranscripted - WARNING - hard_fails_untranscripted root_trace_id=p1 reason=agent_interface_util
2026-03-17 16:05:16,444 - adg.hard_fails_untranscripted - WARNING - hard_fails_untranscripted root_trace_id=p1 reason=analysis_mixin_util
2026-03-17 16:05:16,446 - adg.hard_fails_untranscripted - WARNING - hard_fails_untranscripted root_trace_id=p1 reason=__init__
2026-03-17 16:05:16,447 - adg.hard_fails_untranscripted - WARNING - hard_fails_untranscripted root_trace_id=p1 reason=reasoning_knowledge
2026-03-17 16:05:16,447 - adg.hard_fails_untranscripted - WARNING - hard_fails_untranscripted root_trace_id=p1 reason=knowledge_orchestrator
2026-03-17 16:05:16,449 - adg.hard_fails_untranscripted - WARNING - hard_fails_untranscripted root_trace_id=p1 reason=__init__
2026-03-17 16:05:16,450 - adg.hard_fails_untranscripted - WARNING - hard_fails_untranscripted root_trace_id=p1 reason=reasoning_plan
2026-03-17 16:05:16,452 - adg.hard_fails_untranscripted - WARNING - hard_fails_untranscripted root_trace_id=p1 reason=plan_creator
2026-03-17 16:05:16,452 - adg.hard_fails_untranscripted - WARNING - hard_fails_untranscripted root_trace_id=p1 reason=__init__
2026-03-17 16:05:16,453 - adg.hard_fails_untranscripted - WARNING - hard_fails_untranscripted root_trace_id=p1 reason=__init__
2026-03-17 16:05:16,453 - adg.hard_fails_untranscripted - WARNING - hard_fails_untranscripted root_trace_id=p1 reason=action_request_types
2026-03-17 16:05:16,453 - adg.hard_fails_untranscripted - WARNING - hard_fails_untranscripted root_trace_id=p1 reason=__init__
2026-03-17 16:05:16,453 - adg.hard_fails_untranscripted - WARNING - hard_fails_untranscripted root_trace_id=p1 reason=__init__
2026-03-17 16:05:16,453 - adg.hard_fails_untranscripted - WARNING - hard_fails_untranscripted root_trace_id=p1 reason=app_base_util
2026-03-17 16:05:16,464 - adg.hard_fails_untranscripted - WARNING - hard_fails_untranscripted root_trace_id=p1 reason=async_coordinator_util
2026-03-17 16:05:16,472 - adg.hard_fails_untranscripted - WARNING - hard_fails_untranscripted root_trace_id=p1 reason=autonomous_sovereign_core_util
2026-03-17 16:05:16,476 - adg.hard_fails_untranscripted - WARNING - hard_fails_untranscripted root_trace_id=p1 reason=backup_manager_util
2026-03-17 16:05:16,478 - adg.hard_fails_untranscripted - WARNING - hard_fails_untranscripted root_trace_id=p1 reason=baggage_propagator_util
2026-03-17 16:05:16,487 - adg.hard_fails_untranscripted - WARNING - hard_fails_untranscripted root_trace_id=p1 reason=cache_metrics_util
2026-03-17 16:05:16,491 - adg.hard_fails_untranscripted - WARNING - hard_fails_untranscripted root_trace_id=p1 reason=collected_item_util
2026-03-17 16:05:16,491 - apps_shared.utils.collected_item_util - INFO - Initialized BaseCollector
2026-03-17 16:05:16,494 - adg.hard_fails_untranscripted - WARNING - hard_fails_untranscripted root_trace_id=p1 reason=config_environment_util
2026-03-17 16:05:16,506 - adg.hard_fails_untranscripted - WARNING - hard_fails_untranscripted root_trace_id=p1 reason=context_manager_util
2026-03-17 16:05:16,555 - adg.hard_fails_untranscripted - WARNING - hard_fails_untranscripted root_trace_id=p1 reason=contextual_compressor_util
2026-03-17 16:05:16,558 - adg.hard_fails_untranscripted - WARNING - hard_fails_untranscripted root_trace_id=p1 reason=document_score_util
2026-03-17 16:05:16,567 - adg.hard_fails_untranscripted - WARNING - hard_fails_untranscripted root_trace_id=p1 reason=environment_util
2026-03-17 16:05:16,568 - adg.hard_fails_untranscripted - WARNING - hard_fails_untranscripted root_trace_id=p1 reason=etl_pipeline_util
2026-03-17 16:05:16,571 - adg.hard_fails_untranscripted - WARNING - hard_fails_untranscripted root_trace_id=p1 reason=feedback_category_util
2026-03-17 16:05:16,584 - adg.hard_fails_untranscripted - WARNING - hard_fails_untranscripted root_trace_id=p1 reason=format_observability_context_plan_type_util
2026-03-17 16:05:16,600 - adg.hard_fails_untranscripted - WARNING - hard_fails_untranscripted root_trace_id=p1 reason=graph_rag_fusion_util
2026-03-17 16:05:16,606 - adg.hard_fails_untranscripted - WARNING - hard_fails_untranscripted root_trace_id=p1 reason=health_check_types_util
2026-03-17 16:05:16,619 - adg.hard_fails_untranscripted - WARNING - hard_fails_untranscripted root_trace_id=p1 reason=input_guardrail_util
2026-03-17 16:05:16,624 - adg.hard_fails_untranscripted - WARNING - hard_fails_untranscripted root_trace_id=p1 reason=input_validator_util
2026-03-17 16:05:16,632 - adg.hard_fails_untranscripted - WARNING - hard_fails_untranscripted root_trace_id=p1 reason=late_interaction_reranker_util
2026-03-17 16:05:16,639 - adg.hard_fails_untranscripted - WARNING - hard_fails_untranscripted root_trace_id=p1 reason=metric_augmenter_util
2026-03-17 16:05:16,652 - adg.hard_fails_untranscripted - WARNING - hard_fails_untranscripted root_trace_id=p1 reason=metric_util
2026-03-17 16:05:16,652 - apps_shared.utils.metric_util - INFO - Initialized MetricConfig
2026-03-17 16:05:16,656 - adg.hard_fails_untranscripted - WARNING - hard_fails_untranscripted root_trace_id=p1 reason=model_visitor_util
2026-03-17 16:05:16,730 - adg.hard_fails_untranscripted - WARNING - hard_fails_untranscripted root_trace_id=p1 reason=mutation_phase_util
2026-03-17 16:05:16,747 - adg.hard_fails_untranscripted - WARNING - hard_fails_untranscripted root_trace_id=p1 reason=observability_type_util
2026-03-17 16:05:16,757 - adg.hard_fails_untranscripted - WARNING - hard_fails_untranscripted root_trace_id=p1 reason=open_telemetry_tracing_adapter_util
2026-03-17 16:05:16,764 - adg.hard_fails_untranscripted - WARNING - hard_fails_untranscripted root_trace_id=p1 reason=optimize_observability_order_plan_type_util
2026-03-17 16:05:16,770 - adg.hard_fails_untranscripted - WARNING - hard_fails_untranscripted root_trace_id=p1 reason=orchestration_mixin_util
2026-03-17 16:05:16,773 - adg.hard_fails_untranscripted - WARNING - hard_fails_untranscripted root_trace_id=p1 reason=performance_monitor_types_util
2026-03-17 16:05:16,786 - adg.hard_fails_untranscripted - WARNING - hard_fails_untranscripted root_trace_id=p1 reason=prompt_loader_util
2026-03-17 16:05:16,790 - adg.hard_fails_untranscripted - WARNING - hard_fails_untranscripted root_trace_id=p1 reason=prompt_registry_util
2026-03-17 16:05:16,798 - adg.hard_fails_untranscripted - WARNING - hard_fails_untranscripted root_trace_id=p1 reason=providers_google_genai_client_util
2026-03-17 16:05:16,801 - adg.hard_fails_untranscripted - WARNING - hard_fails_untranscripted root_trace_id=p1 reason=rank_data_components_plan_type_util
2026-03-17 16:05:16,808 - adg.hard_fails_untranscripted - WARNING - hard_fails_untranscripted root_trace_id=p1 reason=rank_observability_components_util
2026-03-17 16:05:16,809 - adg.hard_fails_untranscripted - WARNING - hard_fails_untranscripted root_trace_id=p1 reason=neo4j_store
2026-03-17 16:05:16,814 - adg.hard_fails_untranscripted - WARNING - hard_fails_untranscripted root_trace_id=p1 reason=relevance_scorer_util
2026-03-17 16:05:16,818 - adg.hard_fails_untranscripted - WARNING - hard_fails_untranscripted root_trace_id=p1 reason=request_type_util
2026-03-17 16:05:16,893 - adg.hard_fails_untranscripted - WARNING - hard_fails_untranscripted root_trace_id=p1 reason=resource_manager_types_util
2026-03-17 16:05:16,911 - adg.hard_fails_untranscripted - WARNING - hard_fails_untranscripted root_trace_id=p1 reason=router_factory_util
2026-03-17 16:05:16,920 - adg.hard_fails_untranscripted - WARNING - hard_fails_untranscripted root_trace_id=p1 reason=sdk_category_util
2026-03-17 16:05:16,926 - adg.hard_fails_untranscripted - WARNING - hard_fails_untranscripted root_trace_id=p1 reason=secure_config_manager_util
2026-03-17 16:05:16,930 - adg.hard_fails_untranscripted - WARNING - hard_fails_untranscripted root_trace_id=p1 reason=security_config_util
2026-03-17 16:05:16,940 - adg.hard_fails_untranscripted - WARNING - hard_fails_untranscripted root_trace_id=p1 reason=signal_weighter_util
2026-03-17 16:05:16,946 - adg.hard_fails_untranscripted - WARNING - hard_fails_untranscripted root_trace_id=p1 reason=sleeping_giant_util
2026-03-17 16:05:16,947 - adg.hard_fails_untranscripted - WARNING - hard_fails_untranscripted root_trace_id=p1 reason=state_persistence_error_util
2026-03-17 16:05:16,951 - adg.hard_fails_untranscripted - WARNING - hard_fails_untranscripted root_trace_id=p1 reason=stored_prompt_util
2026-03-17 16:05:16,957 - adg.hard_fails_untranscripted - WARNING - hard_fails_untranscripted root_trace_id=p1 reason=think_step_util
2026-03-17 16:05:16,964 - adg.hard_fails_untranscripted - WARNING - hard_fails_untranscripted root_trace_id=p1 reason=token_budget_util
2026-03-17 16:05:16,966 - adg.hard_fails_untranscripted - WARNING - hard_fails_untranscripted root_trace_id=p1 reason=tone_voice_util
2026-03-17 16:05:16,974 - adg.hard_fails_untranscripted - WARNING - hard_fails_untranscripted root_trace_id=p1 reason=underscore_visitor_util
2026-03-17 16:05:16,993 - adg.hard_fails_untranscripted - WARNING - hard_fails_untranscripted root_trace_id=p1 reason=validation_mixin_util
2026-03-17 16:05:16,996 - adg.hard_fails_untranscripted - WARNING - hard_fails_untranscripted root_trace_id=p1 reason=vector_memory_types_util
2026-03-17 16:05:16,998 - adg.hard_fails_untranscripted - WARNING - hard_fails_untranscripted root_trace_id=p1 reason=version_tag_util
2026-03-17 16:05:17,006 - adg.hard_fails_untranscripted - WARNING - hard_fails_untranscripted root_trace_id=p1 reason=cache_entry_validator
2026-03-17 16:05:17,014 - adg.hard_fails_untranscripted - WARNING - hard_fails_untranscripted root_trace_id=p1 reason=checkpoint_integrity_error_validator
2026-03-17 16:05:17,017 - adg.hard_fails_untranscripted - WARNING - hard_fails_untranscripted root_trace_id=p1 reason=evidence_ranker_validator
2026-03-17 16:05:17,021 - adg.hard_fails_untranscripted - WARNING - hard_fails_untranscripted root_trace_id=p1 reason=fact_ledger_validator
2026-03-17 16:05:17,028 - adg.hard_fails_untranscripted - WARNING - hard_fails_untranscripted root_trace_id=p1 reason=k_node_scanner_validator
2026-03-17 16:05:17,030 - adg.hard_fails_untranscripted - WARNING - hard_fails_untranscripted root_trace_id=p1 reason=knowledge_result_validator
2026-03-17 16:05:17,041 - adg.hard_fails_untranscripted - WARNING - hard_fails_untranscripted root_trace_id=p1 reason=talent_signal_enhancer_validator
2026-03-17 16:05:17,045 - adg.hard_fails_untranscripted - WARNING - hard_fails_untranscripted root_trace_id=p1 reason=validation_context_manager_validator
2026-03-17 16:06:46,482 - adg.hard_fails_untranscripted - WARNING - hard_fails_untranscripted root_trace_id=p1 reason=update_observability_usage_safety_type
2026-03-17 16:06:46,510 - adg.hard_fails_untranscripted - WARNING - hard_fails_untranscripted root_trace_id=p1 reason=cid_registry
2026-03-17 16:06:46,510 - adg.hard_fails_untranscripted - WARNING - hard_fails_untranscripted root_trace_id=p1 reason=determinism
2026-03-17 16:06:46,510 - adg.hard_fails_untranscripted - WARNING - hard_fails_untranscripted root_trace_id=p1 reason=determinism_util
2026-03-17 16:06:46,510 - adg.hard_fails_untranscripted - WARNING - hard_fails_untranscripted root_trace_id=p1 reason=base_spine_adapter
2026-03-17 16:06:46,513 - adg.hard_fails_untranscripted - WARNING - hard_fails_untranscripted root_trace_id=p1 reason=d0_engine_adapter
2026-03-17 16:06:46,514 - adg.hard_fails_untranscripted - WARNING - hard_fails_untranscripted root_trace_id=p1 reason=risk_gate_adapter
2026-03-17 16:06:46,514 - adg.hard_fails_untranscripted - WARNING - hard_fails_untranscripted root_trace_id=p1 reason=vigilance_dispatcher_adapter
2026-03-17 16:06:46,514 - adg.hard_fails_untranscripted - WARNING - hard_fails_untranscripted root_trace_id=p1 reason=test_apps_refactor
2026-03-17 16:06:46,530 - adg.hard_fails_untranscripted - WARNING - hard_fails_untranscripted root_trace_id=p1 reason=test_AgentRole_adg
2026-03-17 16:06:46,532 - adg.hard_fails_untranscripted - WARNING - hard_fails_untranscripted root_trace_id=p1 reason=AgentRole
2026-03-17 16:06:46,535 - adg.hard_fails_untranscripted - WARNING - hard_fails_untranscripted root_trace_id=p1 reason=test_adaptive_recovery_loop_types_adg
2026-03-17 16:06:46,536 - adg.hard_fails_untranscripted - WARNING - hard_fails_untranscripted root_trace_id=p1 reason=adaptive_recovery_loop_types
2026-03-17 16:06:46,540 - adg.hard_fails_untranscripted - WARNING - hard_fails_untranscripted root_trace_id=p1 reason=test_app_config_types_adg
2026-03-17 16:06:46,541 - adg.hard_fails_untranscripted - WARNING - hard_fails_untranscripted root_trace_id=p1 reason=app_config_types
2026-03-17 16:06:46,541 - root - WARNING - ⚠️ GEMINI_API_KEY not found in environment. API calls will fail.
2026-03-17 16:06:46,544 - root - WARNING - Optional config file 'C:\Git\Agentic-Workflow\apps_shared\types\artist_constraints.json' not found, returning empty dict
2026-03-17 16:06:46,544 - root - WARNING - Optional config file 'C:\Git\Agentic-Workflow\apps_shared\types\validator_rules.json' not found, returning empty dict
2026-03-17 16:06:46,545 - root - ERROR - CRITICAL: Prompts file not found. Tried: C:\Git\Agentic-Workflow\apps_shared\types\prompts.json and C:\Git\Agentic-Workflow\apps_shared\types\prompts.json. Halting.
2026-03-17 16:06:46,585 - adg.hard_fails_untranscripted - WARNING - hard_fails_untranscripted root_trace_id=p1 reason=test_config_format_types_adg
2026-03-17 16:06:46,585 - adg.hard_fails_untranscripted - WARNING - hard_fails_untranscripted root_trace_id=p1 reason=config_format_types
2026-03-17 16:06:46,587 - adg.hard_fails_untranscripted - WARNING - hard_fails_untranscripted root_trace_id=p1 reason=test_config_type_types_adg
2026-03-17 16:06:46,587 - adg.hard_fails_untranscripted - WARNING - hard_fails_untranscripted root_trace_id=p1 reason=config_type_types
2026-03-17 16:06:46,592 - adg.hard_fails_untranscripted - WARNING - hard_fails_untranscripted root_trace_id=p1 reason=context_match_type_types
2026-03-17 16:06:46,595 - adg.hard_fails_untranscripted - WARNING - hard_fails_untranscripted root_trace_id=p1 reason=coordinate_observability_operations_orchestrator_type
2026-03-17 16:06:46,597 - adg.hard_fails_untranscripted - WARNING - hard_fails_untranscripted root_trace_id=p1 reason=test_cost_alert_level_types_adg
2026-03-17 16:06:46,597 - adg.hard_fails_untranscripted - WARNING - hard_fails_untranscripted root_trace_id=p1 reason=cost_alert_level_types
2026-03-17 16:06:46,603 - adg.hard_fails_untranscripted - WARNING - hard_fails_untranscripted root_trace_id=p1 reason=test_event_bus_types_adg
2026-03-17 16:06:46,603 - adg.hard_fails_untranscripted - WARNING - hard_fails_untranscripted root_trace_id=p1 reason=event_bus_types
2026-03-17 16:06:46,606 - adg.hard_fails_untranscripted - WARNING - hard_fails_untranscripted root_trace_id=p1 reason=test_execution_orchestrator_types_adg
2026-03-17 16:06:46,609 - adg.hard_fails_untranscripted - WARNING - hard_fails_untranscripted root_trace_id=p1 reason=execution_type_types
2026-03-17 16:06:46,612 - adg.hard_fails_untranscripted - WARNING - hard_fails_untranscripted root_trace_id=p1 reason=test_feedback_loop_orchestrator_types_adg
2026-03-17 16:06:46,612 - adg.hard_fails_untranscripted - WARNING - hard_fails_untranscripted root_trace_id=p1 reason=feedback_loop_orchestrator_types
2026-03-17 16:06:46,616 - adg.hard_fails_untranscripted - WARNING - hard_fails_untranscripted root_trace_id=p1 reason=test_feedback_loop_types_adg
2026-03-17 16:06:46,616 - adg.hard_fails_untranscripted - WARNING - hard_fails_untranscripted root_trace_id=p1 reason=feedback_loop_types
2026-03-17 16:06:46,618 - adg.hard_fails_untranscripted - WARNING - hard_fails_untranscripted root_trace_id=p1 reason=test_golden_state_evaluator_types_adg
2026-03-17 16:06:46,620 - adg.hard_fails_untranscripted - WARNING - hard_fails_untranscripted root_trace_id=p1 reason=golden_state_evaluator_types
2026-03-17 16:06:46,626 - adg.hard_fails_untranscripted - WARNING - hard_fails_untranscripted root_trace_id=p1 reason=hardened_gemini_executor_types
2026-03-17 16:06:46,628 - adg.hard_fails_untranscripted - WARNING - hard_fails_untranscripted root_trace_id=p1 reason=test_health_status_types_adg
2026-03-17 16:06:46,628 - adg.hard_fails_untranscripted - WARNING - hard_fails_untranscripted root_trace_id=p1 reason=health_status_types
2026-03-17 16:06:46,632 - adg.hard_fails_untranscripted - WARNING - hard_fails_untranscripted root_trace_id=p1 reason=test_history_action_types_adg
2026-03-17 16:06:46,633 - adg.hard_fails_untranscripted - WARNING - hard_fails_untranscripted root_trace_id=p1 reason=history_action_types
2026-03-17 16:06:46,636 - adg.hard_fails_untranscripted - WARNING - hard_fails_untranscripted root_trace_id=p1 reason=test_hybrid_scorer_types_adg
2026-03-17 16:06:46,636 - adg.hard_fails_untranscripted - WARNING - hard_fails_untranscripted root_trace_id=p1 reason=hybrid_scorer_types
2026-03-17 16:06:46,639 - adg.hard_fails_untranscripted - WARNING - hard_fails_untranscripted root_trace_id=p1 reason=integration_layer_types
2026-03-17 16:06:46,641 - adg.hard_fails_untranscripted - WARNING - hard_fails_untranscripted root_trace_id=p1 reason=test_invocation_type_types_adg
2026-03-17 16:06:46,641 - adg.hard_fails_untranscripted - WARNING - hard_fails_untranscripted root_trace_id=p1 reason=invocation_type_types
2026-03-17 16:06:46,644 - adg.hard_fails_untranscripted - WARNING - hard_fails_untranscripted root_trace_id=p1 reason=test_json_exporter_types_adg
2026-03-17 16:06:46,648 - adg.hard_fails_untranscripted - WARNING - hard_fails_untranscripted root_trace_id=p1 reason=judge_evaluator_types
2026-03-17 16:06:46,650 - adg.hard_fails_untranscripted - WARNING - hard_fails_untranscripted root_trace_id=p1 reason=test_k_node_type_types_adg
2026-03-17 16:06:46,650 - adg.hard_fails_untranscripted - WARNING - hard_fails_untranscripted root_trace_id=p1 reason=k_node_type_types
2026-03-17 16:06:46,654 - adg.hard_fails_untranscripted - WARNING - hard_fails_untranscripted root_trace_id=p1 reason=test_kx_execution_context_types_adg
2026-03-17 16:06:46,656 - adg.hard_fails_untranscripted - WARNING - hard_fails_untranscripted root_trace_id=p1 reason=test_memory_manager_types_adg
2026-03-17 16:06:46,662 - adg.hard_fails_untranscripted - WARNING - hard_fails_untranscripted root_trace_id=p1 reason=memory_manager_types
2026-03-17 16:06:46,665 - adg.hard_fails_untranscripted - WARNING - hard_fails_untranscripted root_trace_id=p1 reason=test_model_router_types_adg
2026-03-17 16:06:46,667 - adg.hard_fails_untranscripted - WARNING - hard_fails_untranscripted root_trace_id=p1 reason=__init__
2026-03-17 16:06:46,667 - adg.hard_fails_untranscripted - WARNING - hard_fails_untranscripted root_trace_id=p1 reason=capability_registry
2026-03-17 16:06:46,668 - adg.hard_fails_untranscripted - WARNING - hard_fails_untranscripted root_trace_id=p1 reason=agent_handoff
2026-03-17 16:06:46,669 - adg.hard_fails_untranscripted - WARNING - hard_fails_untranscripted root_trace_id=p1 reason=orchestration_context
2026-03-17 16:06:46,669 - adg.hard_fails_untranscripted - WARNING - hard_fails_untranscripted root_trace_id=p1 reason=orchestration_handoff_contract
2026-03-17 16:06:46,671 - adg.hard_fails_untranscripted - WARNING - hard_fails_untranscripted root_trace_id=p1 reason=run_scoped_orchestration_ledger
2026-03-17 16:06:46,671 - adg.hard_fails_untranscripted - WARNING - hard_fails_untranscripted root_trace_id=p1 reason=__init__
2026-03-17 16:06:46,671 - adg.hard_fails_untranscripted - WARNING - hard_fails_untranscripted root_trace_id=p1 reason=__init__
2026-03-17 16:06:46,672 - adg.hard_fails_untranscripted - WARNING - hard_fails_untranscripted root_trace_id=p1 reason=__init__
2026-03-17 16:06:46,672 - adg.hard_fails_untranscripted - WARNING - hard_fails_untranscripted root_trace_id=p1 reason=mcp_manager
2026-03-17 16:06:46,672 - adg.hard_fails_untranscripted - WARNING - hard_fails_untranscripted root_trace_id=p1 reason=model_router_types
2026-03-17 16:06:46,676 - adg.hard_fails_untranscripted - WARNING - hard_fails_untranscripted root_trace_id=p1 reason=test_operation_category_types_adg
2026-03-17 16:06:46,676 - adg.hard_fails_untranscripted - WARNING - hard_fails_untranscripted root_trace_id=p1 reason=operation_category_types
2026-03-17 16:06:46,680 - adg.hard_fails_untranscripted - WARNING - hard_fails_untranscripted root_trace_id=p1 reason=test_operation_mode_types_adg
2026-03-17 16:06:46,680 - adg.hard_fails_untranscripted - WARNING - hard_fails_untranscripted root_trace_id=p1 reason=operation_mode_types
2026-03-17 16:06:46,683 - adg.hard_fails_untranscripted - WARNING - hard_fails_untranscripted root_trace_id=p1 reason=orchestrate_observability_planning_orchestrator_type
2026-03-17 16:06:46,686 - adg.hard_fails_untranscripted - WARNING - hard_fails_untranscripted root_trace_id=p1 reason=test_otlp_exporter_types_adg
2026-03-17 16:06:46,687 - adg.hard_fails_untranscripted - WARNING - hard_fails_untranscripted root_trace_id=p1 reason=test_pipeline_stage_status_types_adg
2026-03-17 16:06:46,687 - adg.hard_fails_untranscripted - WARNING - hard_fails_untranscripted root_trace_id=p1 reason=pipeline_stage_status_types
2026-03-17 16:06:46,696 - adg.hard_fails_untranscripted - WARNING - hard_fails_untranscripted root_trace_id=p1 reason=test_prompt_optimizer_types_adg
2026-03-17 16:06:46,696 - adg.hard_fails_untranscripted - WARNING - hard_fails_untranscripted root_trace_id=p1 reason=prompt_optimizer_types
2026-03-17 16:06:46,701 - adg.hard_fails_untranscripted - WARNING - hard_fails_untranscripted root_trace_id=p1 reason=test_rate_limiter_types_adg
2026-03-17 16:06:46,701 - adg.hard_fails_untranscripted - WARNING - hard_fails_untranscripted root_trace_id=p1 reason=rate_limiter_types
2026-03-17 16:06:46,703 - adg.hard_fails_untranscripted - WARNING - hard_fails_untranscripted root_trace_id=p1 reason=test_reasoning_output_adg
2026-03-17 16:06:46,706 - adg.hard_fails_untranscripted - WARNING - hard_fails_untranscripted root_trace_id=p1 reason=test_risk_level_types_adg
2026-03-17 16:06:46,706 - adg.hard_fails_untranscripted - WARNING - hard_fails_untranscripted root_trace_id=p1 reason=risk_level_types
2026-03-17 16:06:46,712 - adg.hard_fails_untranscripted - WARNING - hard_fails_untranscripted root_trace_id=p1 reason=test_schema_search_mode_types_adg
2026-03-17 16:06:46,712 - adg.hard_fails_untranscripted - WARNING - hard_fails_untranscripted root_trace_id=p1 reason=schema_search_mode_types
2026-03-17 16:06:46,715 - adg.hard_fails_untranscripted - WARNING - hard_fails_untranscripted root_trace_id=p1 reason=test_schema_type_types_adg
2026-03-17 16:06:46,716 - adg.hard_fails_untranscripted - WARNING - hard_fails_untranscripted root_trace_id=p1 reason=schema_type_types
2026-03-17 16:06:46,718 - adg.hard_fails_untranscripted - WARNING - hard_fails_untranscripted root_trace_id=p1 reason=test_self_healing_formatter_types_adg
2026-03-17 16:06:46,718 - adg.hard_fails_untranscripted - WARNING - hard_fails_untranscripted root_trace_id=p1 reason=self_healing_formatter_types
2026-03-17 16:06:46,721 - adg.hard_fails_untranscripted - WARNING - hard_fails_untranscripted root_trace_id=p1 reason=test_service_container_types_adg
2026-03-17 16:06:46,722 - adg.hard_fails_untranscripted - WARNING - hard_fails_untranscripted root_trace_id=p1 reason=service_container_types
2026-03-17 16:06:46,724 - adg.hard_fails_untranscripted - WARNING - hard_fails_untranscripted root_trace_id=p1 reason=test_similarity_method_types_adg
2026-03-17 16:06:46,724 - adg.hard_fails_untranscripted - WARNING - hard_fails_untranscripted root_trace_id=p1 reason=similarity_method_types
2026-03-17 16:06:46,797 - adg.hard_fails_untranscripted - WARNING - hard_fails_untranscripted root_trace_id=p1 reason=test_ssot_relocator_types_adg
2026-03-17 16:06:46,797 - adg.hard_fails_untranscripted - WARNING - hard_fails_untranscripted root_trace_id=p1 reason=ssot_relocator_types
2026-03-17 16:06:46,802 - adg.hard_fails_untranscripted - WARNING - hard_fails_untranscripted root_trace_id=p1 reason=test_standard_type_types_adg
2026-03-17 16:06:46,802 - adg.hard_fails_untranscripted - WARNING - hard_fails_untranscripted root_trace_id=p1 reason=standard_type_types
2026-03-17 16:06:46,805 - adg.hard_fails_untranscripted - WARNING - hard_fails_untranscripted root_trace_id=p1 reason=test_state_operation_types_adg
2026-03-17 16:06:46,805 - adg.hard_fails_untranscripted - WARNING - hard_fails_untranscripted root_trace_id=p1 reason=state_operation_types
2026-03-17 16:06:46,809 - adg.hard_fails_untranscripted - WARNING - hard_fails_untranscripted root_trace_id=p1 reason=test_tone_model_types_adg
2026-03-17 16:06:46,810 - adg.hard_fails_untranscripted - WARNING - hard_fails_untranscripted root_trace_id=p1 reason=tone_model_types
2026-03-17 16:06:46,814 - adg.hard_fails_untranscripted - WARNING - hard_fails_untranscripted root_trace_id=p1 reason=test_tool_category_types_adg
2026-03-17 16:06:46,814 - adg.hard_fails_untranscripted - WARNING - hard_fails_untranscripted root_trace_id=p1 reason=tool_category_types
2026-03-17 16:06:46,818 - adg.hard_fails_untranscripted - WARNING - hard_fails_untranscripted root_trace_id=p1 reason=test_tool_type_types_adg
2026-03-17 16:06:46,818 - adg.hard_fails_untranscripted - WARNING - hard_fails_untranscripted root_trace_id=p1 reason=tool_type_types
2026-03-17 16:06:46,822 - adg.hard_fails_untranscripted - WARNING - hard_fails_untranscripted root_trace_id=p1 reason=unified_formatter_types
2026-03-17 16:06:46,822 - adg.hard_fails_untranscripted - WARNING - hard_fails_untranscripted root_trace_id=p1 reason=test_unified_formatter_types_adg
2026-03-17 16:06:46,824 - adg.hard_fails_untranscripted - WARNING - hard_fails_untranscripted root_trace_id=p1 reason=test_validation_status_types_adg
2026-03-17 16:06:46,824 - adg.hard_fails_untranscripted - WARNING - hard_fails_untranscripted root_trace_id=p1 reason=validation_status_types
2026-03-17 16:06:47,297 - adg.hard_fails_untranscripted - WARNING - hard_fails_untranscripted root_trace_id=p1 reason=test_vector_similarity_result_types_adg
2026-03-17 16:06:47,320 - adg.hard_fails_untranscripted - WARNING - hard_fails_untranscripted root_trace_id=p1 reason=agent_interface_util
2026-03-17 16:06:47,326 - adg.hard_fails_untranscripted - WARNING - hard_fails_untranscripted root_trace_id=p1 reason=analysis_mixin_util
2026-03-17 16:06:47,329 - adg.hard_fails_untranscripted - WARNING - hard_fails_untranscripted root_trace_id=p1 reason=__init__
2026-03-17 16:06:47,330 - adg.hard_fails_untranscripted - WARNING - hard_fails_untranscripted root_trace_id=p1 reason=reasoning_knowledge
2026-03-17 16:06:47,330 - adg.hard_fails_untranscripted - WARNING - hard_fails_untranscripted root_trace_id=p1 reason=knowledge_orchestrator
2026-03-17 16:06:47,332 - adg.hard_fails_untranscripted - WARNING - hard_fails_untranscripted root_trace_id=p1 reason=__init__
2026-03-17 16:06:47,333 - adg.hard_fails_untranscripted - WARNING - hard_fails_untranscripted root_trace_id=p1 reason=reasoning_plan
2026-03-17 16:06:47,333 - adg.hard_fails_untranscripted - WARNING - hard_fails_untranscripted root_trace_id=p1 reason=plan_creator
2026-03-17 16:06:47,335 - adg.hard_fails_untranscripted - WARNING - hard_fails_untranscripted root_trace_id=p1 reason=__init__
2026-03-17 16:06:47,336 - adg.hard_fails_untranscripted - WARNING - hard_fails_untranscripted root_trace_id=p1 reason=__init__
2026-03-17 16:06:47,336 - adg.hard_fails_untranscripted - WARNING - hard_fails_untranscripted root_trace_id=p1 reason=action_request_types
2026-03-17 16:06:47,337 - adg.hard_fails_untranscripted - WARNING - hard_fails_untranscripted root_trace_id=p1 reason=__init__
2026-03-17 16:06:47,337 - adg.hard_fails_untranscripted - WARNING - hard_fails_untranscripted root_trace_id=p1 reason=__init__
2026-03-17 16:06:47,337 - adg.hard_fails_untranscripted - WARNING - hard_fails_untranscripted root_trace_id=p1 reason=app_base_util
2026-03-17 16:06:47,347 - adg.hard_fails_untranscripted - WARNING - hard_fails_untranscripted root_trace_id=p1 reason=async_coordinator_util
2026-03-17 16:06:47,356 - adg.hard_fails_untranscripted - WARNING - hard_fails_untranscripted root_trace_id=p1 reason=autonomous_sovereign_core_util
2026-03-17 16:06:47,360 - adg.hard_fails_untranscripted - WARNING - hard_fails_untranscripted root_trace_id=p1 reason=backup_manager_util
2026-03-17 16:06:47,362 - adg.hard_fails_untranscripted - WARNING - hard_fails_untranscripted root_trace_id=p1 reason=baggage_propagator_util
2026-03-17 16:06:47,372 - adg.hard_fails_untranscripted - WARNING - hard_fails_untranscripted root_trace_id=p1 reason=cache_metrics_util
2026-03-17 16:06:47,376 - adg.hard_fails_untranscripted - WARNING - hard_fails_untranscripted root_trace_id=p1 reason=collected_item_util
2026-03-17 16:06:47,376 - apps_shared.utils.collected_item_util - INFO - Initialized BaseCollector
2026-03-17 16:06:47,378 - adg.hard_fails_untranscripted - WARNING - hard_fails_untranscripted root_trace_id=p1 reason=config_environment_util
2026-03-17 16:06:47,391 - adg.hard_fails_untranscripted - WARNING - hard_fails_untranscripted root_trace_id=p1 reason=context_manager_util
2026-03-17 16:06:47,393 - adg.hard_fails_untranscripted - WARNING - hard_fails_untranscripted root_trace_id=p1 reason=contextual_compressor_util
2026-03-17 16:06:47,443 - adg.hard_fails_untranscripted - WARNING - hard_fails_untranscripted root_trace_id=p1 reason=document_score_util
2026-03-17 16:06:47,452 - adg.hard_fails_untranscripted - WARNING - hard_fails_untranscripted root_trace_id=p1 reason=environment_util
2026-03-17 16:06:47,454 - adg.hard_fails_untranscripted - WARNING - hard_fails_untranscripted root_trace_id=p1 reason=etl_pipeline_util
2026-03-17 16:06:47,456 - adg.hard_fails_untranscripted - WARNING - hard_fails_untranscripted root_trace_id=p1 reason=feedback_category_util
2026-03-17 16:06:47,468 - adg.hard_fails_untranscripted - WARNING - hard_fails_untranscripted root_trace_id=p1 reason=format_observability_context_plan_type_util
2026-03-17 16:06:47,484 - adg.hard_fails_untranscripted - WARNING - hard_fails_untranscripted root_trace_id=p1 reason=graph_rag_fusion_util
2026-03-17 16:06:47,491 - adg.hard_fails_untranscripted - WARNING - hard_fails_untranscripted root_trace_id=p1 reason=health_check_types_util
2026-03-17 16:06:47,503 - adg.hard_fails_untranscripted - WARNING - hard_fails_untranscripted root_trace_id=p1 reason=input_guardrail_util
2026-03-17 16:06:47,509 - adg.hard_fails_untranscripted - WARNING - hard_fails_untranscripted root_trace_id=p1 reason=input_validator_util
2026-03-17 16:06:47,517 - adg.hard_fails_untranscripted - WARNING - hard_fails_untranscripted root_trace_id=p1 reason=late_interaction_reranker_util
2026-03-17 16:06:47,523 - adg.hard_fails_untranscripted - WARNING - hard_fails_untranscripted root_trace_id=p1 reason=metric_augmenter_util
2026-03-17 16:06:47,537 - adg.hard_fails_untranscripted - WARNING - hard_fails_untranscripted root_trace_id=p1 reason=metric_util
2026-03-17 16:06:47,537 - apps_shared.utils.metric_util - INFO - Initialized MetricConfig
2026-03-17 16:06:47,537 - adg.hard_fails_untranscripted - WARNING - hard_fails_untranscripted root_trace_id=p1 reason=model_visitor_util
2026-03-17 16:06:47,613 - adg.hard_fails_untranscripted - WARNING - hard_fails_untranscripted root_trace_id=p1 reason=mutation_phase_util
2026-03-17 16:06:47,630 - adg.hard_fails_untranscripted - WARNING - hard_fails_untranscripted root_trace_id=p1 reason=observability_type_util
2026-03-17 16:06:47,641 - adg.hard_fails_untranscripted - WARNING - hard_fails_untranscripted root_trace_id=p1 reason=open_telemetry_tracing_adapter_util
2026-03-17 16:06:47,648 - adg.hard_fails_untranscripted - WARNING - hard_fails_untranscripted root_trace_id=p1 reason=optimize_observability_order_plan_type_util
2026-03-17 16:06:47,655 - adg.hard_fails_untranscripted - WARNING - hard_fails_untranscripted root_trace_id=p1 reason=orchestration_mixin_util
2026-03-17 16:06:47,656 - adg.hard_fails_untranscripted - WARNING - hard_fails_untranscripted root_trace_id=p1 reason=performance_monitor_types_util
2026-03-17 16:06:47,672 - adg.hard_fails_untranscripted - WARNING - hard_fails_untranscripted root_trace_id=p1 reason=prompt_loader_util
2026-03-17 16:06:47,676 - adg.hard_fails_untranscripted - WARNING - hard_fails_untranscripted root_trace_id=p1 reason=prompt_registry_util
2026-03-17 16:06:47,686 - adg.hard_fails_untranscripted - WARNING - hard_fails_untranscripted root_trace_id=p1 reason=providers_google_genai_client_util
2026-03-17 16:06:47,688 - adg.hard_fails_untranscripted - WARNING - hard_fails_untranscripted root_trace_id=p1 reason=rank_data_components_plan_type_util
2026-03-17 16:06:47,696 - adg.hard_fails_untranscripted - WARNING - hard_fails_untranscripted root_trace_id=p1 reason=rank_observability_components_util
2026-03-17 16:06:47,698 - adg.hard_fails_untranscripted - WARNING - hard_fails_untranscripted root_trace_id=p1 reason=neo4j_store
2026-03-17 16:06:47,707 - adg.hard_fails_untranscripted - WARNING - hard_fails_untranscripted root_trace_id=p1 reason=relevance_scorer_util
2026-03-17 16:06:47,710 - adg.hard_fails_untranscripted - WARNING - hard_fails_untranscripted root_trace_id=p1 reason=request_type_util
2026-03-17 16:06:47,813 - adg.hard_fails_untranscripted - WARNING - hard_fails_untranscripted root_trace_id=p1 reason=resource_manager_types_util
2026-03-17 16:06:47,833 - adg.hard_fails_untranscripted - WARNING - hard_fails_untranscripted root_trace_id=p1 reason=router_factory_util
2026-03-17 16:06:47,844 - adg.hard_fails_untranscripted - WARNING - hard_fails_untranscripted root_trace_id=p1 reason=sdk_category_util
2026-03-17 16:06:47,850 - adg.hard_fails_untranscripted - WARNING - hard_fails_untranscripted root_trace_id=p1 reason=secure_config_manager_util
2026-03-17 16:06:47,855 - adg.hard_fails_untranscripted - WARNING - hard_fails_untranscripted root_trace_id=p1 reason=security_config_util
2026-03-17 16:06:47,865 - adg.hard_fails_untranscripted - WARNING - hard_fails_untranscripted root_trace_id=p1 reason=signal_weighter_util
2026-03-17 16:06:47,872 - adg.hard_fails_untranscripted - WARNING - hard_fails_untranscripted root_trace_id=p1 reason=sleeping_giant_util
2026-03-17 16:06:47,874 - adg.hard_fails_untranscripted - WARNING - hard_fails_untranscripted root_trace_id=p1 reason=state_persistence_error_util
2026-03-17 16:06:47,876 - adg.hard_fails_untranscripted - WARNING - hard_fails_untranscripted root_trace_id=p1 reason=stored_prompt_util
2026-03-17 16:06:47,883 - adg.hard_fails_untranscripted - WARNING - hard_fails_untranscripted root_trace_id=p1 reason=think_step_util
2026-03-17 16:06:47,891 - adg.hard_fails_untranscripted - WARNING - hard_fails_untranscripted root_trace_id=p1 reason=token_budget_util
2026-03-17 16:06:47,894 - adg.hard_fails_untranscripted - WARNING - hard_fails_untranscripted root_trace_id=p1 reason=tone_voice_util
2026-03-17 16:06:47,902 - adg.hard_fails_untranscripted - WARNING - hard_fails_untranscripted root_trace_id=p1 reason=underscore_visitor_util
2026-03-17 16:06:47,921 - adg.hard_fails_untranscripted - WARNING - hard_fails_untranscripted root_trace_id=p1 reason=validation_mixin_util
2026-03-17 16:06:47,924 - adg.hard_fails_untranscripted - WARNING - hard_fails_untranscripted root_trace_id=p1 reason=vector_memory_types_util
2026-03-17 16:06:47,926 - adg.hard_fails_untranscripted - WARNING - hard_fails_untranscripted root_trace_id=p1 reason=version_tag_util
2026-03-17 16:06:47,937 - adg.hard_fails_untranscripted - WARNING - hard_fails_untranscripted root_trace_id=p1 reason=cache_entry_validator
2026-03-17 16:06:47,944 - adg.hard_fails_untranscripted - WARNING - hard_fails_untranscripted root_trace_id=p1 reason=checkpoint_integrity_error_validator
2026-03-17 16:06:47,947 - adg.hard_fails_untranscripted - WARNING - hard_fails_untranscripted root_trace_id=p1 reason=evidence_ranker_validator
2026-03-17 16:06:47,951 - adg.hard_fails_untranscripted - WARNING - hard_fails_untranscripted root_trace_id=p1 reason=fact_ledger_validator
2026-03-17 16:06:47,959 - adg.hard_fails_untranscripted - WARNING - hard_fails_untranscripted root_trace_id=p1 reason=k_node_scanner_validator
2026-03-17 16:06:47,961 - adg.hard_fails_untranscripted - WARNING - hard_fails_untranscripted root_trace_id=p1 reason=knowledge_result_validator
2026-03-17 16:06:47,974 - adg.hard_fails_untranscripted - WARNING - hard_fails_untranscripted root_trace_id=p1 reason=talent_signal_enhancer_validator
2026-03-17 16:06:47,978 - adg.hard_fails_untranscripted - WARNING - hard_fails_untranscripted root_trace_id=p1 reason=validation_context_manager_validator
2026-03-17 16:07:39,045 - adg.hard_fails_untranscripted - WARNING - hard_fails_untranscripted root_trace_id=p1 reason=update_observability_usage_safety_type
2026-03-17 16:07:39,071 - adg.hard_fails_untranscripted - WARNING - hard_fails_untranscripted root_trace_id=p1 reason=cid_registry
2026-03-17 16:07:39,072 - adg.hard_fails_untranscripted - WARNING - hard_fails_untranscripted root_trace_id=p1 reason=determinism
2026-03-17 16:07:39,072 - adg.hard_fails_untranscripted - WARNING - hard_fails_untranscripted root_trace_id=p1 reason=determinism_util
2026-03-17 16:07:39,072 - adg.hard_fails_untranscripted - WARNING - hard_fails_untranscripted root_trace_id=p1 reason=base_spine_adapter
2026-03-17 16:07:39,074 - adg.hard_fails_untranscripted - WARNING - hard_fails_untranscripted root_trace_id=p1 reason=d0_engine_adapter
2026-03-17 16:07:39,076 - adg.hard_fails_untranscripted - WARNING - hard_fails_untranscripted root_trace_id=p1 reason=risk_gate_adapter
2026-03-17 16:07:39,078 - adg.hard_fails_untranscripted - WARNING - hard_fails_untranscripted root_trace_id=p1 reason=vigilance_dispatcher_adapter
2026-03-17 16:07:39,080 - adg.hard_fails_untranscripted - WARNING - hard_fails_untranscripted root_trace_id=p1 reason=test_apps_refactor
2026-03-17 16:07:39,093 - adg.hard_fails_untranscripted - WARNING - hard_fails_untranscripted root_trace_id=p1 reason=test_AgentRole_adg
2026-03-17 16:07:39,093 - adg.hard_fails_untranscripted - WARNING - hard_fails_untranscripted root_trace_id=p1 reason=AgentRole
2026-03-17 16:07:39,096 - adg.hard_fails_untranscripted - WARNING - hard_fails_untranscripted root_trace_id=p1 reason=test_adaptive_recovery_loop_types_adg
2026-03-17 16:07:39,096 - adg.hard_fails_untranscripted - WARNING - hard_fails_untranscripted root_trace_id=p1 reason=adaptive_recovery_loop_types
2026-03-17 16:07:39,101 - adg.hard_fails_untranscripted - WARNING - hard_fails_untranscripted root_trace_id=p1 reason=test_app_config_types_adg
2026-03-17 16:07:39,101 - adg.hard_fails_untranscripted - WARNING - hard_fails_untranscripted root_trace_id=p1 reason=app_config_types
2026-03-17 16:07:39,102 - root - WARNING - ⚠️ GEMINI_API_KEY not found in environment. API calls will fail.
2026-03-17 16:07:39,105 - root - WARNING - Optional config file 'C:\Git\Agentic-Workflow\apps_shared\types\artist_constraints.json' not found, returning empty dict
2026-03-17 16:07:39,106 - root - WARNING - Optional config file 'C:\Git\Agentic-Workflow\apps_shared\types\validator_rules.json' not found, returning empty dict
2026-03-17 16:07:39,106 - root - ERROR - CRITICAL: Prompts file not found. Tried: C:\Git\Agentic-Workflow\apps_shared\types\prompts.json and C:\Git\Agentic-Workflow\apps_shared\types\prompts.json. Halting.
2026-03-17 16:07:39,146 - adg.hard_fails_untranscripted - WARNING - hard_fails_untranscripted root_trace_id=p1 reason=test_config_format_types_adg
2026-03-17 16:07:39,146 - adg.hard_fails_untranscripted - WARNING - hard_fails_untranscripted root_trace_id=p1 reason=config_format_types
2026-03-17 16:07:39,149 - adg.hard_fails_untranscripted - WARNING - hard_fails_untranscripted root_trace_id=p1 reason=test_config_type_types_adg
2026-03-17 16:07:39,150 - adg.hard_fails_untranscripted - WARNING - hard_fails_untranscripted root_trace_id=p1 reason=config_type_types
2026-03-17 16:07:39,154 - adg.hard_fails_untranscripted - WARNING - hard_fails_untranscripted root_trace_id=p1 reason=context_match_type_types
2026-03-17 16:07:39,157 - adg.hard_fails_untranscripted - WARNING - hard_fails_untranscripted root_trace_id=p1 reason=coordinate_observability_operations_orchestrator_type
2026-03-17 16:07:39,158 - adg.hard_fails_untranscripted - WARNING - hard_fails_untranscripted root_trace_id=p1 reason=test_cost_alert_level_types_adg
2026-03-17 16:07:39,159 - adg.hard_fails_untranscripted - WARNING - hard_fails_untranscripted root_trace_id=p1 reason=cost_alert_level_types
2026-03-17 16:07:39,164 - adg.hard_fails_untranscripted - WARNING - hard_fails_untranscripted root_trace_id=p1 reason=test_event_bus_types_adg
2026-03-17 16:07:39,165 - adg.hard_fails_untranscripted - WARNING - hard_fails_untranscripted root_trace_id=p1 reason=event_bus_types
2026-03-17 16:07:39,168 - adg.hard_fails_untranscripted - WARNING - hard_fails_untranscripted root_trace_id=p1 reason=test_execution_orchestrator_types_adg
2026-03-17 16:07:39,170 - adg.hard_fails_untranscripted - WARNING - hard_fails_untranscripted root_trace_id=p1 reason=execution_type_types
2026-03-17 16:07:39,173 - adg.hard_fails_untranscripted - WARNING - hard_fails_untranscripted root_trace_id=p1 reason=test_feedback_loop_orchestrator_types_adg
2026-03-17 16:07:39,173 - adg.hard_fails_untranscripted - WARNING - hard_fails_untranscripted root_trace_id=p1 reason=feedback_loop_orchestrator_types
2026-03-17 16:07:39,176 - adg.hard_fails_untranscripted - WARNING - hard_fails_untranscripted root_trace_id=p1 reason=test_feedback_loop_types_adg
2026-03-17 16:07:39,176 - adg.hard_fails_untranscripted - WARNING - hard_fails_untranscripted root_trace_id=p1 reason=feedback_loop_types
2026-03-17 16:07:39,178 - adg.hard_fails_untranscripted - WARNING - hard_fails_untranscripted root_trace_id=p1 reason=test_golden_state_evaluator_types_adg
2026-03-17 16:07:39,180 - adg.hard_fails_untranscripted - WARNING - hard_fails_untranscripted root_trace_id=p1 reason=golden_state_evaluator_types
2026-03-17 16:07:39,187 - adg.hard_fails_untranscripted - WARNING - hard_fails_untranscripted root_trace_id=p1 reason=hardened_gemini_executor_types
2026-03-17 16:07:39,187 - adg.hard_fails_untranscripted - WARNING - hard_fails_untranscripted root_trace_id=p1 reason=test_health_status_types_adg
2026-03-17 16:07:39,187 - adg.hard_fails_untranscripted - WARNING - hard_fails_untranscripted root_trace_id=p1 reason=health_status_types
2026-03-17 16:07:39,193 - adg.hard_fails_untranscripted - WARNING - hard_fails_untranscripted root_trace_id=p1 reason=test_history_action_types_adg
2026-03-17 16:07:39,194 - adg.hard_fails_untranscripted - WARNING - hard_fails_untranscripted root_trace_id=p1 reason=history_action_types
2026-03-17 16:07:39,196 - adg.hard_fails_untranscripted - WARNING - hard_fails_untranscripted root_trace_id=p1 reason=test_hybrid_scorer_types_adg
2026-03-17 16:07:39,196 - adg.hard_fails_untranscripted - WARNING - hard_fails_untranscripted root_trace_id=p1 reason=hybrid_scorer_types
2026-03-17 16:07:39,200 - adg.hard_fails_untranscripted - WARNING - hard_fails_untranscripted root_trace_id=p1 reason=integration_layer_types
2026-03-17 16:07:39,201 - adg.hard_fails_untranscripted - WARNING - hard_fails_untranscripted root_trace_id=p1 reason=test_invocation_type_types_adg
2026-03-17 16:07:39,201 - adg.hard_fails_untranscripted - WARNING - hard_fails_untranscripted root_trace_id=p1 reason=invocation_type_types
2026-03-17 16:07:39,205 - adg.hard_fails_untranscripted - WARNING - hard_fails_untranscripted root_trace_id=p1 reason=test_json_exporter_types_adg
2026-03-17 16:07:39,206 - adg.hard_fails_untranscripted - WARNING - hard_fails_untranscripted root_trace_id=p1 reason=judge_evaluator_types
2026-03-17 16:07:39,209 - adg.hard_fails_untranscripted - WARNING - hard_fails_untranscripted root_trace_id=p1 reason=test_k_node_type_types_adg
2026-03-17 16:07:39,210 - adg.hard_fails_untranscripted - WARNING - hard_fails_untranscripted root_trace_id=p1 reason=k_node_type_types
2026-03-17 16:07:39,211 - adg.hard_fails_untranscripted - WARNING - hard_fails_untranscripted root_trace_id=p1 reason=test_kx_execution_context_types_adg
2026-03-17 16:07:39,215 - adg.hard_fails_untranscripted - WARNING - hard_fails_untranscripted root_trace_id=p1 reason=test_memory_manager_types_adg
2026-03-17 16:07:39,222 - adg.hard_fails_untranscripted - WARNING - hard_fails_untranscripted root_trace_id=p1 reason=memory_manager_types
2026-03-17 16:07:39,226 - adg.hard_fails_untranscripted - WARNING - hard_fails_untranscripted root_trace_id=p1 reason=test_model_router_types_adg
2026-03-17 16:07:39,226 - adg.hard_fails_untranscripted - WARNING - hard_fails_untranscripted root_trace_id=p1 reason=__init__
2026-03-17 16:07:39,228 - adg.hard_fails_untranscripted - WARNING - hard_fails_untranscripted root_trace_id=p1 reason=capability_registry
2026-03-17 16:07:39,228 - adg.hard_fails_untranscripted - WARNING - hard_fails_untranscripted root_trace_id=p1 reason=agent_handoff
2026-03-17 16:07:39,230 - adg.hard_fails_untranscripted - WARNING - hard_fails_untranscripted root_trace_id=p1 reason=orchestration_context
2026-03-17 16:07:39,230 - adg.hard_fails_untranscripted - WARNING - hard_fails_untranscripted root_trace_id=p1 reason=orchestration_handoff_contract
2026-03-17 16:07:39,231 - adg.hard_fails_untranscripted - WARNING - hard_fails_untranscripted root_trace_id=p1 reason=run_scoped_orchestration_ledger
2026-03-17 16:07:39,231 - adg.hard_fails_untranscripted - WARNING - hard_fails_untranscripted root_trace_id=p1 reason=__init__
2026-03-17 16:07:39,231 - adg.hard_fails_untranscripted - WARNING - hard_fails_untranscripted root_trace_id=p1 reason=__init__
2026-03-17 16:07:39,232 - adg.hard_fails_untranscripted - WARNING - hard_fails_untranscripted root_trace_id=p1 reason=__init__
2026-03-17 16:07:39,232 - adg.hard_fails_untranscripted - WARNING - hard_fails_untranscripted root_trace_id=p1 reason=mcp_manager
2026-03-17 16:07:39,232 - adg.hard_fails_untranscripted - WARNING - hard_fails_untranscripted root_trace_id=p1 reason=model_router_types
2026-03-17 16:07:39,236 - adg.hard_fails_untranscripted - WARNING - hard_fails_untranscripted root_trace_id=p1 reason=test_operation_category_types_adg
2026-03-17 16:07:39,237 - adg.hard_fails_untranscripted - WARNING - hard_fails_untranscripted root_trace_id=p1 reason=operation_category_types
2026-03-17 16:07:39,240 - adg.hard_fails_untranscripted - WARNING - hard_fails_untranscripted root_trace_id=p1 reason=test_operation_mode_types_adg
2026-03-17 16:07:39,240 - adg.hard_fails_untranscripted - WARNING - hard_fails_untranscripted root_trace_id=p1 reason=operation_mode_types
2026-03-17 16:07:39,242 - adg.hard_fails_untranscripted - WARNING - hard_fails_untranscripted root_trace_id=p1 reason=orchestrate_observability_planning_orchestrator_type
2026-03-17 16:07:39,246 - adg.hard_fails_untranscripted - WARNING - hard_fails_untranscripted root_trace_id=p1 reason=test_otlp_exporter_types_adg
2026-03-17 16:07:39,248 - adg.hard_fails_untranscripted - WARNING - hard_fails_untranscripted root_trace_id=p1 reason=test_pipeline_stage_status_types_adg
2026-03-17 16:07:39,248 - adg.hard_fails_untranscripted - WARNING - hard_fails_untranscripted root_trace_id=p1 reason=pipeline_stage_status_types
2026-03-17 16:07:39,256 - adg.hard_fails_untranscripted - WARNING - hard_fails_untranscripted root_trace_id=p1 reason=test_prompt_optimizer_types_adg
2026-03-17 16:07:39,256 - adg.hard_fails_untranscripted - WARNING - hard_fails_untranscripted root_trace_id=p1 reason=prompt_optimizer_types
2026-03-17 16:07:39,260 - adg.hard_fails_untranscripted - WARNING - hard_fails_untranscripted root_trace_id=p1 reason=test_rate_limiter_types_adg
2026-03-17 16:07:39,260 - adg.hard_fails_untranscripted - WARNING - hard_fails_untranscripted root_trace_id=p1 reason=rate_limiter_types
2026-03-17 16:07:39,264 - adg.hard_fails_untranscripted - WARNING - hard_fails_untranscripted root_trace_id=p1 reason=test_reasoning_output_adg
2026-03-17 16:07:39,266 - adg.hard_fails_untranscripted - WARNING - hard_fails_untranscripted root_trace_id=p1 reason=test_risk_level_types_adg
2026-03-17 16:07:39,266 - adg.hard_fails_untranscripted - WARNING - hard_fails_untranscripted root_trace_id=p1 reason=risk_level_types
2026-03-17 16:07:39,271 - adg.hard_fails_untranscripted - WARNING - hard_fails_untranscripted root_trace_id=p1 reason=test_schema_search_mode_types_adg
2026-03-17 16:07:39,271 - adg.hard_fails_untranscripted - WARNING - hard_fails_untranscripted root_trace_id=p1 reason=schema_search_mode_types
2026-03-17 16:07:39,274 - adg.hard_fails_untranscripted - WARNING - hard_fails_untranscripted root_trace_id=p1 reason=test_schema_type_types_adg
2026-03-17 16:07:39,274 - adg.hard_fails_untranscripted - WARNING - hard_fails_untranscripted root_trace_id=p1 reason=schema_type_types
2026-03-17 16:07:39,278 - adg.hard_fails_untranscripted - WARNING - hard_fails_untranscripted root_trace_id=p1 reason=test_self_healing_formatter_types_adg
2026-03-17 16:07:39,278 - adg.hard_fails_untranscripted - WARNING - hard_fails_untranscripted root_trace_id=p1 reason=self_healing_formatter_types
2026-03-17 16:07:39,280 - adg.hard_fails_untranscripted - WARNING - hard_fails_untranscripted root_trace_id=p1 reason=test_service_container_types_adg
2026-03-17 16:07:39,280 - adg.hard_fails_untranscripted - WARNING - hard_fails_untranscripted root_trace_id=p1 reason=service_container_types
2026-03-17 16:07:39,282 - adg.hard_fails_untranscripted - WARNING - hard_fails_untranscripted root_trace_id=p1 reason=test_similarity_method_types_adg
2026-03-17 16:07:39,283 - adg.hard_fails_untranscripted - WARNING - hard_fails_untranscripted root_trace_id=p1 reason=similarity_method_types
2026-03-17 16:07:39,346 - adg.hard_fails_untranscripted - WARNING - hard_fails_untranscripted root_trace_id=p1 reason=test_ssot_relocator_types_adg
2026-03-17 16:07:39,346 - adg.hard_fails_untranscripted - WARNING - hard_fails_untranscripted root_trace_id=p1 reason=ssot_relocator_types
2026-03-17 16:07:39,349 - adg.hard_fails_untranscripted - WARNING - hard_fails_untranscripted root_trace_id=p1 reason=test_standard_type_types_adg
2026-03-17 16:07:39,349 - adg.hard_fails_untranscripted - WARNING - hard_fails_untranscripted root_trace_id=p1 reason=standard_type_types
2026-03-17 16:07:39,351 - adg.hard_fails_untranscripted - WARNING - hard_fails_untranscripted root_trace_id=p1 reason=test_state_operation_types_adg
2026-03-17 16:07:39,352 - adg.hard_fails_untranscripted - WARNING - hard_fails_untranscripted root_trace_id=p1 reason=state_operation_types
2026-03-17 16:07:39,355 - adg.hard_fails_untranscripted - WARNING - hard_fails_untranscripted root_trace_id=p1 reason=test_tone_model_types_adg
2026-03-17 16:07:39,357 - adg.hard_fails_untranscripted - WARNING - hard_fails_untranscripted root_trace_id=p1 reason=tone_model_types
2026-03-17 16:07:39,360 - adg.hard_fails_untranscripted - WARNING - hard_fails_untranscripted root_trace_id=p1 reason=test_tool_category_types_adg
2026-03-17 16:07:39,360 - adg.hard_fails_untranscripted - WARNING - hard_fails_untranscripted root_trace_id=p1 reason=tool_category_types
2026-03-17 16:07:39,364 - adg.hard_fails_untranscripted - WARNING - hard_fails_untranscripted root_trace_id=p1 reason=test_tool_type_types_adg
2026-03-17 16:07:39,364 - adg.hard_fails_untranscripted - WARNING - hard_fails_untranscripted root_trace_id=p1 reason=tool_type_types
2026-03-17 16:07:39,368 - adg.hard_fails_untranscripted - WARNING - hard_fails_untranscripted root_trace_id=p1 reason=unified_formatter_types
2026-03-17 16:07:39,368 - adg.hard_fails_untranscripted - WARNING - hard_fails_untranscripted root_trace_id=p1 reason=test_unified_formatter_types_adg
2026-03-17 16:07:39,370 - adg.hard_fails_untranscripted - WARNING - hard_fails_untranscripted root_trace_id=p1 reason=test_validation_status_types_adg
2026-03-17 16:07:39,371 - adg.hard_fails_untranscripted - WARNING - hard_fails_untranscripted root_trace_id=p1 reason=validation_status_types
2026-03-17 16:07:39,837 - adg.hard_fails_untranscripted - WARNING - hard_fails_untranscripted root_trace_id=p1 reason=test_vector_similarity_result_types_adg
2026-03-17 16:07:39,860 - adg.hard_fails_untranscripted - WARNING - hard_fails_untranscripted root_trace_id=p1 reason=agent_interface_util
2026-03-17 16:07:39,867 - adg.hard_fails_untranscripted - WARNING - hard_fails_untranscripted root_trace_id=p1 reason=analysis_mixin_util
2026-03-17 16:07:39,870 - adg.hard_fails_untranscripted - WARNING - hard_fails_untranscripted root_trace_id=p1 reason=__init__
2026-03-17 16:07:39,871 - adg.hard_fails_untranscripted - WARNING - hard_fails_untranscripted root_trace_id=p1 reason=reasoning_knowledge
2026-03-17 16:07:39,872 - adg.hard_fails_untranscripted - WARNING - hard_fails_untranscripted root_trace_id=p1 reason=knowledge_orchestrator
2026-03-17 16:07:39,872 - adg.hard_fails_untranscripted - WARNING - hard_fails_untranscripted root_trace_id=p1 reason=__init__
2026-03-17 16:07:39,872 - adg.hard_fails_untranscripted - WARNING - hard_fails_untranscripted root_trace_id=p1 reason=reasoning_plan
2026-03-17 16:07:39,876 - adg.hard_fails_untranscripted - WARNING - hard_fails_untranscripted root_trace_id=p1 reason=plan_creator
2026-03-17 16:07:39,876 - adg.hard_fails_untranscripted - WARNING - hard_fails_untranscripted root_trace_id=p1 reason=__init__
2026-03-17 16:07:39,876 - adg.hard_fails_untranscripted - WARNING - hard_fails_untranscripted root_trace_id=p1 reason=__init__
2026-03-17 16:07:39,876 - adg.hard_fails_untranscripted - WARNING - hard_fails_untranscripted root_trace_id=p1 reason=action_request_types
2026-03-17 16:07:39,878 - adg.hard_fails_untranscripted - WARNING - hard_fails_untranscripted root_trace_id=p1 reason=__init__
2026-03-17 16:07:39,878 - adg.hard_fails_untranscripted - WARNING - hard_fails_untranscripted root_trace_id=p1 reason=__init__
2026-03-17 16:07:39,878 - adg.hard_fails_untranscripted - WARNING - hard_fails_untranscripted root_trace_id=p1 reason=app_base_util
2026-03-17 16:07:39,887 - adg.hard_fails_untranscripted - WARNING - hard_fails_untranscripted root_trace_id=p1 reason=async_coordinator_util
2026-03-17 16:07:39,896 - adg.hard_fails_untranscripted - WARNING - hard_fails_untranscripted root_trace_id=p1 reason=autonomous_sovereign_core_util
2026-03-17 16:07:39,899 - adg.hard_fails_untranscripted - WARNING - hard_fails_untranscripted root_trace_id=p1 reason=backup_manager_util
2026-03-17 16:07:39,901 - adg.hard_fails_untranscripted - WARNING - hard_fails_untranscripted root_trace_id=p1 reason=baggage_propagator_util
2026-03-17 16:07:39,910 - adg.hard_fails_untranscripted - WARNING - hard_fails_untranscripted root_trace_id=p1 reason=cache_metrics_util
2026-03-17 16:07:39,915 - adg.hard_fails_untranscripted - WARNING - hard_fails_untranscripted root_trace_id=p1 reason=collected_item_util
2026-03-17 16:07:39,915 - apps_shared.utils.collected_item_util - INFO - Initialized BaseCollector
2026-03-17 16:07:39,918 - adg.hard_fails_untranscripted - WARNING - hard_fails_untranscripted root_trace_id=p1 reason=config_environment_util
2026-03-17 16:07:39,930 - adg.hard_fails_untranscripted - WARNING - hard_fails_untranscripted root_trace_id=p1 reason=context_manager_util
2026-03-17 16:07:39,978 - adg.hard_fails_untranscripted - WARNING - hard_fails_untranscripted root_trace_id=p1 reason=contextual_compressor_util
2026-03-17 16:07:39,983 - adg.hard_fails_untranscripted - WARNING - hard_fails_untranscripted root_trace_id=p1 reason=document_score_util
2026-03-17 16:07:39,991 - adg.hard_fails_untranscripted - WARNING - hard_fails_untranscripted root_trace_id=p1 reason=environment_util
2026-03-17 16:07:39,991 - adg.hard_fails_untranscripted - WARNING - hard_fails_untranscripted root_trace_id=p1 reason=etl_pipeline_util
2026-03-17 16:07:39,995 - adg.hard_fails_untranscripted - WARNING - hard_fails_untranscripted root_trace_id=p1 reason=feedback_category_util
2026-03-17 16:07:40,008 - adg.hard_fails_untranscripted - WARNING - hard_fails_untranscripted root_trace_id=p1 reason=format_observability_context_plan_type_util
2026-03-17 16:07:40,024 - adg.hard_fails_untranscripted - WARNING - hard_fails_untranscripted root_trace_id=p1 reason=graph_rag_fusion_util
2026-03-17 16:07:40,030 - adg.hard_fails_untranscripted - WARNING - hard_fails_untranscripted root_trace_id=p1 reason=health_check_types_util
2026-03-17 16:07:40,043 - adg.hard_fails_untranscripted - WARNING - hard_fails_untranscripted root_trace_id=p1 reason=input_guardrail_util
2026-03-17 16:07:40,049 - adg.hard_fails_untranscripted - WARNING - hard_fails_untranscripted root_trace_id=p1 reason=input_validator_util
2026-03-17 16:07:40,056 - adg.hard_fails_untranscripted - WARNING - hard_fails_untranscripted root_trace_id=p1 reason=late_interaction_reranker_util
2026-03-17 16:07:40,061 - adg.hard_fails_untranscripted - WARNING - hard_fails_untranscripted root_trace_id=p1 reason=metric_augmenter_util
2026-03-17 16:07:40,076 - adg.hard_fails_untranscripted - WARNING - hard_fails_untranscripted root_trace_id=p1 reason=metric_util
2026-03-17 16:07:40,076 - apps_shared.utils.metric_util - INFO - Initialized MetricConfig
2026-03-17 16:07:40,080 - adg.hard_fails_untranscripted - WARNING - hard_fails_untranscripted root_trace_id=p1 reason=model_visitor_util
2026-03-17 16:07:40,155 - adg.hard_fails_untranscripted - WARNING - hard_fails_untranscripted root_trace_id=p1 reason=mutation_phase_util
2026-03-17 16:07:40,172 - adg.hard_fails_untranscripted - WARNING - hard_fails_untranscripted root_trace_id=p1 reason=observability_type_util
2026-03-17 16:07:40,180 - adg.hard_fails_untranscripted - WARNING - hard_fails_untranscripted root_trace_id=p1 reason=open_telemetry_tracing_adapter_util
2026-03-17 16:07:40,187 - adg.hard_fails_untranscripted - WARNING - hard_fails_untranscripted root_trace_id=p1 reason=optimize_observability_order_plan_type_util
2026-03-17 16:07:40,193 - adg.hard_fails_untranscripted - WARNING - hard_fails_untranscripted root_trace_id=p1 reason=orchestration_mixin_util
2026-03-17 16:07:40,196 - adg.hard_fails_untranscripted - WARNING - hard_fails_untranscripted root_trace_id=p1 reason=performance_monitor_types_util
2026-03-17 16:07:40,208 - adg.hard_fails_untranscripted - WARNING - hard_fails_untranscripted root_trace_id=p1 reason=prompt_loader_util
2026-03-17 16:07:40,211 - adg.hard_fails_untranscripted - WARNING - hard_fails_untranscripted root_trace_id=p1 reason=prompt_registry_util
2026-03-17 16:07:40,221 - adg.hard_fails_untranscripted - WARNING - hard_fails_untranscripted root_trace_id=p1 reason=providers_google_genai_client_util
2026-03-17 16:07:40,223 - adg.hard_fails_untranscripted - WARNING - hard_fails_untranscripted root_trace_id=p1 reason=rank_data_components_plan_type_util
2026-03-17 16:07:40,228 - adg.hard_fails_untranscripted - WARNING - hard_fails_untranscripted root_trace_id=p1 reason=rank_observability_components_util
2026-03-17 16:07:40,230 - adg.hard_fails_untranscripted - WARNING - hard_fails_untranscripted root_trace_id=p1 reason=neo4j_store
2026-03-17 16:07:40,236 - adg.hard_fails_untranscripted - WARNING - hard_fails_untranscripted root_trace_id=p1 reason=relevance_scorer_util
2026-03-17 16:07:40,237 - adg.hard_fails_untranscripted - WARNING - hard_fails_untranscripted root_trace_id=p1 reason=request_type_util
2026-03-17 16:07:40,311 - adg.hard_fails_untranscripted - WARNING - hard_fails_untranscripted root_trace_id=p1 reason=resource_manager_types_util
2026-03-17 16:07:40,330 - adg.hard_fails_untranscripted - WARNING - hard_fails_untranscripted root_trace_id=p1 reason=router_factory_util
2026-03-17 16:07:40,337 - adg.hard_fails_untranscripted - WARNING - hard_fails_untranscripted root_trace_id=p1 reason=sdk_category_util
2026-03-17 16:07:40,345 - adg.hard_fails_untranscripted - WARNING - hard_fails_untranscripted root_trace_id=p1 reason=secure_config_manager_util
2026-03-17 16:07:40,350 - adg.hard_fails_untranscripted - WARNING - hard_fails_untranscripted root_trace_id=p1 reason=security_config_util
2026-03-17 16:07:40,357 - adg.hard_fails_untranscripted - WARNING - hard_fails_untranscripted root_trace_id=p1 reason=signal_weighter_util
2026-03-17 16:07:40,364 - adg.hard_fails_untranscripted - WARNING - hard_fails_untranscripted root_trace_id=p1 reason=sleeping_giant_util
2026-03-17 16:07:40,367 - adg.hard_fails_untranscripted - WARNING - hard_fails_untranscripted root_trace_id=p1 reason=state_persistence_error_util
2026-03-17 16:07:40,369 - adg.hard_fails_untranscripted - WARNING - hard_fails_untranscripted root_trace_id=p1 reason=stored_prompt_util
2026-03-17 16:07:40,374 - adg.hard_fails_untranscripted - WARNING - hard_fails_untranscripted root_trace_id=p1 reason=think_step_util
2026-03-17 16:07:40,381 - adg.hard_fails_untranscripted - WARNING - hard_fails_untranscripted root_trace_id=p1 reason=token_budget_util
2026-03-17 16:07:40,384 - adg.hard_fails_untranscripted - WARNING - hard_fails_untranscripted root_trace_id=p1 reason=tone_voice_util
2026-03-17 16:07:40,393 - adg.hard_fails_untranscripted - WARNING - hard_fails_untranscripted root_trace_id=p1 reason=underscore_visitor_util
2026-03-17 16:07:40,411 - adg.hard_fails_untranscripted - WARNING - hard_fails_untranscripted root_trace_id=p1 reason=validation_mixin_util
2026-03-17 16:07:40,414 - adg.hard_fails_untranscripted - WARNING - hard_fails_untranscripted root_trace_id=p1 reason=vector_memory_types_util
2026-03-17 16:07:40,417 - adg.hard_fails_untranscripted - WARNING - hard_fails_untranscripted root_trace_id=p1 reason=version_tag_util
2026-03-17 16:07:40,426 - adg.hard_fails_untranscripted - WARNING - hard_fails_untranscripted root_trace_id=p1 reason=cache_entry_validator
2026-03-17 16:07:40,433 - adg.hard_fails_untranscripted - WARNING - hard_fails_untranscripted root_trace_id=p1 reason=checkpoint_integrity_error_validator
2026-03-17 16:07:40,437 - adg.hard_fails_untranscripted - WARNING - hard_fails_untranscripted root_trace_id=p1 reason=evidence_ranker_validator
2026-03-17 16:07:40,441 - adg.hard_fails_untranscripted - WARNING - hard_fails_untranscripted root_trace_id=p1 reason=fact_ledger_validator
2026-03-17 16:07:40,450 - adg.hard_fails_untranscripted - WARNING - hard_fails_untranscripted root_trace_id=p1 reason=k_node_scanner_validator
2026-03-17 16:07:40,452 - adg.hard_fails_untranscripted - WARNING - hard_fails_untranscripted root_trace_id=p1 reason=knowledge_result_validator
2026-03-17 16:07:40,464 - adg.hard_fails_untranscripted - WARNING - hard_fails_untranscripted root_trace_id=p1 reason=talent_signal_enhancer_validator
2026-03-17 16:07:40,468 - adg.hard_fails_untranscripted - WARNING - hard_fails_untranscripted root_trace_id=p1 reason=validation_context_manager_validator
2026-03-17 16:14:36,369 - adg.hard_fails_untranscripted - WARNING - hard_fails_untranscripted root_trace_id=p1 reason=update_observability_usage_safety_type
2026-03-17 16:14:36,396 - adg.hard_fails_untranscripted - WARNING - hard_fails_untranscripted root_trace_id=p1 reason=cid_registry
2026-03-17 16:14:36,398 - adg.hard_fails_untranscripted - WARNING - hard_fails_untranscripted root_trace_id=p1 reason=determinism
2026-03-17 16:14:36,398 - adg.hard_fails_untranscripted - WARNING - hard_fails_untranscripted root_trace_id=p1 reason=determinism_util
2026-03-17 16:14:36,398 - adg.hard_fails_untranscripted - WARNING - hard_fails_untranscripted root_trace_id=p1 reason=base_spine_adapter
2026-03-17 16:14:36,398 - adg.hard_fails_untranscripted - WARNING - hard_fails_untranscripted root_trace_id=p1 reason=d0_engine_adapter
2026-03-17 16:14:36,400 - adg.hard_fails_untranscripted - WARNING - hard_fails_untranscripted root_trace_id=p1 reason=risk_gate_adapter
2026-03-17 16:14:36,401 - adg.hard_fails_untranscripted - WARNING - hard_fails_untranscripted root_trace_id=p1 reason=vigilance_dispatcher_adapter
2026-03-17 16:14:36,404 - adg.hard_fails_untranscripted - WARNING - hard_fails_untranscripted root_trace_id=p1 reason=test_apps_refactor
2026-03-17 16:14:36,418 - adg.hard_fails_untranscripted - WARNING - hard_fails_untranscripted root_trace_id=p1 reason=test_AgentRole_adg
2026-03-17 16:14:36,418 - adg.hard_fails_untranscripted - WARNING - hard_fails_untranscripted root_trace_id=p1 reason=AgentRole
2026-03-17 16:14:36,422 - adg.hard_fails_untranscripted - WARNING - hard_fails_untranscripted root_trace_id=p1 reason=test_adaptive_recovery_loop_types_adg
2026-03-17 16:14:36,422 - adg.hard_fails_untranscripted - WARNING - hard_fails_untranscripted root_trace_id=p1 reason=adaptive_recovery_loop_types
2026-03-17 16:14:36,426 - adg.hard_fails_untranscripted - WARNING - hard_fails_untranscripted root_trace_id=p1 reason=test_app_config_types_adg
2026-03-17 16:14:36,426 - adg.hard_fails_untranscripted - WARNING - hard_fails_untranscripted root_trace_id=p1 reason=app_config_types
2026-03-17 16:14:36,426 - root - WARNING - ⚠️ GEMINI_API_KEY not found in environment. API calls will fail.
2026-03-17 16:14:36,430 - root - WARNING - Optional config file 'C:\Git\Agentic-Workflow\apps_shared\types\artist_constraints.json' not found, returning empty dict
2026-03-17 16:14:36,430 - root - WARNING - Optional config file 'C:\Git\Agentic-Workflow\apps_shared\types\validator_rules.json' not found, returning empty dict
2026-03-17 16:14:36,431 - root - ERROR - CRITICAL: Prompts file not found. Tried: C:\Git\Agentic-Workflow\apps_shared\types\prompts.json and C:\Git\Agentic-Workflow\apps_shared\types\prompts.json. Halting.
2026-03-17 16:14:36,472 - adg.hard_fails_untranscripted - WARNING - hard_fails_untranscripted root_trace_id=p1 reason=test_config_format_types_adg
2026-03-17 16:14:36,474 - adg.hard_fails_untranscripted - WARNING - hard_fails_untranscripted root_trace_id=p1 reason=config_format_types
2026-03-17 16:14:36,476 - adg.hard_fails_untranscripted - WARNING - hard_fails_untranscripted root_trace_id=p1 reason=test_config_type_types_adg
2026-03-17 16:14:36,478 - adg.hard_fails_untranscripted - WARNING - hard_fails_untranscripted root_trace_id=p1 reason=config_type_types
2026-03-17 16:14:36,481 - adg.hard_fails_untranscripted - WARNING - hard_fails_untranscripted root_trace_id=p1 reason=context_match_type_types
2026-03-17 16:14:36,484 - adg.hard_fails_untranscripted - WARNING - hard_fails_untranscripted root_trace_id=p1 reason=coordinate_observability_operations_orchestrator_type
2026-03-17 16:14:36,486 - adg.hard_fails_untranscripted - WARNING - hard_fails_untranscripted root_trace_id=p1 reason=test_cost_alert_level_types_adg
2026-03-17 16:14:36,486 - adg.hard_fails_untranscripted - WARNING - hard_fails_untranscripted root_trace_id=p1 reason=cost_alert_level_types
2026-03-17 16:14:36,491 - adg.hard_fails_untranscripted - WARNING - hard_fails_untranscripted root_trace_id=p1 reason=test_event_bus_types_adg
2026-03-17 16:14:36,493 - adg.hard_fails_untranscripted - WARNING - hard_fails_untranscripted root_trace_id=p1 reason=event_bus_types
2026-03-17 16:14:36,496 - adg.hard_fails_untranscripted - WARNING - hard_fails_untranscripted root_trace_id=p1 reason=test_execution_orchestrator_types_adg
2026-03-17 16:14:36,498 - adg.hard_fails_untranscripted - WARNING - hard_fails_untranscripted root_trace_id=p1 reason=execution_type_types
2026-03-17 16:14:36,500 - adg.hard_fails_untranscripted - WARNING - hard_fails_untranscripted root_trace_id=p1 reason=test_feedback_loop_orchestrator_types_adg
2026-03-17 16:14:36,501 - adg.hard_fails_untranscripted - WARNING - hard_fails_untranscripted root_trace_id=p1 reason=feedback_loop_orchestrator_types
2026-03-17 16:14:36,504 - adg.hard_fails_untranscripted - WARNING - hard_fails_untranscripted root_trace_id=p1 reason=test_feedback_loop_types_adg
2026-03-17 16:14:36,504 - adg.hard_fails_untranscripted - WARNING - hard_fails_untranscripted root_trace_id=p1 reason=feedback_loop_types
2026-03-17 16:14:36,506 - adg.hard_fails_untranscripted - WARNING - hard_fails_untranscripted root_trace_id=p1 reason=test_golden_state_evaluator_types_adg
2026-03-17 16:14:36,508 - adg.hard_fails_untranscripted - WARNING - hard_fails_untranscripted root_trace_id=p1 reason=golden_state_evaluator_types
2026-03-17 16:14:36,514 - adg.hard_fails_untranscripted - WARNING - hard_fails_untranscripted root_trace_id=p1 reason=hardened_gemini_executor_types
2026-03-17 16:14:36,517 - adg.hard_fails_untranscripted - WARNING - hard_fails_untranscripted root_trace_id=p1 reason=test_health_status_types_adg
2026-03-17 16:14:36,517 - adg.hard_fails_untranscripted - WARNING - hard_fails_untranscripted root_trace_id=p1 reason=health_status_types
2026-03-17 16:14:36,520 - adg.hard_fails_untranscripted - WARNING - hard_fails_untranscripted root_trace_id=p1 reason=test_history_action_types_adg
2026-03-17 16:14:36,521 - adg.hard_fails_untranscripted - WARNING - hard_fails_untranscripted root_trace_id=p1 reason=history_action_types
2026-03-17 16:14:36,524 - adg.hard_fails_untranscripted - WARNING - hard_fails_untranscripted root_trace_id=p1 reason=test_hybrid_scorer_types_adg
2026-03-17 16:14:36,524 - adg.hard_fails_untranscripted - WARNING - hard_fails_untranscripted root_trace_id=p1 reason=hybrid_scorer_types
2026-03-17 16:14:36,526 - adg.hard_fails_untranscripted - WARNING - hard_fails_untranscripted root_trace_id=p1 reason=integration_layer_types
2026-03-17 16:14:36,528 - adg.hard_fails_untranscripted - WARNING - hard_fails_untranscripted root_trace_id=p1 reason=test_invocation_type_types_adg
2026-03-17 16:14:36,528 - adg.hard_fails_untranscripted - WARNING - hard_fails_untranscripted root_trace_id=p1 reason=invocation_type_types
2026-03-17 16:14:36,532 - adg.hard_fails_untranscripted - WARNING - hard_fails_untranscripted root_trace_id=p1 reason=test_json_exporter_types_adg
2026-03-17 16:14:36,534 - adg.hard_fails_untranscripted - WARNING - hard_fails_untranscripted root_trace_id=p1 reason=judge_evaluator_types
2026-03-17 16:14:36,537 - adg.hard_fails_untranscripted - WARNING - hard_fails_untranscripted root_trace_id=p1 reason=test_k_node_type_types_adg
2026-03-17 16:14:36,537 - adg.hard_fails_untranscripted - WARNING - hard_fails_untranscripted root_trace_id=p1 reason=k_node_type_types
2026-03-17 16:14:36,541 - adg.hard_fails_untranscripted - WARNING - hard_fails_untranscripted root_trace_id=p1 reason=test_kx_execution_context_types_adg
2026-03-17 16:14:36,543 - adg.hard_fails_untranscripted - WARNING - hard_fails_untranscripted root_trace_id=p1 reason=test_memory_manager_types_adg
2026-03-17 16:14:36,548 - adg.hard_fails_untranscripted - WARNING - hard_fails_untranscripted root_trace_id=p1 reason=memory_manager_types
2026-03-17 16:14:36,552 - adg.hard_fails_untranscripted - WARNING - hard_fails_untranscripted root_trace_id=p1 reason=test_model_router_types_adg
2026-03-17 16:14:36,553 - adg.hard_fails_untranscripted - WARNING - hard_fails_untranscripted root_trace_id=p1 reason=__init__
2026-03-17 16:14:36,553 - adg.hard_fails_untranscripted - WARNING - hard_fails_untranscripted root_trace_id=p1 reason=capability_registry
2026-03-17 16:14:36,555 - adg.hard_fails_untranscripted - WARNING - hard_fails_untranscripted root_trace_id=p1 reason=agent_handoff
2026-03-17 16:14:36,556 - adg.hard_fails_untranscripted - WARNING - hard_fails_untranscripted root_trace_id=p1 reason=orchestration_context
2026-03-17 16:14:36,557 - adg.hard_fails_untranscripted - WARNING - hard_fails_untranscripted root_trace_id=p1 reason=orchestration_handoff_contract
2026-03-17 16:14:36,558 - adg.hard_fails_untranscripted - WARNING - hard_fails_untranscripted root_trace_id=p1 reason=run_scoped_orchestration_ledger
2026-03-17 16:14:36,558 - adg.hard_fails_untranscripted - WARNING - hard_fails_untranscripted root_trace_id=p1 reason=__init__
2026-03-17 16:14:36,558 - adg.hard_fails_untranscripted - WARNING - hard_fails_untranscripted root_trace_id=p1 reason=__init__
2026-03-17 16:14:36,559 - adg.hard_fails_untranscripted - WARNING - hard_fails_untranscripted root_trace_id=p1 reason=__init__
2026-03-17 16:14:36,559 - adg.hard_fails_untranscripted - WARNING - hard_fails_untranscripted root_trace_id=p1 reason=mcp_manager
2026-03-17 16:14:36,559 - adg.hard_fails_untranscripted - WARNING - hard_fails_untranscripted root_trace_id=p1 reason=model_router_types
2026-03-17 16:14:36,562 - adg.hard_fails_untranscripted - WARNING - hard_fails_untranscripted root_trace_id=p1 reason=test_operation_category_types_adg
2026-03-17 16:14:36,562 - adg.hard_fails_untranscripted - WARNING - hard_fails_untranscripted root_trace_id=p1 reason=operation_category_types
2026-03-17 16:14:36,566 - adg.hard_fails_untranscripted - WARNING - hard_fails_untranscripted root_trace_id=p1 reason=test_operation_mode_types_adg
2026-03-17 16:14:36,567 - adg.hard_fails_untranscripted - WARNING - hard_fails_untranscripted root_trace_id=p1 reason=operation_mode_types
2026-03-17 16:14:36,569 - adg.hard_fails_untranscripted - WARNING - hard_fails_untranscripted root_trace_id=p1 reason=orchestrate_observability_planning_orchestrator_type
2026-03-17 16:14:36,572 - adg.hard_fails_untranscripted - WARNING - hard_fails_untranscripted root_trace_id=p1 reason=test_otlp_exporter_types_adg
2026-03-17 16:14:36,574 - adg.hard_fails_untranscripted - WARNING - hard_fails_untranscripted root_trace_id=p1 reason=test_pipeline_stage_status_types_adg
2026-03-17 16:14:36,574 - adg.hard_fails_untranscripted - WARNING - hard_fails_untranscripted root_trace_id=p1 reason=pipeline_stage_status_types
2026-03-17 16:14:36,583 - adg.hard_fails_untranscripted - WARNING - hard_fails_untranscripted root_trace_id=p1 reason=test_prompt_optimizer_types_adg
2026-03-17 16:14:36,583 - adg.hard_fails_untranscripted - WARNING - hard_fails_untranscripted root_trace_id=p1 reason=prompt_optimizer_types
2026-03-17 16:14:36,587 - adg.hard_fails_untranscripted - WARNING - hard_fails_untranscripted root_trace_id=p1 reason=test_rate_limiter_types_adg
2026-03-17 16:14:36,587 - adg.hard_fails_untranscripted - WARNING - hard_fails_untranscripted root_trace_id=p1 reason=rate_limiter_types
2026-03-17 16:14:36,590 - adg.hard_fails_untranscripted - WARNING - hard_fails_untranscripted root_trace_id=p1 reason=test_reasoning_output_adg
2026-03-17 16:14:36,592 - adg.hard_fails_untranscripted - WARNING - hard_fails_untranscripted root_trace_id=p1 reason=test_risk_level_types_adg
2026-03-17 16:14:36,592 - adg.hard_fails_untranscripted - WARNING - hard_fails_untranscripted root_trace_id=p1 reason=risk_level_types
2026-03-17 16:14:36,598 - adg.hard_fails_untranscripted - WARNING - hard_fails_untranscripted root_trace_id=p1 reason=test_schema_search_mode_types_adg
2026-03-17 16:14:36,598 - adg.hard_fails_untranscripted - WARNING - hard_fails_untranscripted root_trace_id=p1 reason=schema_search_mode_types
2026-03-17 16:14:36,601 - adg.hard_fails_untranscripted - WARNING - hard_fails_untranscripted root_trace_id=p1 reason=test_schema_type_types_adg
2026-03-17 16:14:36,602 - adg.hard_fails_untranscripted - WARNING - hard_fails_untranscripted root_trace_id=p1 reason=schema_type_types
2026-03-17 16:14:36,604 - adg.hard_fails_untranscripted - WARNING - hard_fails_untranscripted root_trace_id=p1 reason=test_self_healing_formatter_types_adg
2026-03-17 16:14:36,605 - adg.hard_fails_untranscripted - WARNING - hard_fails_untranscripted root_trace_id=p1 reason=self_healing_formatter_types
2026-03-17 16:14:36,608 - adg.hard_fails_untranscripted - WARNING - hard_fails_untranscripted root_trace_id=p1 reason=test_service_container_types_adg
2026-03-17 16:14:36,608 - adg.hard_fails_untranscripted - WARNING - hard_fails_untranscripted root_trace_id=p1 reason=service_container_types
2026-03-17 16:14:36,610 - adg.hard_fails_untranscripted - WARNING - hard_fails_untranscripted root_trace_id=p1 reason=test_similarity_method_types_adg
2026-03-17 16:14:36,610 - adg.hard_fails_untranscripted - WARNING - hard_fails_untranscripted root_trace_id=p1 reason=similarity_method_types
2026-03-17 16:14:36,680 - adg.hard_fails_untranscripted - WARNING - hard_fails_untranscripted root_trace_id=p1 reason=test_ssot_relocator_types_adg
2026-03-17 16:14:36,680 - adg.hard_fails_untranscripted - WARNING - hard_fails_untranscripted root_trace_id=p1 reason=ssot_relocator_types
2026-03-17 16:14:36,684 - adg.hard_fails_untranscripted - WARNING - hard_fails_untranscripted root_trace_id=p1 reason=test_standard_type_types_adg
2026-03-17 16:14:36,684 - adg.hard_fails_untranscripted - WARNING - hard_fails_untranscripted root_trace_id=p1 reason=standard_type_types
2026-03-17 16:14:36,687 - adg.hard_fails_untranscripted - WARNING - hard_fails_untranscripted root_trace_id=p1 reason=test_state_operation_types_adg
2026-03-17 16:14:36,687 - adg.hard_fails_untranscripted - WARNING - hard_fails_untranscripted root_trace_id=p1 reason=state_operation_types
2026-03-17 16:14:36,691 - adg.hard_fails_untranscripted - WARNING - hard_fails_untranscripted root_trace_id=p1 reason=test_tone_model_types_adg
2026-03-17 16:14:36,691 - adg.hard_fails_untranscripted - WARNING - hard_fails_untranscripted root_trace_id=p1 reason=tone_model_types
2026-03-17 16:14:36,696 - adg.hard_fails_untranscripted - WARNING - hard_fails_untranscripted root_trace_id=p1 reason=test_tool_category_types_adg
2026-03-17 16:14:36,696 - adg.hard_fails_untranscripted - WARNING - hard_fails_untranscripted root_trace_id=p1 reason=tool_category_types
2026-03-17 16:14:36,700 - adg.hard_fails_untranscripted - WARNING - hard_fails_untranscripted root_trace_id=p1 reason=test_tool_type_types_adg
2026-03-17 16:14:36,700 - adg.hard_fails_untranscripted - WARNING - hard_fails_untranscripted root_trace_id=p1 reason=tool_type_types
2026-03-17 16:14:36,704 - adg.hard_fails_untranscripted - WARNING - hard_fails_untranscripted root_trace_id=p1 reason=unified_formatter_types
2026-03-17 16:14:36,704 - adg.hard_fails_untranscripted - WARNING - hard_fails_untranscripted root_trace_id=p1 reason=test_unified_formatter_types_adg
2026-03-17 16:14:36,706 - adg.hard_fails_untranscripted - WARNING - hard_fails_untranscripted root_trace_id=p1 reason=test_validation_status_types_adg
2026-03-17 16:14:36,706 - adg.hard_fails_untranscripted - WARNING - hard_fails_untranscripted root_trace_id=p1 reason=validation_status_types
2026-03-17 16:14:37,173 - adg.hard_fails_untranscripted - WARNING - hard_fails_untranscripted root_trace_id=p1 reason=test_vector_similarity_result_types_adg
2026-03-17 16:14:37,195 - adg.hard_fails_untranscripted - WARNING - hard_fails_untranscripted root_trace_id=p1 reason=agent_interface_util
2026-03-17 16:14:37,202 - adg.hard_fails_untranscripted - WARNING - hard_fails_untranscripted root_trace_id=p1 reason=analysis_mixin_util
2026-03-17 16:14:37,206 - adg.hard_fails_untranscripted - WARNING - hard_fails_untranscripted root_trace_id=p1 reason=__init__
2026-03-17 16:14:37,207 - adg.hard_fails_untranscripted - WARNING - hard_fails_untranscripted root_trace_id=p1 reason=reasoning_knowledge
2026-03-17 16:14:37,207 - adg.hard_fails_untranscripted - WARNING - hard_fails_untranscripted root_trace_id=p1 reason=knowledge_orchestrator
2026-03-17 16:14:37,209 - adg.hard_fails_untranscripted - WARNING - hard_fails_untranscripted root_trace_id=p1 reason=__init__
2026-03-17 16:14:37,210 - adg.hard_fails_untranscripted - WARNING - hard_fails_untranscripted root_trace_id=p1 reason=reasoning_plan
2026-03-17 16:14:37,211 - adg.hard_fails_untranscripted - WARNING - hard_fails_untranscripted root_trace_id=p1 reason=plan_creator
2026-03-17 16:14:37,211 - adg.hard_fails_untranscripted - WARNING - hard_fails_untranscripted root_trace_id=p1 reason=__init__
2026-03-17 16:14:37,211 - adg.hard_fails_untranscripted - WARNING - hard_fails_untranscripted root_trace_id=p1 reason=__init__
2026-03-17 16:14:37,211 - adg.hard_fails_untranscripted - WARNING - hard_fails_untranscripted root_trace_id=p1 reason=action_request_types
2026-03-17 16:14:37,214 - adg.hard_fails_untranscripted - WARNING - hard_fails_untranscripted root_trace_id=p1 reason=__init__
2026-03-17 16:14:37,214 - adg.hard_fails_untranscripted - WARNING - hard_fails_untranscripted root_trace_id=p1 reason=__init__
2026-03-17 16:14:37,214 - adg.hard_fails_untranscripted - WARNING - hard_fails_untranscripted root_trace_id=p1 reason=app_base_util
2026-03-17 16:14:37,224 - adg.hard_fails_untranscripted - WARNING - hard_fails_untranscripted root_trace_id=p1 reason=async_coordinator_util
2026-03-17 16:14:37,233 - adg.hard_fails_untranscripted - WARNING - hard_fails_untranscripted root_trace_id=p1 reason=autonomous_sovereign_core_util
2026-03-17 16:14:37,236 - adg.hard_fails_untranscripted - WARNING - hard_fails_untranscripted root_trace_id=p1 reason=backup_manager_util
2026-03-17 16:14:37,237 - adg.hard_fails_untranscripted - WARNING - hard_fails_untranscripted root_trace_id=p1 reason=baggage_propagator_util
2026-03-17 16:14:37,248 - adg.hard_fails_untranscripted - WARNING - hard_fails_untranscripted root_trace_id=p1 reason=cache_metrics_util
2026-03-17 16:14:37,252 - adg.hard_fails_untranscripted - WARNING - hard_fails_untranscripted root_trace_id=p1 reason=collected_item_util
2026-03-17 16:14:37,252 - apps_shared.utils.collected_item_util - INFO - Initialized BaseCollector
2026-03-17 16:14:37,255 - adg.hard_fails_untranscripted - WARNING - hard_fails_untranscripted root_trace_id=p1 reason=config_environment_util
2026-03-17 16:14:37,318 - adg.hard_fails_untranscripted - WARNING - hard_fails_untranscripted root_trace_id=p1 reason=context_manager_util
2026-03-17 16:14:37,321 - adg.hard_fails_untranscripted - WARNING - hard_fails_untranscripted root_trace_id=p1 reason=contextual_compressor_util
2026-03-17 16:14:37,323 - adg.hard_fails_untranscripted - WARNING - hard_fails_untranscripted root_trace_id=p1 reason=document_score_util
2026-03-17 16:14:37,331 - adg.hard_fails_untranscripted - WARNING - hard_fails_untranscripted root_trace_id=p1 reason=environment_util
2026-03-17 16:14:37,333 - adg.hard_fails_untranscripted - WARNING - hard_fails_untranscripted root_trace_id=p1 reason=etl_pipeline_util
2026-03-17 16:14:37,336 - adg.hard_fails_untranscripted - WARNING - hard_fails_untranscripted root_trace_id=p1 reason=feedback_category_util
2026-03-17 16:14:37,347 - adg.hard_fails_untranscripted - WARNING - hard_fails_untranscripted root_trace_id=p1 reason=format_observability_context_plan_type_util
2026-03-17 16:14:37,365 - adg.hard_fails_untranscripted - WARNING - hard_fails_untranscripted root_trace_id=p1 reason=graph_rag_fusion_util
2026-03-17 16:14:37,371 - adg.hard_fails_untranscripted - WARNING - hard_fails_untranscripted root_trace_id=p1 reason=health_check_types_util
2026-03-17 16:14:37,383 - adg.hard_fails_untranscripted - WARNING - hard_fails_untranscripted root_trace_id=p1 reason=input_guardrail_util
2026-03-17 16:14:37,390 - adg.hard_fails_untranscripted - WARNING - hard_fails_untranscripted root_trace_id=p1 reason=input_validator_util
2026-03-17 16:14:37,398 - adg.hard_fails_untranscripted - WARNING - hard_fails_untranscripted root_trace_id=p1 reason=late_interaction_reranker_util
2026-03-17 16:14:37,404 - adg.hard_fails_untranscripted - WARNING - hard_fails_untranscripted root_trace_id=p1 reason=metric_augmenter_util
2026-03-17 16:14:37,418 - adg.hard_fails_untranscripted - WARNING - hard_fails_untranscripted root_trace_id=p1 reason=metric_util
2026-03-17 16:14:37,419 - apps_shared.utils.metric_util - INFO - Initialized MetricConfig
2026-03-17 16:14:37,421 - adg.hard_fails_untranscripted - WARNING - hard_fails_untranscripted root_trace_id=p1 reason=model_visitor_util
2026-03-17 16:14:37,495 - adg.hard_fails_untranscripted - WARNING - hard_fails_untranscripted root_trace_id=p1 reason=mutation_phase_util
2026-03-17 16:14:37,511 - adg.hard_fails_untranscripted - WARNING - hard_fails_untranscripted root_trace_id=p1 reason=observability_type_util
2026-03-17 16:14:37,520 - adg.hard_fails_untranscripted - WARNING - hard_fails_untranscripted root_trace_id=p1 reason=open_telemetry_tracing_adapter_util
2026-03-17 16:14:37,526 - adg.hard_fails_untranscripted - WARNING - hard_fails_untranscripted root_trace_id=p1 reason=optimize_observability_order_plan_type_util
2026-03-17 16:14:37,533 - adg.hard_fails_untranscripted - WARNING - hard_fails_untranscripted root_trace_id=p1 reason=orchestration_mixin_util
2026-03-17 16:14:37,536 - adg.hard_fails_untranscripted - WARNING - hard_fails_untranscripted root_trace_id=p1 reason=performance_monitor_types_util
2026-03-17 16:14:37,547 - adg.hard_fails_untranscripted - WARNING - hard_fails_untranscripted root_trace_id=p1 reason=prompt_loader_util
2026-03-17 16:14:37,552 - adg.hard_fails_untranscripted - WARNING - hard_fails_untranscripted root_trace_id=p1 reason=prompt_registry_util
2026-03-17 16:14:37,560 - adg.hard_fails_untranscripted - WARNING - hard_fails_untranscripted root_trace_id=p1 reason=providers_google_genai_client_util
2026-03-17 16:14:37,561 - adg.hard_fails_untranscripted - WARNING - hard_fails_untranscripted root_trace_id=p1 reason=rank_data_components_plan_type_util
2026-03-17 16:14:37,570 - adg.hard_fails_untranscripted - WARNING - hard_fails_untranscripted root_trace_id=p1 reason=rank_observability_components_util
2026-03-17 16:14:37,571 - adg.hard_fails_untranscripted - WARNING - hard_fails_untranscripted root_trace_id=p1 reason=neo4j_store
2026-03-17 16:14:37,576 - adg.hard_fails_untranscripted - WARNING - hard_fails_untranscripted root_trace_id=p1 reason=relevance_scorer_util
2026-03-17 16:14:37,649 - adg.hard_fails_untranscripted - WARNING - hard_fails_untranscripted root_trace_id=p1 reason=request_type_util
2026-03-17 16:14:37,659 - adg.hard_fails_untranscripted - WARNING - hard_fails_untranscripted root_trace_id=p1 reason=resource_manager_types_util
2026-03-17 16:14:37,676 - adg.hard_fails_untranscripted - WARNING - hard_fails_untranscripted root_trace_id=p1 reason=router_factory_util
2026-03-17 16:14:37,685 - adg.hard_fails_untranscripted - WARNING - hard_fails_untranscripted root_trace_id=p1 reason=sdk_category_util
2026-03-17 16:14:37,691 - adg.hard_fails_untranscripted - WARNING - hard_fails_untranscripted root_trace_id=p1 reason=secure_config_manager_util
2026-03-17 16:14:37,696 - adg.hard_fails_untranscripted - WARNING - hard_fails_untranscripted root_trace_id=p1 reason=security_config_util
2026-03-17 16:14:37,706 - adg.hard_fails_untranscripted - WARNING - hard_fails_untranscripted root_trace_id=p1 reason=signal_weighter_util
2026-03-17 16:14:37,711 - adg.hard_fails_untranscripted - WARNING - hard_fails_untranscripted root_trace_id=p1 reason=sleeping_giant_util
2026-03-17 16:14:37,715 - adg.hard_fails_untranscripted - WARNING - hard_fails_untranscripted root_trace_id=p1 reason=state_persistence_error_util
2026-03-17 16:14:37,717 - adg.hard_fails_untranscripted - WARNING - hard_fails_untranscripted root_trace_id=p1 reason=stored_prompt_util
2026-03-17 16:14:37,723 - adg.hard_fails_untranscripted - WARNING - hard_fails_untranscripted root_trace_id=p1 reason=think_step_util
2026-03-17 16:14:37,728 - adg.hard_fails_untranscripted - WARNING - hard_fails_untranscripted root_trace_id=p1 reason=token_budget_util
2026-03-17 16:14:37,732 - adg.hard_fails_untranscripted - WARNING - hard_fails_untranscripted root_trace_id=p1 reason=tone_voice_util
2026-03-17 16:14:37,740 - adg.hard_fails_untranscripted - WARNING - hard_fails_untranscripted root_trace_id=p1 reason=underscore_visitor_util
2026-03-17 16:14:37,759 - adg.hard_fails_untranscripted - WARNING - hard_fails_untranscripted root_trace_id=p1 reason=validation_mixin_util
2026-03-17 16:14:37,761 - adg.hard_fails_untranscripted - WARNING - hard_fails_untranscripted root_trace_id=p1 reason=vector_memory_types_util
2026-03-17 16:14:37,764 - adg.hard_fails_untranscripted - WARNING - hard_fails_untranscripted root_trace_id=p1 reason=version_tag_util
2026-03-17 16:14:37,773 - adg.hard_fails_untranscripted - WARNING - hard_fails_untranscripted root_trace_id=p1 reason=cache_entry_validator
2026-03-17 16:14:37,780 - adg.hard_fails_untranscripted - WARNING - hard_fails_untranscripted root_trace_id=p1 reason=checkpoint_integrity_error_validator
2026-03-17 16:14:37,783 - adg.hard_fails_untranscripted - WARNING - hard_fails_untranscripted root_trace_id=p1 reason=evidence_ranker_validator
2026-03-17 16:14:37,787 - adg.hard_fails_untranscripted - WARNING - hard_fails_untranscripted root_trace_id=p1 reason=fact_ledger_validator
2026-03-17 16:14:37,794 - adg.hard_fails_untranscripted - WARNING - hard_fails_untranscripted root_trace_id=p1 reason=k_node_scanner_validator
2026-03-17 16:14:37,796 - adg.hard_fails_untranscripted - WARNING - hard_fails_untranscripted root_trace_id=p1 reason=knowledge_result_validator
2026-03-17 16:14:37,807 - adg.hard_fails_untranscripted - WARNING - hard_fails_untranscripted root_trace_id=p1 reason=talent_signal_enhancer_validator
2026-03-17 16:14:37,810 - adg.hard_fails_untranscripted - WARNING - hard_fails_untranscripted root_trace_id=p1 reason=validation_context_manager_validator
2026-03-17 16:15:40,676 - adg.hard_fails_untranscripted - WARNING - hard_fails_untranscripted root_trace_id=p1 reason=update_observability_usage_safety_type
2026-03-17 16:15:40,708 - adg.hard_fails_untranscripted - WARNING - hard_fails_untranscripted root_trace_id=p1 reason=cid_registry
2026-03-17 16:15:40,709 - adg.hard_fails_untranscripted - WARNING - hard_fails_untranscripted root_trace_id=p1 reason=determinism
2026-03-17 16:15:40,709 - adg.hard_fails_untranscripted - WARNING - hard_fails_untranscripted root_trace_id=p1 reason=determinism_util
2026-03-17 16:15:40,709 - adg.hard_fails_untranscripted - WARNING - hard_fails_untranscripted root_trace_id=p1 reason=base_spine_adapter
2026-03-17 16:15:40,710 - adg.hard_fails_untranscripted - WARNING - hard_fails_untranscripted root_trace_id=p1 reason=d0_engine_adapter
2026-03-17 16:15:40,712 - adg.hard_fails_untranscripted - WARNING - hard_fails_untranscripted root_trace_id=p1 reason=risk_gate_adapter
2026-03-17 16:15:40,714 - adg.hard_fails_untranscripted - WARNING - hard_fails_untranscripted root_trace_id=p1 reason=vigilance_dispatcher_adapter
2026-03-17 16:15:40,716 - adg.hard_fails_untranscripted - WARNING - hard_fails_untranscripted root_trace_id=p1 reason=test_apps_refactor
2026-03-17 16:15:40,730 - adg.hard_fails_untranscripted - WARNING - hard_fails_untranscripted root_trace_id=p1 reason=test_AgentRole_adg
2026-03-17 16:15:40,730 - adg.hard_fails_untranscripted - WARNING - hard_fails_untranscripted root_trace_id=p1 reason=AgentRole
2026-03-17 16:15:40,733 - adg.hard_fails_untranscripted - WARNING - hard_fails_untranscripted root_trace_id=p1 reason=test_adaptive_recovery_loop_types_adg
2026-03-17 16:15:40,734 - adg.hard_fails_untranscripted - WARNING - hard_fails_untranscripted root_trace_id=p1 reason=adaptive_recovery_loop_types
2026-03-17 16:15:40,738 - adg.hard_fails_untranscripted - WARNING - hard_fails_untranscripted root_trace_id=p1 reason=test_app_config_types_adg
2026-03-17 16:15:40,739 - adg.hard_fails_untranscripted - WARNING - hard_fails_untranscripted root_trace_id=p1 reason=app_config_types
2026-03-17 16:15:40,739 - root - WARNING - ⚠️ GEMINI_API_KEY not found in environment. API calls will fail.
2026-03-17 16:15:40,743 - root - WARNING - Optional config file 'C:\Git\Agentic-Workflow\apps_shared\types\artist_constraints.json' not found, returning empty dict
2026-03-17 16:15:40,743 - root - WARNING - Optional config file 'C:\Git\Agentic-Workflow\apps_shared\types\validator_rules.json' not found, returning empty dict
2026-03-17 16:15:40,744 - root - ERROR - CRITICAL: Prompts file not found. Tried: C:\Git\Agentic-Workflow\apps_shared\types\prompts.json and C:\Git\Agentic-Workflow\apps_shared\types\prompts.json. Halting.
2026-03-17 16:15:40,787 - adg.hard_fails_untranscripted - WARNING - hard_fails_untranscripted root_trace_id=p1 reason=test_config_format_types_adg
2026-03-17 16:15:40,787 - adg.hard_fails_untranscripted - WARNING - hard_fails_untranscripted root_trace_id=p1 reason=config_format_types
2026-03-17 16:15:40,791 - adg.hard_fails_untranscripted - WARNING - hard_fails_untranscripted root_trace_id=p1 reason=test_config_type_types_adg
2026-03-17 16:15:40,791 - adg.hard_fails_untranscripted - WARNING - hard_fails_untranscripted root_trace_id=p1 reason=config_type_types
2026-03-17 16:15:40,796 - adg.hard_fails_untranscripted - WARNING - hard_fails_untranscripted root_trace_id=p1 reason=context_match_type_types
2026-03-17 16:15:40,798 - adg.hard_fails_untranscripted - WARNING - hard_fails_untranscripted root_trace_id=p1 reason=coordinate_observability_operations_orchestrator_type
2026-03-17 16:15:40,800 - adg.hard_fails_untranscripted - WARNING - hard_fails_untranscripted root_trace_id=p1 reason=test_cost_alert_level_types_adg
2026-03-17 16:15:40,801 - adg.hard_fails_untranscripted - WARNING - hard_fails_untranscripted root_trace_id=p1 reason=cost_alert_level_types
2026-03-17 16:15:40,806 - adg.hard_fails_untranscripted - WARNING - hard_fails_untranscripted root_trace_id=p1 reason=test_event_bus_types_adg
2026-03-17 16:15:40,806 - adg.hard_fails_untranscripted - WARNING - hard_fails_untranscripted root_trace_id=p1 reason=event_bus_types
2026-03-17 16:15:40,810 - adg.hard_fails_untranscripted - WARNING - hard_fails_untranscripted root_trace_id=p1 reason=test_execution_orchestrator_types_adg
2026-03-17 16:15:40,812 - adg.hard_fails_untranscripted - WARNING - hard_fails_untranscripted root_trace_id=p1 reason=execution_type_types
2026-03-17 16:15:40,816 - adg.hard_fails_untranscripted - WARNING - hard_fails_untranscripted root_trace_id=p1 reason=test_feedback_loop_orchestrator_types_adg
2026-03-17 16:15:40,816 - adg.hard_fails_untranscripted - WARNING - hard_fails_untranscripted root_trace_id=p1 reason=feedback_loop_orchestrator_types
2026-03-17 16:15:40,819 - adg.hard_fails_untranscripted - WARNING - hard_fails_untranscripted root_trace_id=p1 reason=test_feedback_loop_types_adg
2026-03-17 16:15:40,820 - adg.hard_fails_untranscripted - WARNING - hard_fails_untranscripted root_trace_id=p1 reason=feedback_loop_types
2026-03-17 16:15:40,822 - adg.hard_fails_untranscripted - WARNING - hard_fails_untranscripted root_trace_id=p1 reason=test_golden_state_evaluator_types_adg
2026-03-17 16:15:40,823 - adg.hard_fails_untranscripted - WARNING - hard_fails_untranscripted root_trace_id=p1 reason=golden_state_evaluator_types
2026-03-17 16:15:40,831 - adg.hard_fails_untranscripted - WARNING - hard_fails_untranscripted root_trace_id=p1 reason=hardened_gemini_executor_types
2026-03-17 16:15:40,834 - adg.hard_fails_untranscripted - WARNING - hard_fails_untranscripted root_trace_id=p1 reason=test_health_status_types_adg
2026-03-17 16:15:40,834 - adg.hard_fails_untranscripted - WARNING - hard_fails_untranscripted root_trace_id=p1 reason=health_status_types
2026-03-17 16:15:40,839 - adg.hard_fails_untranscripted - WARNING - hard_fails_untranscripted root_trace_id=p1 reason=test_history_action_types_adg
2026-03-17 16:15:40,839 - adg.hard_fails_untranscripted - WARNING - hard_fails_untranscripted root_trace_id=p1 reason=history_action_types
2026-03-17 16:15:40,842 - adg.hard_fails_untranscripted - WARNING - hard_fails_untranscripted root_trace_id=p1 reason=test_hybrid_scorer_types_adg
2026-03-17 16:15:40,843 - adg.hard_fails_untranscripted - WARNING - hard_fails_untranscripted root_trace_id=p1 reason=hybrid_scorer_types
2026-03-17 16:15:40,845 - adg.hard_fails_untranscripted - WARNING - hard_fails_untranscripted root_trace_id=p1 reason=integration_layer_types
2026-03-17 16:15:40,847 - adg.hard_fails_untranscripted - WARNING - hard_fails_untranscripted root_trace_id=p1 reason=test_invocation_type_types_adg
2026-03-17 16:15:40,847 - adg.hard_fails_untranscripted - WARNING - hard_fails_untranscripted root_trace_id=p1 reason=invocation_type_types
2026-03-17 16:15:40,850 - adg.hard_fails_untranscripted - WARNING - hard_fails_untranscripted root_trace_id=p1 reason=test_json_exporter_types_adg
2026-03-17 16:15:40,854 - adg.hard_fails_untranscripted - WARNING - hard_fails_untranscripted root_trace_id=p1 reason=judge_evaluator_types
2026-03-17 16:15:40,856 - adg.hard_fails_untranscripted - WARNING - hard_fails_untranscripted root_trace_id=p1 reason=test_k_node_type_types_adg
2026-03-17 16:15:40,856 - adg.hard_fails_untranscripted - WARNING - hard_fails_untranscripted root_trace_id=p1 reason=k_node_type_types
2026-03-17 16:15:40,860 - adg.hard_fails_untranscripted - WARNING - hard_fails_untranscripted root_trace_id=p1 reason=test_kx_execution_context_types_adg
2026-03-17 16:15:40,861 - adg.hard_fails_untranscripted - WARNING - hard_fails_untranscripted root_trace_id=p1 reason=test_memory_manager_types_adg
2026-03-17 16:15:40,869 - adg.hard_fails_untranscripted - WARNING - hard_fails_untranscripted root_trace_id=p1 reason=memory_manager_types
2026-03-17 16:15:40,873 - adg.hard_fails_untranscripted - WARNING - hard_fails_untranscripted root_trace_id=p1 reason=test_model_router_types_adg
2026-03-17 16:15:40,875 - adg.hard_fails_untranscripted - WARNING - hard_fails_untranscripted root_trace_id=p1 reason=__init__
2026-03-17 16:15:40,875 - adg.hard_fails_untranscripted - WARNING - hard_fails_untranscripted root_trace_id=p1 reason=capability_registry
2026-03-17 16:15:40,876 - adg.hard_fails_untranscripted - WARNING - hard_fails_untranscripted root_trace_id=p1 reason=agent_handoff
2026-03-17 16:15:40,877 - adg.hard_fails_untranscripted - WARNING - hard_fails_untranscripted root_trace_id=p1 reason=orchestration_context
2026-03-17 16:15:40,878 - adg.hard_fails_untranscripted - WARNING - hard_fails_untranscripted root_trace_id=p1 reason=orchestration_handoff_contract
2026-03-17 16:15:40,878 - adg.hard_fails_untranscripted - WARNING - hard_fails_untranscripted root_trace_id=p1 reason=run_scoped_orchestration_ledger
2026-03-17 16:15:40,880 - adg.hard_fails_untranscripted - WARNING - hard_fails_untranscripted root_trace_id=p1 reason=__init__
2026-03-17 16:15:40,880 - adg.hard_fails_untranscripted - WARNING - hard_fails_untranscripted root_trace_id=p1 reason=__init__
2026-03-17 16:15:40,880 - adg.hard_fails_untranscripted - WARNING - hard_fails_untranscripted root_trace_id=p1 reason=__init__
2026-03-17 16:15:40,880 - adg.hard_fails_untranscripted - WARNING - hard_fails_untranscripted root_trace_id=p1 reason=mcp_manager
2026-03-17 16:15:40,880 - adg.hard_fails_untranscripted - WARNING - hard_fails_untranscripted root_trace_id=p1 reason=model_router_types
2026-03-17 16:15:40,885 - adg.hard_fails_untranscripted - WARNING - hard_fails_untranscripted root_trace_id=p1 reason=test_operation_category_types_adg
2026-03-17 16:15:40,886 - adg.hard_fails_untranscripted - WARNING - hard_fails_untranscripted root_trace_id=p1 reason=operation_category_types
2026-03-17 16:15:40,889 - adg.hard_fails_untranscripted - WARNING - hard_fails_untranscripted root_trace_id=p1 reason=test_operation_mode_types_adg
2026-03-17 16:15:40,889 - adg.hard_fails_untranscripted - WARNING - hard_fails_untranscripted root_trace_id=p1 reason=operation_mode_types
2026-03-17 16:15:40,892 - adg.hard_fails_untranscripted - WARNING - hard_fails_untranscripted root_trace_id=p1 reason=orchestrate_observability_planning_orchestrator_type
2026-03-17 16:15:40,896 - adg.hard_fails_untranscripted - WARNING - hard_fails_untranscripted root_trace_id=p1 reason=test_otlp_exporter_types_adg
2026-03-17 16:15:40,898 - adg.hard_fails_untranscripted - WARNING - hard_fails_untranscripted root_trace_id=p1 reason=test_pipeline_stage_status_types_adg
2026-03-17 16:15:40,898 - adg.hard_fails_untranscripted - WARNING - hard_fails_untranscripted root_trace_id=p1 reason=pipeline_stage_status_types
2026-03-17 16:15:40,908 - adg.hard_fails_untranscripted - WARNING - hard_fails_untranscripted root_trace_id=p1 reason=test_prompt_optimizer_types_adg
2026-03-17 16:15:40,908 - adg.hard_fails_untranscripted - WARNING - hard_fails_untranscripted root_trace_id=p1 reason=prompt_optimizer_types
2026-03-17 16:15:40,912 - adg.hard_fails_untranscripted - WARNING - hard_fails_untranscripted root_trace_id=p1 reason=test_rate_limiter_types_adg
2026-03-17 16:15:40,914 - adg.hard_fails_untranscripted - WARNING - hard_fails_untranscripted root_trace_id=p1 reason=rate_limiter_types
2026-03-17 16:15:40,917 - adg.hard_fails_untranscripted - WARNING - hard_fails_untranscripted root_trace_id=p1 reason=test_reasoning_output_adg
2026-03-17 16:15:40,919 - adg.hard_fails_untranscripted - WARNING - hard_fails_untranscripted root_trace_id=p1 reason=test_risk_level_types_adg
2026-03-17 16:15:40,919 - adg.hard_fails_untranscripted - WARNING - hard_fails_untranscripted root_trace_id=p1 reason=risk_level_types
2026-03-17 16:15:40,924 - adg.hard_fails_untranscripted - WARNING - hard_fails_untranscripted root_trace_id=p1 reason=test_schema_search_mode_types_adg
2026-03-17 16:15:40,926 - adg.hard_fails_untranscripted - WARNING - hard_fails_untranscripted root_trace_id=p1 reason=schema_search_mode_types
2026-03-17 16:15:40,928 - adg.hard_fails_untranscripted - WARNING - hard_fails_untranscripted root_trace_id=p1 reason=test_schema_type_types_adg
2026-03-17 16:15:40,928 - adg.hard_fails_untranscripted - WARNING - hard_fails_untranscripted root_trace_id=p1 reason=schema_type_types
2026-03-17 16:15:40,932 - adg.hard_fails_untranscripted - WARNING - hard_fails_untranscripted root_trace_id=p1 reason=test_self_healing_formatter_types_adg
2026-03-17 16:15:40,932 - adg.hard_fails_untranscripted - WARNING - hard_fails_untranscripted root_trace_id=p1 reason=self_healing_formatter_types
2026-03-17 16:15:40,933 - adg.hard_fails_untranscripted - WARNING - hard_fails_untranscripted root_trace_id=p1 reason=test_service_container_types_adg
2026-03-17 16:15:40,935 - adg.hard_fails_untranscripted - WARNING - hard_fails_untranscripted root_trace_id=p1 reason=service_container_types
2026-03-17 16:15:40,937 - adg.hard_fails_untranscripted - WARNING - hard_fails_untranscripted root_trace_id=p1 reason=test_similarity_method_types_adg
2026-03-17 16:15:40,937 - adg.hard_fails_untranscripted - WARNING - hard_fails_untranscripted root_trace_id=p1 reason=similarity_method_types
2026-03-17 16:15:41,010 - adg.hard_fails_untranscripted - WARNING - hard_fails_untranscripted root_trace_id=p1 reason=test_ssot_relocator_types_adg
2026-03-17 16:15:41,010 - adg.hard_fails_untranscripted - WARNING - hard_fails_untranscripted root_trace_id=p1 reason=ssot_relocator_types
2026-03-17 16:15:41,012 - adg.hard_fails_untranscripted - WARNING - hard_fails_untranscripted root_trace_id=p1 reason=test_standard_type_types_adg
2026-03-17 16:15:41,013 - adg.hard_fails_untranscripted - WARNING - hard_fails_untranscripted root_trace_id=p1 reason=standard_type_types
2026-03-17 16:15:41,016 - adg.hard_fails_untranscripted - WARNING - hard_fails_untranscripted root_trace_id=p1 reason=test_state_operation_types_adg
2026-03-17 16:15:41,016 - adg.hard_fails_untranscripted - WARNING - hard_fails_untranscripted root_trace_id=p1 reason=state_operation_types
2026-03-17 16:15:41,021 - adg.hard_fails_untranscripted - WARNING - hard_fails_untranscripted root_trace_id=p1 reason=test_tone_model_types_adg
2026-03-17 16:15:41,021 - adg.hard_fails_untranscripted - WARNING - hard_fails_untranscripted root_trace_id=p1 reason=tone_model_types
2026-03-17 16:15:41,024 - adg.hard_fails_untranscripted - WARNING - hard_fails_untranscripted root_trace_id=p1 reason=test_tool_category_types_adg
2026-03-17 16:15:41,026 - adg.hard_fails_untranscripted - WARNING - hard_fails_untranscripted root_trace_id=p1 reason=tool_category_types
2026-03-17 16:15:41,028 - adg.hard_fails_untranscripted - WARNING - hard_fails_untranscripted root_trace_id=p1 reason=test_tool_type_types_adg
2026-03-17 16:15:41,028 - adg.hard_fails_untranscripted - WARNING - hard_fails_untranscripted root_trace_id=p1 reason=tool_type_types
2026-03-17 16:15:41,033 - adg.hard_fails_untranscripted - WARNING - hard_fails_untranscripted root_trace_id=p1 reason=unified_formatter_types
2026-03-17 16:15:41,033 - adg.hard_fails_untranscripted - WARNING - hard_fails_untranscripted root_trace_id=p1 reason=test_unified_formatter_types_adg
2026-03-17 16:15:41,035 - adg.hard_fails_untranscripted - WARNING - hard_fails_untranscripted root_trace_id=p1 reason=test_validation_status_types_adg
2026-03-17 16:15:41,036 - adg.hard_fails_untranscripted - WARNING - hard_fails_untranscripted root_trace_id=p1 reason=validation_status_types
2026-03-17 16:15:41,519 - adg.hard_fails_untranscripted - WARNING - hard_fails_untranscripted root_trace_id=p1 reason=test_vector_similarity_result_types_adg
2026-03-17 16:15:41,540 - adg.hard_fails_untranscripted - WARNING - hard_fails_untranscripted root_trace_id=p1 reason=agent_interface_util
2026-03-17 16:15:41,546 - adg.hard_fails_untranscripted - WARNING - hard_fails_untranscripted root_trace_id=p1 reason=analysis_mixin_util
2026-03-17 16:15:41,550 - adg.hard_fails_untranscripted - WARNING - hard_fails_untranscripted root_trace_id=p1 reason=__init__
2026-03-17 16:15:41,551 - adg.hard_fails_untranscripted - WARNING - hard_fails_untranscripted root_trace_id=p1 reason=reasoning_knowledge
2026-03-17 16:15:41,551 - adg.hard_fails_untranscripted - WARNING - hard_fails_untranscripted root_trace_id=p1 reason=knowledge_orchestrator
2026-03-17 16:15:41,552 - adg.hard_fails_untranscripted - WARNING - hard_fails_untranscripted root_trace_id=p1 reason=__init__
2026-03-17 16:15:41,554 - adg.hard_fails_untranscripted - WARNING - hard_fails_untranscripted root_trace_id=p1 reason=reasoning_plan
2026-03-17 16:15:41,556 - adg.hard_fails_untranscripted - WARNING - hard_fails_untranscripted root_trace_id=p1 reason=plan_creator
2026-03-17 16:15:41,557 - adg.hard_fails_untranscripted - WARNING - hard_fails_untranscripted root_trace_id=p1 reason=__init__
2026-03-17 16:15:41,557 - adg.hard_fails_untranscripted - WARNING - hard_fails_untranscripted root_trace_id=p1 reason=__init__
2026-03-17 16:15:41,557 - adg.hard_fails_untranscripted - WARNING - hard_fails_untranscripted root_trace_id=p1 reason=action_request_types
2026-03-17 16:15:41,559 - adg.hard_fails_untranscripted - WARNING - hard_fails_untranscripted root_trace_id=p1 reason=__init__
2026-03-17 16:15:41,559 - adg.hard_fails_untranscripted - WARNING - hard_fails_untranscripted root_trace_id=p1 reason=__init__
2026-03-17 16:15:41,559 - adg.hard_fails_untranscripted - WARNING - hard_fails_untranscripted root_trace_id=p1 reason=app_base_util
2026-03-17 16:15:41,568 - adg.hard_fails_untranscripted - WARNING - hard_fails_untranscripted root_trace_id=p1 reason=async_coordinator_util
2026-03-17 16:15:41,578 - adg.hard_fails_untranscripted - WARNING - hard_fails_untranscripted root_trace_id=p1 reason=autonomous_sovereign_core_util
2026-03-17 16:15:41,580 - adg.hard_fails_untranscripted - WARNING - hard_fails_untranscripted root_trace_id=p1 reason=backup_manager_util
2026-03-17 16:15:41,583 - adg.hard_fails_untranscripted - WARNING - hard_fails_untranscripted root_trace_id=p1 reason=baggage_propagator_util
2026-03-17 16:15:41,593 - adg.hard_fails_untranscripted - WARNING - hard_fails_untranscripted root_trace_id=p1 reason=cache_metrics_util
2026-03-17 16:15:41,597 - adg.hard_fails_untranscripted - WARNING - hard_fails_untranscripted root_trace_id=p1 reason=collected_item_util
2026-03-17 16:15:41,597 - apps_shared.utils.collected_item_util - INFO - Initialized BaseCollector
2026-03-17 16:15:41,600 - adg.hard_fails_untranscripted - WARNING - hard_fails_untranscripted root_trace_id=p1 reason=config_environment_util
2026-03-17 16:15:41,669 - adg.hard_fails_untranscripted - WARNING - hard_fails_untranscripted root_trace_id=p1 reason=context_manager_util
2026-03-17 16:15:41,672 - adg.hard_fails_untranscripted - WARNING - hard_fails_untranscripted root_trace_id=p1 reason=contextual_compressor_util
2026-03-17 16:15:41,674 - adg.hard_fails_untranscripted - WARNING - hard_fails_untranscripted root_trace_id=p1 reason=document_score_util
2026-03-17 16:15:41,683 - adg.hard_fails_untranscripted - WARNING - hard_fails_untranscripted root_trace_id=p1 reason=environment_util
2026-03-17 16:15:41,685 - adg.hard_fails_untranscripted - WARNING - hard_fails_untranscripted root_trace_id=p1 reason=etl_pipeline_util
2026-03-17 16:15:41,687 - adg.hard_fails_untranscripted - WARNING - hard_fails_untranscripted root_trace_id=p1 reason=feedback_category_util
2026-03-17 16:15:41,700 - adg.hard_fails_untranscripted - WARNING - hard_fails_untranscripted root_trace_id=p1 reason=format_observability_context_plan_type_util
2026-03-17 16:15:41,717 - adg.hard_fails_untranscripted - WARNING - hard_fails_untranscripted root_trace_id=p1 reason=graph_rag_fusion_util
2026-03-17 16:15:41,724 - adg.hard_fails_untranscripted - WARNING - hard_fails_untranscripted root_trace_id=p1 reason=health_check_types_util
2026-03-17 16:15:41,737 - adg.hard_fails_untranscripted - WARNING - hard_fails_untranscripted root_trace_id=p1 reason=input_guardrail_util
2026-03-17 16:15:41,743 - adg.hard_fails_untranscripted - WARNING - hard_fails_untranscripted root_trace_id=p1 reason=input_validator_util
2026-03-17 16:15:41,750 - adg.hard_fails_untranscripted - WARNING - hard_fails_untranscripted root_trace_id=p1 reason=late_interaction_reranker_util
2026-03-17 16:15:41,756 - adg.hard_fails_untranscripted - WARNING - hard_fails_untranscripted root_trace_id=p1 reason=metric_augmenter_util
2026-03-17 16:15:41,771 - adg.hard_fails_untranscripted - WARNING - hard_fails_untranscripted root_trace_id=p1 reason=metric_util
2026-03-17 16:15:41,771 - apps_shared.utils.metric_util - INFO - Initialized MetricConfig
2026-03-17 16:15:41,774 - adg.hard_fails_untranscripted - WARNING - hard_fails_untranscripted root_trace_id=p1 reason=model_visitor_util
2026-03-17 16:15:41,852 - adg.hard_fails_untranscripted - WARNING - hard_fails_untranscripted root_trace_id=p1 reason=mutation_phase_util
2026-03-17 16:15:41,868 - adg.hard_fails_untranscripted - WARNING - hard_fails_untranscripted root_trace_id=p1 reason=observability_type_util
2026-03-17 16:15:41,878 - adg.hard_fails_untranscripted - WARNING - hard_fails_untranscripted root_trace_id=p1 reason=open_telemetry_tracing_adapter_util
2026-03-17 16:15:41,884 - adg.hard_fails_untranscripted - WARNING - hard_fails_untranscripted root_trace_id=p1 reason=optimize_observability_order_plan_type_util
2026-03-17 16:15:41,891 - adg.hard_fails_untranscripted - WARNING - hard_fails_untranscripted root_trace_id=p1 reason=orchestration_mixin_util
2026-03-17 16:15:41,894 - adg.hard_fails_untranscripted - WARNING - hard_fails_untranscripted root_trace_id=p1 reason=performance_monitor_types_util
2026-03-17 16:15:41,906 - adg.hard_fails_untranscripted - WARNING - hard_fails_untranscripted root_trace_id=p1 reason=prompt_loader_util
2026-03-17 16:15:41,910 - adg.hard_fails_untranscripted - WARNING - hard_fails_untranscripted root_trace_id=p1 reason=prompt_registry_util
2026-03-17 16:15:41,918 - adg.hard_fails_untranscripted - WARNING - hard_fails_untranscripted root_trace_id=p1 reason=providers_google_genai_client_util
2026-03-17 16:15:41,920 - adg.hard_fails_untranscripted - WARNING - hard_fails_untranscripted root_trace_id=p1 reason=rank_data_components_plan_type_util
2026-03-17 16:15:41,926 - adg.hard_fails_untranscripted - WARNING - hard_fails_untranscripted root_trace_id=p1 reason=rank_observability_components_util
2026-03-17 16:15:41,928 - adg.hard_fails_untranscripted - WARNING - hard_fails_untranscripted root_trace_id=p1 reason=neo4j_store
2026-03-17 16:15:41,933 - adg.hard_fails_untranscripted - WARNING - hard_fails_untranscripted root_trace_id=p1 reason=relevance_scorer_util
2026-03-17 16:15:42,014 - adg.hard_fails_untranscripted - WARNING - hard_fails_untranscripted root_trace_id=p1 reason=request_type_util
2026-03-17 16:15:42,024 - adg.hard_fails_untranscripted - WARNING - hard_fails_untranscripted root_trace_id=p1 reason=resource_manager_types_util
2026-03-17 16:15:42,042 - adg.hard_fails_untranscripted - WARNING - hard_fails_untranscripted root_trace_id=p1 reason=router_factory_util
2026-03-17 16:15:42,052 - adg.hard_fails_untranscripted - WARNING - hard_fails_untranscripted root_trace_id=p1 reason=sdk_category_util
2026-03-17 16:15:42,058 - adg.hard_fails_untranscripted - WARNING - hard_fails_untranscripted root_trace_id=p1 reason=secure_config_manager_util
2026-03-17 16:15:42,063 - adg.hard_fails_untranscripted - WARNING - hard_fails_untranscripted root_trace_id=p1 reason=security_config_util
2026-03-17 16:15:42,072 - adg.hard_fails_untranscripted - WARNING - hard_fails_untranscripted root_trace_id=p1 reason=signal_weighter_util
2026-03-17 16:15:42,078 - adg.hard_fails_untranscripted - WARNING - hard_fails_untranscripted root_trace_id=p1 reason=sleeping_giant_util
2026-03-17 16:15:42,080 - adg.hard_fails_untranscripted - WARNING - hard_fails_untranscripted root_trace_id=p1 reason=state_persistence_error_util
2026-03-17 16:15:42,083 - adg.hard_fails_untranscripted - WARNING - hard_fails_untranscripted root_trace_id=p1 reason=stored_prompt_util
2026-03-17 16:15:42,089 - adg.hard_fails_untranscripted - WARNING - hard_fails_untranscripted root_trace_id=p1 reason=think_step_util
2026-03-17 16:15:42,096 - adg.hard_fails_untranscripted - WARNING - hard_fails_untranscripted root_trace_id=p1 reason=token_budget_util
2026-03-17 16:15:42,098 - adg.hard_fails_untranscripted - WARNING - hard_fails_untranscripted root_trace_id=p1 reason=tone_voice_util
2026-03-17 16:15:42,106 - adg.hard_fails_untranscripted - WARNING - hard_fails_untranscripted root_trace_id=p1 reason=underscore_visitor_util
2026-03-17 16:15:42,126 - adg.hard_fails_untranscripted - WARNING - hard_fails_untranscripted root_trace_id=p1 reason=validation_mixin_util
2026-03-17 16:15:42,128 - adg.hard_fails_untranscripted - WARNING - hard_fails_untranscripted root_trace_id=p1 reason=vector_memory_types_util
2026-03-17 16:15:42,131 - adg.hard_fails_untranscripted - WARNING - hard_fails_untranscripted root_trace_id=p1 reason=version_tag_util
2026-03-17 16:15:42,141 - adg.hard_fails_untranscripted - WARNING - hard_fails_untranscripted root_trace_id=p1 reason=cache_entry_validator
2026-03-17 16:15:42,148 - adg.hard_fails_untranscripted - WARNING - hard_fails_untranscripted root_trace_id=p1 reason=checkpoint_integrity_error_validator
2026-03-17 16:15:42,150 - adg.hard_fails_untranscripted - WARNING - hard_fails_untranscripted root_trace_id=p1 reason=evidence_ranker_validator
2026-03-17 16:15:42,154 - adg.hard_fails_untranscripted - WARNING - hard_fails_untranscripted root_trace_id=p1 reason=fact_ledger_validator
2026-03-17 16:15:42,161 - adg.hard_fails_untranscripted - WARNING - hard_fails_untranscripted root_trace_id=p1 reason=k_node_scanner_validator
2026-03-17 16:15:42,164 - adg.hard_fails_untranscripted - WARNING - hard_fails_untranscripted root_trace_id=p1 reason=knowledge_result_validator
2026-03-17 16:15:42,174 - adg.hard_fails_untranscripted - WARNING - hard_fails_untranscripted root_trace_id=p1 reason=talent_signal_enhancer_validator
2026-03-17 16:15:42,178 - adg.hard_fails_untranscripted - WARNING - hard_fails_untranscripted root_trace_id=p1 reason=validation_context_manager_validator
2026-03-17 17:15:54,160 - root - ERROR - CRITICAL: Prompts file not found. Tried: C:\Git\Agentic-Workflow\apps_shared\types\prompts.json and C:\Git\Agentic-Workflow\apps_shared\types\prompts.json. Halting.
2026-03-17 17:17:05,772 - root - ERROR - CRITICAL: Prompts file not found. Tried: C:\Git\Agentic-Workflow\apps_shared\types\prompts.json and C:\Git\Agentic-Workflow\apps_shared\types\prompts.json. Halting.
2026-03-17 17:18:13,965 - root - ERROR - CRITICAL: Prompts file not found. Tried: C:\Git\Agentic-Workflow\apps_shared\types\prompts.json and C:\Git\Agentic-Workflow\apps_shared\types\prompts.json. Halting.
2026-03-17 17:24:30,386 - root - WARNING - ⚠️ GEMINI_API_KEY not found in environment. API calls will fail.
2026-03-17 17:24:30,389 - root - WARNING - Optional config file 'C:\Git\Agentic-Workflow\apps_shared\types\artist_constraints.json' not found, returning empty dict
2026-03-17 17:24:30,389 - root - WARNING - Optional config file 'C:\Git\Agentic-Workflow\apps_shared\types\validator_rules.json' not found, returning empty dict
2026-03-17 17:24:30,389 - root - ERROR - CRITICAL: Prompts file not found. Tried: C:\Git\Agentic-Workflow\apps_shared\types\prompts.json and C:\Git\Agentic-Workflow\apps_shared\types\prompts.json. Halting.
2026-03-17 17:24:31,246 - apps_shared.utils.collected_item_util - INFO - Initialized BaseCollector
2026-03-17 17:24:31,420 - apps_shared.utils.metric_util - INFO - Initialized MetricConfig
2026-03-17 17:30:36,996 - root - WARNING - ⚠️ GEMINI_API_KEY not found in environment. API calls will fail.
2026-03-17 17:30:36,998 - root - WARNING - Optional config file 'C:\Git\Agentic-Workflow\apps_shared\types\artist_constraints.json' not found, returning empty dict
2026-03-17 17:30:36,998 - root - WARNING - Optional config file 'C:\Git\Agentic-Workflow\apps_shared\types\validator_rules.json' not found, returning empty dict
2026-03-17 17:30:36,998 - root - WARNING - Optional config file 'C:\Git\Agentic-Workflow\apps_shared\types\prompts.json' not found, returning empty dict
2026-03-17 17:30:37,777 - apps_shared.utils.collected_item_util - INFO - Initialized BaseCollector
2026-03-17 17:30:37,946 - apps_shared.utils.metric_util - INFO - Initialized MetricConfig
2026-03-17 17:30:55,761 - root - WARNING - ⚠️ GEMINI_API_KEY not found in environment. API calls will fail.
2026-03-17 17:30:55,763 - root - WARNING - Optional config file 'C:\Git\Agentic-Workflow\apps_shared\types\artist_constraints.json' not found, returning empty dict
2026-03-17 17:30:55,763 - root - WARNING - Optional config file 'C:\Git\Agentic-Workflow\apps_shared\types\validator_rules.json' not found, returning empty dict
2026-03-17 17:30:55,765 - root - WARNING - Optional config file 'C:\Git\Agentic-Workflow\apps_shared\types\prompts.json' not found, returning empty dict
2026-03-17 17:30:56,586 - apps_shared.utils.collected_item_util - INFO - Initialized BaseCollector
2026-03-17 17:30:56,700 - apps_shared.utils.metric_util - INFO - Initialized MetricConfig
2026-03-17 17:32:46,088 - root - WARNING - ⚠️ GEMINI_API_KEY not found in environment. API calls will fail.
2026-03-17 17:32:46,093 - root - WARNING - Optional config file 'C:\Git\Agentic-Workflow\apps_shared\types\artist_constraints.json' not found, returning empty dict
2026-03-17 17:32:46,093 - root - WARNING - Optional config file 'C:\Git\Agentic-Workflow\apps_shared\types\validator_rules.json' not found, returning empty dict
2026-03-17 17:32:46,093 - root - WARNING - Optional config file 'C:\Git\Agentic-Workflow\apps_shared\types\prompts.json' not found, returning empty dict
2026-03-17 17:32:46,917 - apps_shared.utils.collected_item_util - INFO - Initialized BaseCollector
2026-03-17 17:32:47,032 - apps_shared.utils.metric_util - INFO - Initialized MetricConfig
